generated_id,seed_no,variant_index,reference,original_expression,generated_expression,generation_type,distinct_operands_renamed
1,1,1,2021-Transition algebra,(A1 [] A2 [] A3)3/{#LEN==3},(X001V01O01 [] X001V01O02 [] X001V01O03)3/{#LEN==3},operand-renamed_same-structure,3
2,1,2,2021-Transition algebra,(A1 [] A2 [] A3)3/{#LEN==3},(X001V02O01 [] X001V02O02 [] X001V02O03)3/{#LEN==3},operand-renamed_same-structure,3
3,1,3,2021-Transition algebra,(A1 [] A2 [] A3)3/{#LEN==3},(X001V03O01 [] X001V03O02 [] X001V03O03)3/{#LEN==3},operand-renamed_same-structure,3
4,1,4,2021-Transition algebra,(A1 [] A2 [] A3)3/{#LEN==3},(X001V04O01 [] X001V04O02 [] X001V04O03)3/{#LEN==3},operand-renamed_same-structure,3
5,1,5,2021-Transition algebra,(A1 [] A2 [] A3)3/{#LEN==3},(X001V05O01 [] X001V05O02 [] X001V05O03)3/{#LEN==3},operand-renamed_same-structure,3
6,1,6,2021-Transition algebra,(A1 [] A2 [] A3)3/{#LEN==3},(X001V06O01 [] X001V06O02 [] X001V06O03)3/{#LEN==3},operand-renamed_same-structure,3
7,1,7,2021-Transition algebra,(A1 [] A2 [] A3)3/{#LEN==3},(X001V07O01 [] X001V07O02 [] X001V07O03)3/{#LEN==3},operand-renamed_same-structure,3
8,1,8,2021-Transition algebra,(A1 [] A2 [] A3)3/{#LEN==3},(X001V08O01 [] X001V08O02 [] X001V08O03)3/{#LEN==3},operand-renamed_same-structure,3
9,1,9,2021-Transition algebra,(A1 [] A2 [] A3)3/{#LEN==3},(X001V09O01 [] X001V09O02 [] X001V09O03)3/{#LEN==3},operand-renamed_same-structure,3
10,1,10,2021-Transition algebra,(A1 [] A2 [] A3)3/{#LEN==3},(X001V10O01 [] X001V10O02 [] X001V10O03)3/{#LEN==3},operand-renamed_same-structure,3
11,1,11,2021-Transition algebra,(A1 [] A2 [] A3)3/{#LEN==3},(X001V11O01 [] X001V11O02 [] X001V11O03)3/{#LEN==3},operand-renamed_same-structure,3
12,1,12,2021-Transition algebra,(A1 [] A2 [] A3)3/{#LEN==3},(X001V12O01 [] X001V12O02 [] X001V12O03)3/{#LEN==3},operand-renamed_same-structure,3
13,1,13,2021-Transition algebra,(A1 [] A2 [] A3)3/{#LEN==3},(X001V13O01 [] X001V13O02 [] X001V13O03)3/{#LEN==3},operand-renamed_same-structure,3
14,1,14,2021-Transition algebra,(A1 [] A2 [] A3)3/{#LEN==3},(X001V14O01 [] X001V14O02 [] X001V14O03)3/{#LEN==3},operand-renamed_same-structure,3
15,1,15,2021-Transition algebra,(A1 [] A2 [] A3)3/{#LEN==3},(X001V15O01 [] X001V15O02 [] X001V15O03)3/{#LEN==3},operand-renamed_same-structure,3
16,1,16,2021-Transition algebra,(A1 [] A2 [] A3)3/{#LEN==3},(X001V16O01 [] X001V16O02 [] X001V16O03)3/{#LEN==3},operand-renamed_same-structure,3
17,1,17,2021-Transition algebra,(A1 [] A2 [] A3)3/{#LEN==3},(X001V17O01 [] X001V17O02 [] X001V17O03)3/{#LEN==3},operand-renamed_same-structure,3
18,1,18,2021-Transition algebra,(A1 [] A2 [] A3)3/{#LEN==3},(X001V18O01 [] X001V18O02 [] X001V18O03)3/{#LEN==3},operand-renamed_same-structure,3
19,1,19,2021-Transition algebra,(A1 [] A2 [] A3)3/{#LEN==3},(X001V19O01 [] X001V19O02 [] X001V19O03)3/{#LEN==3},operand-renamed_same-structure,3
20,1,20,2021-Transition algebra,(A1 [] A2 [] A3)3/{#LEN==3},(X001V20O01 [] X001V20O02 [] X001V20O03)3/{#LEN==3},operand-renamed_same-structure,3
21,1,21,2021-Transition algebra,(A1 [] A2 [] A3)3/{#LEN==3},(X001V21O01 [] X001V21O02 [] X001V21O03)3/{#LEN==3},operand-renamed_same-structure,3
22,1,22,2021-Transition algebra,(A1 [] A2 [] A3)3/{#LEN==3},(X001V22O01 [] X001V22O02 [] X001V22O03)3/{#LEN==3},operand-renamed_same-structure,3
23,1,23,2021-Transition algebra,(A1 [] A2 [] A3)3/{#LEN==3},(X001V23O01 [] X001V23O02 [] X001V23O03)3/{#LEN==3},operand-renamed_same-structure,3
24,1,24,2021-Transition algebra,(A1 [] A2 [] A3)3/{#LEN==3},(X001V24O01 [] X001V24O02 [] X001V24O03)3/{#LEN==3},operand-renamed_same-structure,3
25,2,1,,a||b||c,X002V01O01||X002V01O02||X002V01O03,operand-renamed_same-structure,3
26,2,2,,a||b||c,X002V02O01||X002V02O02||X002V02O03,operand-renamed_same-structure,3
27,2,3,,a||b||c,X002V03O01||X002V03O02||X002V03O03,operand-renamed_same-structure,3
28,2,4,,a||b||c,X002V04O01||X002V04O02||X002V04O03,operand-renamed_same-structure,3
29,2,5,,a||b||c,X002V05O01||X002V05O02||X002V05O03,operand-renamed_same-structure,3
30,2,6,,a||b||c,X002V06O01||X002V06O02||X002V06O03,operand-renamed_same-structure,3
31,2,7,,a||b||c,X002V07O01||X002V07O02||X002V07O03,operand-renamed_same-structure,3
32,2,8,,a||b||c,X002V08O01||X002V08O02||X002V08O03,operand-renamed_same-structure,3
33,2,9,,a||b||c,X002V09O01||X002V09O02||X002V09O03,operand-renamed_same-structure,3
34,2,10,,a||b||c,X002V10O01||X002V10O02||X002V10O03,operand-renamed_same-structure,3
35,2,11,,a||b||c,X002V11O01||X002V11O02||X002V11O03,operand-renamed_same-structure,3
36,2,12,,a||b||c,X002V12O01||X002V12O02||X002V12O03,operand-renamed_same-structure,3
37,2,13,,a||b||c,X002V13O01||X002V13O02||X002V13O03,operand-renamed_same-structure,3
38,2,14,,a||b||c,X002V14O01||X002V14O02||X002V14O03,operand-renamed_same-structure,3
39,2,15,,a||b||c,X002V15O01||X002V15O02||X002V15O03,operand-renamed_same-structure,3
40,2,16,,a||b||c,X002V16O01||X002V16O02||X002V16O03,operand-renamed_same-structure,3
41,2,17,,a||b||c,X002V17O01||X002V17O02||X002V17O03,operand-renamed_same-structure,3
42,2,18,,a||b||c,X002V18O01||X002V18O02||X002V18O03,operand-renamed_same-structure,3
43,2,19,,a||b||c,X002V19O01||X002V19O02||X002V19O03,operand-renamed_same-structure,3
44,2,20,,a||b||c,X002V20O01||X002V20O02||X002V20O03,operand-renamed_same-structure,3
45,2,21,,a||b||c,X002V21O01||X002V21O02||X002V21O03,operand-renamed_same-structure,3
46,2,22,,a||b||c,X002V22O01||X002V22O02||X002V22O03,operand-renamed_same-structure,3
47,2,23,,a||b||c,X002V23O01||X002V23O02||X002V23O03,operand-renamed_same-structure,3
48,3,1,,abc(de)5fg(hij!)5k,X003V01O01(X003V01O02)5X003V01O03(X003V01O04!)5X003V01O05,operand-renamed_same-structure,5
49,3,2,,abc(de)5fg(hij!)5k,X003V02O01(X003V02O02)5X003V02O03(X003V02O04!)5X003V02O05,operand-renamed_same-structure,5
50,3,3,,abc(de)5fg(hij!)5k,X003V03O01(X003V03O02)5X003V03O03(X003V03O04!)5X003V03O05,operand-renamed_same-structure,5
51,3,4,,abc(de)5fg(hij!)5k,X003V04O01(X003V04O02)5X003V04O03(X003V04O04!)5X003V04O05,operand-renamed_same-structure,5
52,3,5,,abc(de)5fg(hij!)5k,X003V05O01(X003V05O02)5X003V05O03(X003V05O04!)5X003V05O05,operand-renamed_same-structure,5
53,3,6,,abc(de)5fg(hij!)5k,X003V06O01(X003V06O02)5X003V06O03(X003V06O04!)5X003V06O05,operand-renamed_same-structure,5
54,3,7,,abc(de)5fg(hij!)5k,X003V07O01(X003V07O02)5X003V07O03(X003V07O04!)5X003V07O05,operand-renamed_same-structure,5
55,3,8,,abc(de)5fg(hij!)5k,X003V08O01(X003V08O02)5X003V08O03(X003V08O04!)5X003V08O05,operand-renamed_same-structure,5
56,3,9,,abc(de)5fg(hij!)5k,X003V09O01(X003V09O02)5X003V09O03(X003V09O04!)5X003V09O05,operand-renamed_same-structure,5
57,3,10,,abc(de)5fg(hij!)5k,X003V10O01(X003V10O02)5X003V10O03(X003V10O04!)5X003V10O05,operand-renamed_same-structure,5
58,3,11,,abc(de)5fg(hij!)5k,X003V11O01(X003V11O02)5X003V11O03(X003V11O04!)5X003V11O05,operand-renamed_same-structure,5
59,3,12,,abc(de)5fg(hij!)5k,X003V12O01(X003V12O02)5X003V12O03(X003V12O04!)5X003V12O05,operand-renamed_same-structure,5
60,3,13,,abc(de)5fg(hij!)5k,X003V13O01(X003V13O02)5X003V13O03(X003V13O04!)5X003V13O05,operand-renamed_same-structure,5
61,3,14,,abc(de)5fg(hij!)5k,X003V14O01(X003V14O02)5X003V14O03(X003V14O04!)5X003V14O05,operand-renamed_same-structure,5
62,3,15,,abc(de)5fg(hij!)5k,X003V15O01(X003V15O02)5X003V15O03(X003V15O04!)5X003V15O05,operand-renamed_same-structure,5
63,3,16,,abc(de)5fg(hij!)5k,X003V16O01(X003V16O02)5X003V16O03(X003V16O04!)5X003V16O05,operand-renamed_same-structure,5
64,3,17,,abc(de)5fg(hij!)5k,X003V17O01(X003V17O02)5X003V17O03(X003V17O04!)5X003V17O05,operand-renamed_same-structure,5
65,3,18,,abc(de)5fg(hij!)5k,X003V18O01(X003V18O02)5X003V18O03(X003V18O04!)5X003V18O05,operand-renamed_same-structure,5
66,3,19,,abc(de)5fg(hij!)5k,X003V19O01(X003V19O02)5X003V19O03(X003V19O04!)5X003V19O05,operand-renamed_same-structure,5
67,3,20,,abc(de)5fg(hij!)5k,X003V20O01(X003V20O02)5X003V20O03(X003V20O04!)5X003V20O05,operand-renamed_same-structure,5
68,3,21,,abc(de)5fg(hij!)5k,X003V21O01(X003V21O02)5X003V21O03(X003V21O04!)5X003V21O05,operand-renamed_same-structure,5
69,3,22,,abc(de)5fg(hij!)5k,X003V22O01(X003V22O02)5X003V22O03(X003V22O04!)5X003V22O05,operand-renamed_same-structure,5
70,3,23,,abc(de)5fg(hij!)5k,X003V23O01(X003V23O02)5X003V23O03(X003V23O04!)5X003V23O05,operand-renamed_same-structure,5
71,3,24,,abc(de)5fg(hij!)5k,X003V24O01(X003V24O02)5X003V24O03(X003V24O04!)5X003V24O05,operand-renamed_same-structure,5
72,4,1,,(abcedfhi|agi)/{+b+d+},(X004V01O01|X004V01O02)/{+b+d+},operand-renamed_same-structure,2
73,4,2,,(abcedfhi|agi)/{+b+d+},(X004V02O01|X004V02O02)/{+b+d+},operand-renamed_same-structure,2
74,4,3,,(abcedfhi|agi)/{+b+d+},(X004V03O01|X004V03O02)/{+b+d+},operand-renamed_same-structure,2
75,4,4,,(abcedfhi|agi)/{+b+d+},(X004V04O01|X004V04O02)/{+b+d+},operand-renamed_same-structure,2
76,4,5,,(abcedfhi|agi)/{+b+d+},(X004V05O01|X004V05O02)/{+b+d+},operand-renamed_same-structure,2
77,4,6,,(abcedfhi|agi)/{+b+d+},(X004V06O01|X004V06O02)/{+b+d+},operand-renamed_same-structure,2
78,4,7,,(abcedfhi|agi)/{+b+d+},(X004V07O01|X004V07O02)/{+b+d+},operand-renamed_same-structure,2
79,4,8,,(abcedfhi|agi)/{+b+d+},(X004V08O01|X004V08O02)/{+b+d+},operand-renamed_same-structure,2
80,4,9,,(abcedfhi|agi)/{+b+d+},(X004V09O01|X004V09O02)/{+b+d+},operand-renamed_same-structure,2
81,4,10,,(abcedfhi|agi)/{+b+d+},(X004V10O01|X004V10O02)/{+b+d+},operand-renamed_same-structure,2
82,4,11,,(abcedfhi|agi)/{+b+d+},(X004V11O01|X004V11O02)/{+b+d+},operand-renamed_same-structure,2
83,4,12,,(abcedfhi|agi)/{+b+d+},(X004V12O01|X004V12O02)/{+b+d+},operand-renamed_same-structure,2
84,4,13,,(abcedfhi|agi)/{+b+d+},(X004V13O01|X004V13O02)/{+b+d+},operand-renamed_same-structure,2
85,4,14,,(abcedfhi|agi)/{+b+d+},(X004V14O01|X004V14O02)/{+b+d+},operand-renamed_same-structure,2
86,4,15,,(abcedfhi|agi)/{+b+d+},(X004V15O01|X004V15O02)/{+b+d+},operand-renamed_same-structure,2
87,4,16,,(abcedfhi|agi)/{+b+d+},(X004V16O01|X004V16O02)/{+b+d+},operand-renamed_same-structure,2
88,4,17,,(abcedfhi|agi)/{+b+d+},(X004V17O01|X004V17O02)/{+b+d+},operand-renamed_same-structure,2
89,4,18,,(abcedfhi|agi)/{+b+d+},(X004V18O01|X004V18O02)/{+b+d+},operand-renamed_same-structure,2
90,4,19,,(abcedfhi|agi)/{+b+d+},(X004V19O01|X004V19O02)/{+b+d+},operand-renamed_same-structure,2
91,4,20,,(abcedfhi|agi)/{+b+d+},(X004V20O01|X004V20O02)/{+b+d+},operand-renamed_same-structure,2
92,4,21,,(abcedfhi|agi)/{+b+d+},(X004V21O01|X004V21O02)/{+b+d+},operand-renamed_same-structure,2
93,4,22,,(abcedfhi|agi)/{+b+d+},(X004V22O01|X004V22O02)/{+b+d+},operand-renamed_same-structure,2
94,4,23,,(abcedfhi|agi)/{+b+d+},(X004V23O01|X004V23O02)/{+b+d+},operand-renamed_same-structure,2
95,5,1,,(C*F*)*|(F*C*)*,(X005V01O01*X005V01O02*)*|(X005V01O02*X005V01O01*)*,operand-renamed_same-structure,2
96,5,2,,(C*F*)*|(F*C*)*,(X005V02O01*X005V02O02*)*|(X005V02O02*X005V02O01*)*,operand-renamed_same-structure,2
97,5,3,,(C*F*)*|(F*C*)*,(X005V03O01*X005V03O02*)*|(X005V03O02*X005V03O01*)*,operand-renamed_same-structure,2
98,5,4,,(C*F*)*|(F*C*)*,(X005V04O01*X005V04O02*)*|(X005V04O02*X005V04O01*)*,operand-renamed_same-structure,2
99,5,5,,(C*F*)*|(F*C*)*,(X005V05O01*X005V05O02*)*|(X005V05O02*X005V05O01*)*,operand-renamed_same-structure,2
100,5,6,,(C*F*)*|(F*C*)*,(X005V06O01*X005V06O02*)*|(X005V06O02*X005V06O01*)*,operand-renamed_same-structure,2
101,5,7,,(C*F*)*|(F*C*)*,(X005V07O01*X005V07O02*)*|(X005V07O02*X005V07O01*)*,operand-renamed_same-structure,2
102,5,8,,(C*F*)*|(F*C*)*,(X005V08O01*X005V08O02*)*|(X005V08O02*X005V08O01*)*,operand-renamed_same-structure,2
103,5,9,,(C*F*)*|(F*C*)*,(X005V09O01*X005V09O02*)*|(X005V09O02*X005V09O01*)*,operand-renamed_same-structure,2
104,5,10,,(C*F*)*|(F*C*)*,(X005V10O01*X005V10O02*)*|(X005V10O02*X005V10O01*)*,operand-renamed_same-structure,2
105,5,11,,(C*F*)*|(F*C*)*,(X005V11O01*X005V11O02*)*|(X005V11O02*X005V11O01*)*,operand-renamed_same-structure,2
106,5,12,,(C*F*)*|(F*C*)*,(X005V12O01*X005V12O02*)*|(X005V12O02*X005V12O01*)*,operand-renamed_same-structure,2
107,5,13,,(C*F*)*|(F*C*)*,(X005V13O01*X005V13O02*)*|(X005V13O02*X005V13O01*)*,operand-renamed_same-structure,2
108,5,14,,(C*F*)*|(F*C*)*,(X005V14O01*X005V14O02*)*|(X005V14O02*X005V14O01*)*,operand-renamed_same-structure,2
109,5,15,,(C*F*)*|(F*C*)*,(X005V15O01*X005V15O02*)*|(X005V15O02*X005V15O01*)*,operand-renamed_same-structure,2
110,5,16,,(C*F*)*|(F*C*)*,(X005V16O01*X005V16O02*)*|(X005V16O02*X005V16O01*)*,operand-renamed_same-structure,2
111,5,17,,(C*F*)*|(F*C*)*,(X005V17O01*X005V17O02*)*|(X005V17O02*X005V17O01*)*,operand-renamed_same-structure,2
112,5,18,,(C*F*)*|(F*C*)*,(X005V18O01*X005V18O02*)*|(X005V18O02*X005V18O01*)*,operand-renamed_same-structure,2
113,5,19,,(C*F*)*|(F*C*)*,(X005V19O01*X005V19O02*)*|(X005V19O02*X005V19O01*)*,operand-renamed_same-structure,2
114,5,20,,(C*F*)*|(F*C*)*,(X005V20O01*X005V20O02*)*|(X005V20O02*X005V20O01*)*,operand-renamed_same-structure,2
115,5,21,,(C*F*)*|(F*C*)*,(X005V21O01*X005V21O02*)*|(X005V21O02*X005V21O01*)*,operand-renamed_same-structure,2
116,5,22,,(C*F*)*|(F*C*)*,(X005V22O01*X005V22O02*)*|(X005V22O02*X005V22O01*)*,operand-renamed_same-structure,2
117,5,23,,(C*F*)*|(F*C*)*,(X005V23O01*X005V23O02*)*|(X005V23O02*X005V23O01*)*,operand-renamed_same-structure,2
118,5,24,,(C*F*)*|(F*C*)*,(X005V24O01*X005V24O02*)*|(X005V24O02*X005V24O01*)*,operand-renamed_same-structure,2
119,6,1,2017-A study for extended regular expression-based testing,(a.(b.c.(d.e){1~n-1}.f.h | g)){0~n-1}.i,(X006V01O01.(X006V01O02.X006V01O03.(X006V01O04.X006V01O05){1~n-1}.X006V01O06.X006V01O07 | X006V01O08)){0~n-1}.X006V01O09,operand-renamed_same-structure,9
120,6,2,2017-A study for extended regular expression-based testing,(a.(b.c.(d.e){1~n-1}.f.h | g)){0~n-1}.i,(X006V02O01.(X006V02O02.X006V02O03.(X006V02O04.X006V02O05){1~n-1}.X006V02O06.X006V02O07 | X006V02O08)){0~n-1}.X006V02O09,operand-renamed_same-structure,9
121,6,3,2017-A study for extended regular expression-based testing,(a.(b.c.(d.e){1~n-1}.f.h | g)){0~n-1}.i,(X006V03O01.(X006V03O02.X006V03O03.(X006V03O04.X006V03O05){1~n-1}.X006V03O06.X006V03O07 | X006V03O08)){0~n-1}.X006V03O09,operand-renamed_same-structure,9
122,6,4,2017-A study for extended regular expression-based testing,(a.(b.c.(d.e){1~n-1}.f.h | g)){0~n-1}.i,(X006V04O01.(X006V04O02.X006V04O03.(X006V04O04.X006V04O05){1~n-1}.X006V04O06.X006V04O07 | X006V04O08)){0~n-1}.X006V04O09,operand-renamed_same-structure,9
123,6,5,2017-A study for extended regular expression-based testing,(a.(b.c.(d.e){1~n-1}.f.h | g)){0~n-1}.i,(X006V05O01.(X006V05O02.X006V05O03.(X006V05O04.X006V05O05){1~n-1}.X006V05O06.X006V05O07 | X006V05O08)){0~n-1}.X006V05O09,operand-renamed_same-structure,9
124,6,6,2017-A study for extended regular expression-based testing,(a.(b.c.(d.e){1~n-1}.f.h | g)){0~n-1}.i,(X006V06O01.(X006V06O02.X006V06O03.(X006V06O04.X006V06O05){1~n-1}.X006V06O06.X006V06O07 | X006V06O08)){0~n-1}.X006V06O09,operand-renamed_same-structure,9
125,6,7,2017-A study for extended regular expression-based testing,(a.(b.c.(d.e){1~n-1}.f.h | g)){0~n-1}.i,(X006V07O01.(X006V07O02.X006V07O03.(X006V07O04.X006V07O05){1~n-1}.X006V07O06.X006V07O07 | X006V07O08)){0~n-1}.X006V07O09,operand-renamed_same-structure,9
126,6,8,2017-A study for extended regular expression-based testing,(a.(b.c.(d.e){1~n-1}.f.h | g)){0~n-1}.i,(X006V08O01.(X006V08O02.X006V08O03.(X006V08O04.X006V08O05){1~n-1}.X006V08O06.X006V08O07 | X006V08O08)){0~n-1}.X006V08O09,operand-renamed_same-structure,9
127,6,9,2017-A study for extended regular expression-based testing,(a.(b.c.(d.e){1~n-1}.f.h | g)){0~n-1}.i,(X006V09O01.(X006V09O02.X006V09O03.(X006V09O04.X006V09O05){1~n-1}.X006V09O06.X006V09O07 | X006V09O08)){0~n-1}.X006V09O09,operand-renamed_same-structure,9
128,6,10,2017-A study for extended regular expression-based testing,(a.(b.c.(d.e){1~n-1}.f.h | g)){0~n-1}.i,(X006V10O01.(X006V10O02.X006V10O03.(X006V10O04.X006V10O05){1~n-1}.X006V10O06.X006V10O07 | X006V10O08)){0~n-1}.X006V10O09,operand-renamed_same-structure,9
129,6,11,2017-A study for extended regular expression-based testing,(a.(b.c.(d.e){1~n-1}.f.h | g)){0~n-1}.i,(X006V11O01.(X006V11O02.X006V11O03.(X006V11O04.X006V11O05){1~n-1}.X006V11O06.X006V11O07 | X006V11O08)){0~n-1}.X006V11O09,operand-renamed_same-structure,9
130,6,12,2017-A study for extended regular expression-based testing,(a.(b.c.(d.e){1~n-1}.f.h | g)){0~n-1}.i,(X006V12O01.(X006V12O02.X006V12O03.(X006V12O04.X006V12O05){1~n-1}.X006V12O06.X006V12O07 | X006V12O08)){0~n-1}.X006V12O09,operand-renamed_same-structure,9
131,6,13,2017-A study for extended regular expression-based testing,(a.(b.c.(d.e){1~n-1}.f.h | g)){0~n-1}.i,(X006V13O01.(X006V13O02.X006V13O03.(X006V13O04.X006V13O05){1~n-1}.X006V13O06.X006V13O07 | X006V13O08)){0~n-1}.X006V13O09,operand-renamed_same-structure,9
132,6,14,2017-A study for extended regular expression-based testing,(a.(b.c.(d.e){1~n-1}.f.h | g)){0~n-1}.i,(X006V14O01.(X006V14O02.X006V14O03.(X006V14O04.X006V14O05){1~n-1}.X006V14O06.X006V14O07 | X006V14O08)){0~n-1}.X006V14O09,operand-renamed_same-structure,9
133,6,15,2017-A study for extended regular expression-based testing,(a.(b.c.(d.e){1~n-1}.f.h | g)){0~n-1}.i,(X006V15O01.(X006V15O02.X006V15O03.(X006V15O04.X006V15O05){1~n-1}.X006V15O06.X006V15O07 | X006V15O08)){0~n-1}.X006V15O09,operand-renamed_same-structure,9
134,6,16,2017-A study for extended regular expression-based testing,(a.(b.c.(d.e){1~n-1}.f.h | g)){0~n-1}.i,(X006V16O01.(X006V16O02.X006V16O03.(X006V16O04.X006V16O05){1~n-1}.X006V16O06.X006V16O07 | X006V16O08)){0~n-1}.X006V16O09,operand-renamed_same-structure,9
135,6,17,2017-A study for extended regular expression-based testing,(a.(b.c.(d.e){1~n-1}.f.h | g)){0~n-1}.i,(X006V17O01.(X006V17O02.X006V17O03.(X006V17O04.X006V17O05){1~n-1}.X006V17O06.X006V17O07 | X006V17O08)){0~n-1}.X006V17O09,operand-renamed_same-structure,9
136,6,18,2017-A study for extended regular expression-based testing,(a.(b.c.(d.e){1~n-1}.f.h | g)){0~n-1}.i,(X006V18O01.(X006V18O02.X006V18O03.(X006V18O04.X006V18O05){1~n-1}.X006V18O06.X006V18O07 | X006V18O08)){0~n-1}.X006V18O09,operand-renamed_same-structure,9
137,6,19,2017-A study for extended regular expression-based testing,(a.(b.c.(d.e){1~n-1}.f.h | g)){0~n-1}.i,(X006V19O01.(X006V19O02.X006V19O03.(X006V19O04.X006V19O05){1~n-1}.X006V19O06.X006V19O07 | X006V19O08)){0~n-1}.X006V19O09,operand-renamed_same-structure,9
138,6,20,2017-A study for extended regular expression-based testing,(a.(b.c.(d.e){1~n-1}.f.h | g)){0~n-1}.i,(X006V20O01.(X006V20O02.X006V20O03.(X006V20O04.X006V20O05){1~n-1}.X006V20O06.X006V20O07 | X006V20O08)){0~n-1}.X006V20O09,operand-renamed_same-structure,9
139,6,21,2017-A study for extended regular expression-based testing,(a.(b.c.(d.e){1~n-1}.f.h | g)){0~n-1}.i,(X006V21O01.(X006V21O02.X006V21O03.(X006V21O04.X006V21O05){1~n-1}.X006V21O06.X006V21O07 | X006V21O08)){0~n-1}.X006V21O09,operand-renamed_same-structure,9
140,6,22,2017-A study for extended regular expression-based testing,(a.(b.c.(d.e){1~n-1}.f.h | g)){0~n-1}.i,(X006V22O01.(X006V22O02.X006V22O03.(X006V22O04.X006V22O05){1~n-1}.X006V22O06.X006V22O07 | X006V22O08)){0~n-1}.X006V22O09,operand-renamed_same-structure,9
141,6,23,2017-A study for extended regular expression-based testing,(a.(b.c.(d.e){1~n-1}.f.h | g)){0~n-1}.i,(X006V23O01.(X006V23O02.X006V23O03.(X006V23O04.X006V23O05){1~n-1}.X006V23O06.X006V23O07 | X006V23O08)){0~n-1}.X006V23O09,operand-renamed_same-structure,9
142,7,1,2018-An Approach to Automatic Test Case Generation,(ab(c+d)*),(X007V01O01(X007V01O02+X007V01O03)*),operand-renamed_same-structure,3
143,7,2,2018-An Approach to Automatic Test Case Generation,(ab(c+d)*),(X007V02O01(X007V02O02+X007V02O03)*),operand-renamed_same-structure,3
144,7,3,2018-An Approach to Automatic Test Case Generation,(ab(c+d)*),(X007V03O01(X007V03O02+X007V03O03)*),operand-renamed_same-structure,3
145,7,4,2018-An Approach to Automatic Test Case Generation,(ab(c+d)*),(X007V04O01(X007V04O02+X007V04O03)*),operand-renamed_same-structure,3
146,7,5,2018-An Approach to Automatic Test Case Generation,(ab(c+d)*),(X007V05O01(X007V05O02+X007V05O03)*),operand-renamed_same-structure,3
147,7,6,2018-An Approach to Automatic Test Case Generation,(ab(c+d)*),(X007V06O01(X007V06O02+X007V06O03)*),operand-renamed_same-structure,3
148,7,7,2018-An Approach to Automatic Test Case Generation,(ab(c+d)*),(X007V07O01(X007V07O02+X007V07O03)*),operand-renamed_same-structure,3
149,7,8,2018-An Approach to Automatic Test Case Generation,(ab(c+d)*),(X007V08O01(X007V08O02+X007V08O03)*),operand-renamed_same-structure,3
150,7,9,2018-An Approach to Automatic Test Case Generation,(ab(c+d)*),(X007V09O01(X007V09O02+X007V09O03)*),operand-renamed_same-structure,3
151,7,10,2018-An Approach to Automatic Test Case Generation,(ab(c+d)*),(X007V10O01(X007V10O02+X007V10O03)*),operand-renamed_same-structure,3
152,7,11,2018-An Approach to Automatic Test Case Generation,(ab(c+d)*),(X007V11O01(X007V11O02+X007V11O03)*),operand-renamed_same-structure,3
153,7,12,2018-An Approach to Automatic Test Case Generation,(ab(c+d)*),(X007V12O01(X007V12O02+X007V12O03)*),operand-renamed_same-structure,3
154,7,13,2018-An Approach to Automatic Test Case Generation,(ab(c+d)*),(X007V13O01(X007V13O02+X007V13O03)*),operand-renamed_same-structure,3
155,7,14,2018-An Approach to Automatic Test Case Generation,(ab(c+d)*),(X007V14O01(X007V14O02+X007V14O03)*),operand-renamed_same-structure,3
156,7,15,2018-An Approach to Automatic Test Case Generation,(ab(c+d)*),(X007V15O01(X007V15O02+X007V15O03)*),operand-renamed_same-structure,3
157,7,16,2018-An Approach to Automatic Test Case Generation,(ab(c+d)*),(X007V16O01(X007V16O02+X007V16O03)*),operand-renamed_same-structure,3
158,7,17,2018-An Approach to Automatic Test Case Generation,(ab(c+d)*),(X007V17O01(X007V17O02+X007V17O03)*),operand-renamed_same-structure,3
159,7,18,2018-An Approach to Automatic Test Case Generation,(ab(c+d)*),(X007V18O01(X007V18O02+X007V18O03)*),operand-renamed_same-structure,3
160,7,19,2018-An Approach to Automatic Test Case Generation,(ab(c+d)*),(X007V19O01(X007V19O02+X007V19O03)*),operand-renamed_same-structure,3
161,7,20,2018-An Approach to Automatic Test Case Generation,(ab(c+d)*),(X007V20O01(X007V20O02+X007V20O03)*),operand-renamed_same-structure,3
162,7,21,2018-An Approach to Automatic Test Case Generation,(ab(c+d)*),(X007V21O01(X007V21O02+X007V21O03)*),operand-renamed_same-structure,3
163,7,22,2018-An Approach to Automatic Test Case Generation,(ab(c+d)*),(X007V22O01(X007V22O02+X007V22O03)*),operand-renamed_same-structure,3
164,7,23,2018-An Approach to Automatic Test Case Generation,(ab(c+d)*),(X007V23O01(X007V23O02+X007V23O03)*),operand-renamed_same-structure,3
165,8,1,,(ab(c+d)1~2),(X008V01O01(X008V01O02+X008V01O03)1~700800104),operand-renamed_same-structure,4
166,8,2,,(ab(c+d)1~2),(X008V02O01(X008V02O02+X008V02O03)1~700800204),operand-renamed_same-structure,4
167,8,3,,(ab(c+d)1~2),(X008V03O01(X008V03O02+X008V03O03)1~700800304),operand-renamed_same-structure,4
168,8,4,,(ab(c+d)1~2),(X008V04O01(X008V04O02+X008V04O03)1~700800404),operand-renamed_same-structure,4
169,8,5,,(ab(c+d)1~2),(X008V05O01(X008V05O02+X008V05O03)1~700800504),operand-renamed_same-structure,4
170,8,6,,(ab(c+d)1~2),(X008V06O01(X008V06O02+X008V06O03)1~700800604),operand-renamed_same-structure,4
171,8,7,,(ab(c+d)1~2),(X008V07O01(X008V07O02+X008V07O03)1~700800704),operand-renamed_same-structure,4
172,8,8,,(ab(c+d)1~2),(X008V08O01(X008V08O02+X008V08O03)1~700800804),operand-renamed_same-structure,4
173,8,9,,(ab(c+d)1~2),(X008V09O01(X008V09O02+X008V09O03)1~700800904),operand-renamed_same-structure,4
174,8,10,,(ab(c+d)1~2),(X008V10O01(X008V10O02+X008V10O03)1~700801004),operand-renamed_same-structure,4
175,8,11,,(ab(c+d)1~2),(X008V11O01(X008V11O02+X008V11O03)1~700801104),operand-renamed_same-structure,4
176,8,12,,(ab(c+d)1~2),(X008V12O01(X008V12O02+X008V12O03)1~700801204),operand-renamed_same-structure,4
177,8,13,,(ab(c+d)1~2),(X008V13O01(X008V13O02+X008V13O03)1~700801304),operand-renamed_same-structure,4
178,8,14,,(ab(c+d)1~2),(X008V14O01(X008V14O02+X008V14O03)1~700801404),operand-renamed_same-structure,4
179,8,15,,(ab(c+d)1~2),(X008V15O01(X008V15O02+X008V15O03)1~700801504),operand-renamed_same-structure,4
180,8,16,,(ab(c+d)1~2),(X008V16O01(X008V16O02+X008V16O03)1~700801604),operand-renamed_same-structure,4
181,8,17,,(ab(c+d)1~2),(X008V17O01(X008V17O02+X008V17O03)1~700801704),operand-renamed_same-structure,4
182,8,18,,(ab(c+d)1~2),(X008V18O01(X008V18O02+X008V18O03)1~700801804),operand-renamed_same-structure,4
183,8,19,,(ab(c+d)1~2),(X008V19O01(X008V19O02+X008V19O03)1~700801904),operand-renamed_same-structure,4
184,8,20,,(ab(c+d)1~2),(X008V20O01(X008V20O02+X008V20O03)1~700802004),operand-renamed_same-structure,4
185,8,21,,(ab(c+d)1~2),(X008V21O01(X008V21O02+X008V21O03)1~700802104),operand-renamed_same-structure,4
186,8,22,,(ab(c+d)1~2),(X008V22O01(X008V22O02+X008V22O03)1~700802204),operand-renamed_same-structure,4
187,8,23,,(ab(c+d)1~2),(X008V23O01(X008V23O02+X008V23O03)1~700802304),operand-renamed_same-structure,4
188,8,24,,(ab(c+d)1~2),(X008V24O01(X008V24O02+X008V24O03)1~700802404),operand-renamed_same-structure,4
189,9,1,,(h(abcdefgi)*(abcdefgr+abcdefp+abcdeo+abcdn+abcm+abl+ak+j)+s)*,(X009V01O01(X009V01O02)*(X009V01O03+X009V01O04+X009V01O05+X009V01O06+X009V01O07+X009V01O08+X009V01O09+X009V01O10)+X009V01O11)*,operand-renamed_same-structure,11
190,9,2,,(h(abcdefgi)*(abcdefgr+abcdefp+abcdeo+abcdn+abcm+abl+ak+j)+s)*,(X009V02O01(X009V02O02)*(X009V02O03+X009V02O04+X009V02O05+X009V02O06+X009V02O07+X009V02O08+X009V02O09+X009V02O10)+X009V02O11)*,operand-renamed_same-structure,11
191,9,3,,(h(abcdefgi)*(abcdefgr+abcdefp+abcdeo+abcdn+abcm+abl+ak+j)+s)*,(X009V03O01(X009V03O02)*(X009V03O03+X009V03O04+X009V03O05+X009V03O06+X009V03O07+X009V03O08+X009V03O09+X009V03O10)+X009V03O11)*,operand-renamed_same-structure,11
192,9,4,,(h(abcdefgi)*(abcdefgr+abcdefp+abcdeo+abcdn+abcm+abl+ak+j)+s)*,(X009V04O01(X009V04O02)*(X009V04O03+X009V04O04+X009V04O05+X009V04O06+X009V04O07+X009V04O08+X009V04O09+X009V04O10)+X009V04O11)*,operand-renamed_same-structure,11
193,9,5,,(h(abcdefgi)*(abcdefgr+abcdefp+abcdeo+abcdn+abcm+abl+ak+j)+s)*,(X009V05O01(X009V05O02)*(X009V05O03+X009V05O04+X009V05O05+X009V05O06+X009V05O07+X009V05O08+X009V05O09+X009V05O10)+X009V05O11)*,operand-renamed_same-structure,11
194,9,6,,(h(abcdefgi)*(abcdefgr+abcdefp+abcdeo+abcdn+abcm+abl+ak+j)+s)*,(X009V06O01(X009V06O02)*(X009V06O03+X009V06O04+X009V06O05+X009V06O06+X009V06O07+X009V06O08+X009V06O09+X009V06O10)+X009V06O11)*,operand-renamed_same-structure,11
195,9,7,,(h(abcdefgi)*(abcdefgr+abcdefp+abcdeo+abcdn+abcm+abl+ak+j)+s)*,(X009V07O01(X009V07O02)*(X009V07O03+X009V07O04+X009V07O05+X009V07O06+X009V07O07+X009V07O08+X009V07O09+X009V07O10)+X009V07O11)*,operand-renamed_same-structure,11
196,9,8,,(h(abcdefgi)*(abcdefgr+abcdefp+abcdeo+abcdn+abcm+abl+ak+j)+s)*,(X009V08O01(X009V08O02)*(X009V08O03+X009V08O04+X009V08O05+X009V08O06+X009V08O07+X009V08O08+X009V08O09+X009V08O10)+X009V08O11)*,operand-renamed_same-structure,11
197,9,9,,(h(abcdefgi)*(abcdefgr+abcdefp+abcdeo+abcdn+abcm+abl+ak+j)+s)*,(X009V09O01(X009V09O02)*(X009V09O03+X009V09O04+X009V09O05+X009V09O06+X009V09O07+X009V09O08+X009V09O09+X009V09O10)+X009V09O11)*,operand-renamed_same-structure,11
198,9,10,,(h(abcdefgi)*(abcdefgr+abcdefp+abcdeo+abcdn+abcm+abl+ak+j)+s)*,(X009V10O01(X009V10O02)*(X009V10O03+X009V10O04+X009V10O05+X009V10O06+X009V10O07+X009V10O08+X009V10O09+X009V10O10)+X009V10O11)*,operand-renamed_same-structure,11
199,9,11,,(h(abcdefgi)*(abcdefgr+abcdefp+abcdeo+abcdn+abcm+abl+ak+j)+s)*,(X009V11O01(X009V11O02)*(X009V11O03+X009V11O04+X009V11O05+X009V11O06+X009V11O07+X009V11O08+X009V11O09+X009V11O10)+X009V11O11)*,operand-renamed_same-structure,11
200,9,12,,(h(abcdefgi)*(abcdefgr+abcdefp+abcdeo+abcdn+abcm+abl+ak+j)+s)*,(X009V12O01(X009V12O02)*(X009V12O03+X009V12O04+X009V12O05+X009V12O06+X009V12O07+X009V12O08+X009V12O09+X009V12O10)+X009V12O11)*,operand-renamed_same-structure,11
201,9,13,,(h(abcdefgi)*(abcdefgr+abcdefp+abcdeo+abcdn+abcm+abl+ak+j)+s)*,(X009V13O01(X009V13O02)*(X009V13O03+X009V13O04+X009V13O05+X009V13O06+X009V13O07+X009V13O08+X009V13O09+X009V13O10)+X009V13O11)*,operand-renamed_same-structure,11
202,9,14,,(h(abcdefgi)*(abcdefgr+abcdefp+abcdeo+abcdn+abcm+abl+ak+j)+s)*,(X009V14O01(X009V14O02)*(X009V14O03+X009V14O04+X009V14O05+X009V14O06+X009V14O07+X009V14O08+X009V14O09+X009V14O10)+X009V14O11)*,operand-renamed_same-structure,11
203,9,15,,(h(abcdefgi)*(abcdefgr+abcdefp+abcdeo+abcdn+abcm+abl+ak+j)+s)*,(X009V15O01(X009V15O02)*(X009V15O03+X009V15O04+X009V15O05+X009V15O06+X009V15O07+X009V15O08+X009V15O09+X009V15O10)+X009V15O11)*,operand-renamed_same-structure,11
204,9,16,,(h(abcdefgi)*(abcdefgr+abcdefp+abcdeo+abcdn+abcm+abl+ak+j)+s)*,(X009V16O01(X009V16O02)*(X009V16O03+X009V16O04+X009V16O05+X009V16O06+X009V16O07+X009V16O08+X009V16O09+X009V16O10)+X009V16O11)*,operand-renamed_same-structure,11
205,9,17,,(h(abcdefgi)*(abcdefgr+abcdefp+abcdeo+abcdn+abcm+abl+ak+j)+s)*,(X009V17O01(X009V17O02)*(X009V17O03+X009V17O04+X009V17O05+X009V17O06+X009V17O07+X009V17O08+X009V17O09+X009V17O10)+X009V17O11)*,operand-renamed_same-structure,11
206,9,18,,(h(abcdefgi)*(abcdefgr+abcdefp+abcdeo+abcdn+abcm+abl+ak+j)+s)*,(X009V18O01(X009V18O02)*(X009V18O03+X009V18O04+X009V18O05+X009V18O06+X009V18O07+X009V18O08+X009V18O09+X009V18O10)+X009V18O11)*,operand-renamed_same-structure,11
207,9,19,,(h(abcdefgi)*(abcdefgr+abcdefp+abcdeo+abcdn+abcm+abl+ak+j)+s)*,(X009V19O01(X009V19O02)*(X009V19O03+X009V19O04+X009V19O05+X009V19O06+X009V19O07+X009V19O08+X009V19O09+X009V19O10)+X009V19O11)*,operand-renamed_same-structure,11
208,9,20,,(h(abcdefgi)*(abcdefgr+abcdefp+abcdeo+abcdn+abcm+abl+ak+j)+s)*,(X009V20O01(X009V20O02)*(X009V20O03+X009V20O04+X009V20O05+X009V20O06+X009V20O07+X009V20O08+X009V20O09+X009V20O10)+X009V20O11)*,operand-renamed_same-structure,11
209,9,21,,(h(abcdefgi)*(abcdefgr+abcdefp+abcdeo+abcdn+abcm+abl+ak+j)+s)*,(X009V21O01(X009V21O02)*(X009V21O03+X009V21O04+X009V21O05+X009V21O06+X009V21O07+X009V21O08+X009V21O09+X009V21O10)+X009V21O11)*,operand-renamed_same-structure,11
210,9,22,,(h(abcdefgi)*(abcdefgr+abcdefp+abcdeo+abcdn+abcm+abl+ak+j)+s)*,(X009V22O01(X009V22O02)*(X009V22O03+X009V22O04+X009V22O05+X009V22O06+X009V22O07+X009V22O08+X009V22O09+X009V22O10)+X009V22O11)*,operand-renamed_same-structure,11
211,9,23,,(h(abcdefgi)*(abcdefgr+abcdefp+abcdeo+abcdn+abcm+abl+ak+j)+s)*,(X009V23O01(X009V23O02)*(X009V23O03+X009V23O04+X009V23O05+X009V23O06+X009V23O07+X009V23O08+X009V23O09+X009V23O10)+X009V23O11)*,operand-renamed_same-structure,11
212,9,24,,(h(abcdefgi)*(abcdefgr+abcdefp+abcdeo+abcdn+abcm+abl+ak+j)+s)*,(X009V24O01(X009V24O02)*(X009V24O03+X009V24O04+X009V24O05+X009V24O06+X009V24O07+X009V24O08+X009V24O09+X009V24O10)+X009V24O11)*,operand-renamed_same-structure,11
213,10,1,2020-Automated generation of oracled test cases with regular expressions and combinatorial techniques,Account().deposit.(deposit|withdraw|transfer)*,X010V01O01().X010V01O02.(X010V01O02|X010V01O03|X010V01O04)*,operand-renamed_same-structure,4
214,10,2,2020-Automated generation of oracled test cases with regular expressions and combinatorial techniques,Account().deposit.(deposit|withdraw|transfer)*,X010V02O01().X010V02O02.(X010V02O02|X010V02O03|X010V02O04)*,operand-renamed_same-structure,4
215,10,3,2020-Automated generation of oracled test cases with regular expressions and combinatorial techniques,Account().deposit.(deposit|withdraw|transfer)*,X010V03O01().X010V03O02.(X010V03O02|X010V03O03|X010V03O04)*,operand-renamed_same-structure,4
216,10,4,2020-Automated generation of oracled test cases with regular expressions and combinatorial techniques,Account().deposit.(deposit|withdraw|transfer)*,X010V04O01().X010V04O02.(X010V04O02|X010V04O03|X010V04O04)*,operand-renamed_same-structure,4
217,10,5,2020-Automated generation of oracled test cases with regular expressions and combinatorial techniques,Account().deposit.(deposit|withdraw|transfer)*,X010V05O01().X010V05O02.(X010V05O02|X010V05O03|X010V05O04)*,operand-renamed_same-structure,4
218,10,6,2020-Automated generation of oracled test cases with regular expressions and combinatorial techniques,Account().deposit.(deposit|withdraw|transfer)*,X010V06O01().X010V06O02.(X010V06O02|X010V06O03|X010V06O04)*,operand-renamed_same-structure,4
219,10,7,2020-Automated generation of oracled test cases with regular expressions and combinatorial techniques,Account().deposit.(deposit|withdraw|transfer)*,X010V07O01().X010V07O02.(X010V07O02|X010V07O03|X010V07O04)*,operand-renamed_same-structure,4
220,10,8,2020-Automated generation of oracled test cases with regular expressions and combinatorial techniques,Account().deposit.(deposit|withdraw|transfer)*,X010V08O01().X010V08O02.(X010V08O02|X010V08O03|X010V08O04)*,operand-renamed_same-structure,4
221,10,9,2020-Automated generation of oracled test cases with regular expressions and combinatorial techniques,Account().deposit.(deposit|withdraw|transfer)*,X010V09O01().X010V09O02.(X010V09O02|X010V09O03|X010V09O04)*,operand-renamed_same-structure,4
222,10,10,2020-Automated generation of oracled test cases with regular expressions and combinatorial techniques,Account().deposit.(deposit|withdraw|transfer)*,X010V10O01().X010V10O02.(X010V10O02|X010V10O03|X010V10O04)*,operand-renamed_same-structure,4
223,10,11,2020-Automated generation of oracled test cases with regular expressions and combinatorial techniques,Account().deposit.(deposit|withdraw|transfer)*,X010V11O01().X010V11O02.(X010V11O02|X010V11O03|X010V11O04)*,operand-renamed_same-structure,4
224,10,12,2020-Automated generation of oracled test cases with regular expressions and combinatorial techniques,Account().deposit.(deposit|withdraw|transfer)*,X010V12O01().X010V12O02.(X010V12O02|X010V12O03|X010V12O04)*,operand-renamed_same-structure,4
225,10,13,2020-Automated generation of oracled test cases with regular expressions and combinatorial techniques,Account().deposit.(deposit|withdraw|transfer)*,X010V13O01().X010V13O02.(X010V13O02|X010V13O03|X010V13O04)*,operand-renamed_same-structure,4
226,10,14,2020-Automated generation of oracled test cases with regular expressions and combinatorial techniques,Account().deposit.(deposit|withdraw|transfer)*,X010V14O01().X010V14O02.(X010V14O02|X010V14O03|X010V14O04)*,operand-renamed_same-structure,4
227,10,15,2020-Automated generation of oracled test cases with regular expressions and combinatorial techniques,Account().deposit.(deposit|withdraw|transfer)*,X010V15O01().X010V15O02.(X010V15O02|X010V15O03|X010V15O04)*,operand-renamed_same-structure,4
228,10,16,2020-Automated generation of oracled test cases with regular expressions and combinatorial techniques,Account().deposit.(deposit|withdraw|transfer)*,X010V16O01().X010V16O02.(X010V16O02|X010V16O03|X010V16O04)*,operand-renamed_same-structure,4
229,10,17,2020-Automated generation of oracled test cases with regular expressions and combinatorial techniques,Account().deposit.(deposit|withdraw|transfer)*,X010V17O01().X010V17O02.(X010V17O02|X010V17O03|X010V17O04)*,operand-renamed_same-structure,4
230,10,18,2020-Automated generation of oracled test cases with regular expressions and combinatorial techniques,Account().deposit.(deposit|withdraw|transfer)*,X010V18O01().X010V18O02.(X010V18O02|X010V18O03|X010V18O04)*,operand-renamed_same-structure,4
231,10,19,2020-Automated generation of oracled test cases with regular expressions and combinatorial techniques,Account().deposit.(deposit|withdraw|transfer)*,X010V19O01().X010V19O02.(X010V19O02|X010V19O03|X010V19O04)*,operand-renamed_same-structure,4
232,10,20,2020-Automated generation of oracled test cases with regular expressions and combinatorial techniques,Account().deposit.(deposit|withdraw|transfer)*,X010V20O01().X010V20O02.(X010V20O02|X010V20O03|X010V20O04)*,operand-renamed_same-structure,4
233,10,21,2020-Automated generation of oracled test cases with regular expressions and combinatorial techniques,Account().deposit.(deposit|withdraw|transfer)*,X010V21O01().X010V21O02.(X010V21O02|X010V21O03|X010V21O04)*,operand-renamed_same-structure,4
234,10,22,2020-Automated generation of oracled test cases with regular expressions and combinatorial techniques,Account().deposit.(deposit|withdraw|transfer)*,X010V22O01().X010V22O02.(X010V22O02|X010V22O03|X010V22O04)*,operand-renamed_same-structure,4
235,10,23,2020-Automated generation of oracled test cases with regular expressions and combinatorial techniques,Account().deposit.(deposit|withdraw|transfer)*,X010V23O01().X010V23O02.(X010V23O02|X010V23O03|X010V23O04)*,operand-renamed_same-structure,4
236,11,1,,"expand((ab|c)*,6)","expand((X011V01O01|X011V01O02)*,6)",operand-renamed_same-structure,2
237,11,2,,"expand((ab|c)*,6)","expand((X011V02O01|X011V02O02)*,6)",operand-renamed_same-structure,2
238,11,3,,"expand((ab|c)*,6)","expand((X011V03O01|X011V03O02)*,6)",operand-renamed_same-structure,2
239,11,4,,"expand((ab|c)*,6)","expand((X011V04O01|X011V04O02)*,6)",operand-renamed_same-structure,2
240,11,5,,"expand((ab|c)*,6)","expand((X011V05O01|X011V05O02)*,6)",operand-renamed_same-structure,2
241,11,6,,"expand((ab|c)*,6)","expand((X011V06O01|X011V06O02)*,6)",operand-renamed_same-structure,2
242,11,7,,"expand((ab|c)*,6)","expand((X011V07O01|X011V07O02)*,6)",operand-renamed_same-structure,2
243,11,8,,"expand((ab|c)*,6)","expand((X011V08O01|X011V08O02)*,6)",operand-renamed_same-structure,2
244,11,9,,"expand((ab|c)*,6)","expand((X011V09O01|X011V09O02)*,6)",operand-renamed_same-structure,2
245,11,10,,"expand((ab|c)*,6)","expand((X011V10O01|X011V10O02)*,6)",operand-renamed_same-structure,2
246,11,11,,"expand((ab|c)*,6)","expand((X011V11O01|X011V11O02)*,6)",operand-renamed_same-structure,2
247,11,12,,"expand((ab|c)*,6)","expand((X011V12O01|X011V12O02)*,6)",operand-renamed_same-structure,2
248,11,13,,"expand((ab|c)*,6)","expand((X011V13O01|X011V13O02)*,6)",operand-renamed_same-structure,2
249,11,14,,"expand((ab|c)*,6)","expand((X011V14O01|X011V14O02)*,6)",operand-renamed_same-structure,2
250,11,15,,"expand((ab|c)*,6)","expand((X011V15O01|X011V15O02)*,6)",operand-renamed_same-structure,2
251,11,16,,"expand((ab|c)*,6)","expand((X011V16O01|X011V16O02)*,6)",operand-renamed_same-structure,2
252,11,17,,"expand((ab|c)*,6)","expand((X011V17O01|X011V17O02)*,6)",operand-renamed_same-structure,2
253,11,18,,"expand((ab|c)*,6)","expand((X011V18O01|X011V18O02)*,6)",operand-renamed_same-structure,2
254,11,19,,"expand((ab|c)*,6)","expand((X011V19O01|X011V19O02)*,6)",operand-renamed_same-structure,2
255,11,20,,"expand((ab|c)*,6)","expand((X011V20O01|X011V20O02)*,6)",operand-renamed_same-structure,2
256,11,21,,"expand((ab|c)*,6)","expand((X011V21O01|X011V21O02)*,6)",operand-renamed_same-structure,2
257,11,22,,"expand((ab|c)*,6)","expand((X011V22O01|X011V22O02)*,6)",operand-renamed_same-structure,2
258,11,23,,"expand((ab|c)*,6)","expand((X011V23O01|X011V23O02)*,6)",operand-renamed_same-structure,2
259,12,1,,(ab|c)+,(X012V01O01|X012V01O02)+,operand-renamed_same-structure,2
260,12,2,,(ab|c)+,(X012V02O01|X012V02O02)+,operand-renamed_same-structure,2
261,12,3,,(ab|c)+,(X012V03O01|X012V03O02)+,operand-renamed_same-structure,2
262,12,4,,(ab|c)+,(X012V04O01|X012V04O02)+,operand-renamed_same-structure,2
263,12,5,,(ab|c)+,(X012V05O01|X012V05O02)+,operand-renamed_same-structure,2
264,12,6,,(ab|c)+,(X012V06O01|X012V06O02)+,operand-renamed_same-structure,2
265,12,7,,(ab|c)+,(X012V07O01|X012V07O02)+,operand-renamed_same-structure,2
266,12,8,,(ab|c)+,(X012V08O01|X012V08O02)+,operand-renamed_same-structure,2
267,12,9,,(ab|c)+,(X012V09O01|X012V09O02)+,operand-renamed_same-structure,2
268,12,10,,(ab|c)+,(X012V10O01|X012V10O02)+,operand-renamed_same-structure,2
269,12,11,,(ab|c)+,(X012V11O01|X012V11O02)+,operand-renamed_same-structure,2
270,12,12,,(ab|c)+,(X012V12O01|X012V12O02)+,operand-renamed_same-structure,2
271,12,13,,(ab|c)+,(X012V13O01|X012V13O02)+,operand-renamed_same-structure,2
272,12,14,,(ab|c)+,(X012V14O01|X012V14O02)+,operand-renamed_same-structure,2
273,12,15,,(ab|c)+,(X012V15O01|X012V15O02)+,operand-renamed_same-structure,2
274,12,16,,(ab|c)+,(X012V16O01|X012V16O02)+,operand-renamed_same-structure,2
275,12,17,,(ab|c)+,(X012V17O01|X012V17O02)+,operand-renamed_same-structure,2
276,12,18,,(ab|c)+,(X012V18O01|X012V18O02)+,operand-renamed_same-structure,2
277,12,19,,(ab|c)+,(X012V19O01|X012V19O02)+,operand-renamed_same-structure,2
278,12,20,,(ab|c)+,(X012V20O01|X012V20O02)+,operand-renamed_same-structure,2
279,12,21,,(ab|c)+,(X012V21O01|X012V21O02)+,operand-renamed_same-structure,2
280,12,22,,(ab|c)+,(X012V22O01|X012V22O02)+,operand-renamed_same-structure,2
281,12,23,,(ab|c)+,(X012V23O01|X012V23O02)+,operand-renamed_same-structure,2
282,12,24,,(ab|c)+,(X012V24O01|X012V24O02)+,operand-renamed_same-structure,2
283,13,1,2018-An Approach to Automatic Test Case Generation for Unit Testing,(B4T.((B5T|B5F).(B6T|B6F)))k,(X013V01O01.((X013V01O02|X013V01O03).(X013V01O04|X013V01O05)))k,operand-renamed_same-structure,5
284,13,2,2018-An Approach to Automatic Test Case Generation for Unit Testing,(B4T.((B5T|B5F).(B6T|B6F)))k,(X013V02O01.((X013V02O02|X013V02O03).(X013V02O04|X013V02O05)))k,operand-renamed_same-structure,5
285,13,3,2018-An Approach to Automatic Test Case Generation for Unit Testing,(B4T.((B5T|B5F).(B6T|B6F)))k,(X013V03O01.((X013V03O02|X013V03O03).(X013V03O04|X013V03O05)))k,operand-renamed_same-structure,5
286,13,4,2018-An Approach to Automatic Test Case Generation for Unit Testing,(B4T.((B5T|B5F).(B6T|B6F)))k,(X013V04O01.((X013V04O02|X013V04O03).(X013V04O04|X013V04O05)))k,operand-renamed_same-structure,5
287,13,5,2018-An Approach to Automatic Test Case Generation for Unit Testing,(B4T.((B5T|B5F).(B6T|B6F)))k,(X013V05O01.((X013V05O02|X013V05O03).(X013V05O04|X013V05O05)))k,operand-renamed_same-structure,5
288,13,6,2018-An Approach to Automatic Test Case Generation for Unit Testing,(B4T.((B5T|B5F).(B6T|B6F)))k,(X013V06O01.((X013V06O02|X013V06O03).(X013V06O04|X013V06O05)))k,operand-renamed_same-structure,5
289,13,7,2018-An Approach to Automatic Test Case Generation for Unit Testing,(B4T.((B5T|B5F).(B6T|B6F)))k,(X013V07O01.((X013V07O02|X013V07O03).(X013V07O04|X013V07O05)))k,operand-renamed_same-structure,5
290,13,8,2018-An Approach to Automatic Test Case Generation for Unit Testing,(B4T.((B5T|B5F).(B6T|B6F)))k,(X013V08O01.((X013V08O02|X013V08O03).(X013V08O04|X013V08O05)))k,operand-renamed_same-structure,5
291,13,9,2018-An Approach to Automatic Test Case Generation for Unit Testing,(B4T.((B5T|B5F).(B6T|B6F)))k,(X013V09O01.((X013V09O02|X013V09O03).(X013V09O04|X013V09O05)))k,operand-renamed_same-structure,5
292,13,10,2018-An Approach to Automatic Test Case Generation for Unit Testing,(B4T.((B5T|B5F).(B6T|B6F)))k,(X013V10O01.((X013V10O02|X013V10O03).(X013V10O04|X013V10O05)))k,operand-renamed_same-structure,5
293,13,11,2018-An Approach to Automatic Test Case Generation for Unit Testing,(B4T.((B5T|B5F).(B6T|B6F)))k,(X013V11O01.((X013V11O02|X013V11O03).(X013V11O04|X013V11O05)))k,operand-renamed_same-structure,5
294,13,12,2018-An Approach to Automatic Test Case Generation for Unit Testing,(B4T.((B5T|B5F).(B6T|B6F)))k,(X013V12O01.((X013V12O02|X013V12O03).(X013V12O04|X013V12O05)))k,operand-renamed_same-structure,5
295,13,13,2018-An Approach to Automatic Test Case Generation for Unit Testing,(B4T.((B5T|B5F).(B6T|B6F)))k,(X013V13O01.((X013V13O02|X013V13O03).(X013V13O04|X013V13O05)))k,operand-renamed_same-structure,5
296,13,14,2018-An Approach to Automatic Test Case Generation for Unit Testing,(B4T.((B5T|B5F).(B6T|B6F)))k,(X013V14O01.((X013V14O02|X013V14O03).(X013V14O04|X013V14O05)))k,operand-renamed_same-structure,5
297,13,15,2018-An Approach to Automatic Test Case Generation for Unit Testing,(B4T.((B5T|B5F).(B6T|B6F)))k,(X013V15O01.((X013V15O02|X013V15O03).(X013V15O04|X013V15O05)))k,operand-renamed_same-structure,5
298,13,16,2018-An Approach to Automatic Test Case Generation for Unit Testing,(B4T.((B5T|B5F).(B6T|B6F)))k,(X013V16O01.((X013V16O02|X013V16O03).(X013V16O04|X013V16O05)))k,operand-renamed_same-structure,5
299,13,17,2018-An Approach to Automatic Test Case Generation for Unit Testing,(B4T.((B5T|B5F).(B6T|B6F)))k,(X013V17O01.((X013V17O02|X013V17O03).(X013V17O04|X013V17O05)))k,operand-renamed_same-structure,5
300,13,18,2018-An Approach to Automatic Test Case Generation for Unit Testing,(B4T.((B5T|B5F).(B6T|B6F)))k,(X013V18O01.((X013V18O02|X013V18O03).(X013V18O04|X013V18O05)))k,operand-renamed_same-structure,5
301,13,19,2018-An Approach to Automatic Test Case Generation for Unit Testing,(B4T.((B5T|B5F).(B6T|B6F)))k,(X013V19O01.((X013V19O02|X013V19O03).(X013V19O04|X013V19O05)))k,operand-renamed_same-structure,5
302,13,20,2018-An Approach to Automatic Test Case Generation for Unit Testing,(B4T.((B5T|B5F).(B6T|B6F)))k,(X013V20O01.((X013V20O02|X013V20O03).(X013V20O04|X013V20O05)))k,operand-renamed_same-structure,5
303,13,21,2018-An Approach to Automatic Test Case Generation for Unit Testing,(B4T.((B5T|B5F).(B6T|B6F)))k,(X013V21O01.((X013V21O02|X013V21O03).(X013V21O04|X013V21O05)))k,operand-renamed_same-structure,5
304,13,22,2018-An Approach to Automatic Test Case Generation for Unit Testing,(B4T.((B5T|B5F).(B6T|B6F)))k,(X013V22O01.((X013V22O02|X013V22O03).(X013V22O04|X013V22O05)))k,operand-renamed_same-structure,5
305,13,23,2018-An Approach to Automatic Test Case Generation for Unit Testing,(B4T.((B5T|B5F).(B6T|B6F)))k,(X013V23O01.((X013V23O02|X013V23O03).(X013V23O04|X013V23O05)))k,operand-renamed_same-structure,5
306,13,24,2018-An Approach to Automatic Test Case Generation for Unit Testing,(B4T.((B5T|B5F).(B6T|B6F)))k,(X013V24O01.((X013V24O02|X013V24O03).(X013V24O04|X013V24O05)))k,operand-renamed_same-structure,5
307,14,1,,B1T.((B2T|B2F).(B3T|B3F).(B4T.(B5T|B5F).(B6T|B6F))k.B4 F|B4F)|B1F,X014V01O01.((X014V01O02|X014V01O03).(X014V01O04|X014V01O05).(X014V01O06.(X014V01O07|X014V01O08).(X014V01O09|X014V01O10))k.X014V01O11 X014V01O12|X014V01O13)|X014V01O14,operand-renamed_same-structure,14
308,14,2,,B1T.((B2T|B2F).(B3T|B3F).(B4T.(B5T|B5F).(B6T|B6F))k.B4 F|B4F)|B1F,X014V02O01.((X014V02O02|X014V02O03).(X014V02O04|X014V02O05).(X014V02O06.(X014V02O07|X014V02O08).(X014V02O09|X014V02O10))k.X014V02O11 X014V02O12|X014V02O13)|X014V02O14,operand-renamed_same-structure,14
309,14,3,,B1T.((B2T|B2F).(B3T|B3F).(B4T.(B5T|B5F).(B6T|B6F))k.B4 F|B4F)|B1F,X014V03O01.((X014V03O02|X014V03O03).(X014V03O04|X014V03O05).(X014V03O06.(X014V03O07|X014V03O08).(X014V03O09|X014V03O10))k.X014V03O11 X014V03O12|X014V03O13)|X014V03O14,operand-renamed_same-structure,14
310,14,4,,B1T.((B2T|B2F).(B3T|B3F).(B4T.(B5T|B5F).(B6T|B6F))k.B4 F|B4F)|B1F,X014V04O01.((X014V04O02|X014V04O03).(X014V04O04|X014V04O05).(X014V04O06.(X014V04O07|X014V04O08).(X014V04O09|X014V04O10))k.X014V04O11 X014V04O12|X014V04O13)|X014V04O14,operand-renamed_same-structure,14
311,14,5,,B1T.((B2T|B2F).(B3T|B3F).(B4T.(B5T|B5F).(B6T|B6F))k.B4 F|B4F)|B1F,X014V05O01.((X014V05O02|X014V05O03).(X014V05O04|X014V05O05).(X014V05O06.(X014V05O07|X014V05O08).(X014V05O09|X014V05O10))k.X014V05O11 X014V05O12|X014V05O13)|X014V05O14,operand-renamed_same-structure,14
312,14,6,,B1T.((B2T|B2F).(B3T|B3F).(B4T.(B5T|B5F).(B6T|B6F))k.B4 F|B4F)|B1F,X014V06O01.((X014V06O02|X014V06O03).(X014V06O04|X014V06O05).(X014V06O06.(X014V06O07|X014V06O08).(X014V06O09|X014V06O10))k.X014V06O11 X014V06O12|X014V06O13)|X014V06O14,operand-renamed_same-structure,14
313,14,7,,B1T.((B2T|B2F).(B3T|B3F).(B4T.(B5T|B5F).(B6T|B6F))k.B4 F|B4F)|B1F,X014V07O01.((X014V07O02|X014V07O03).(X014V07O04|X014V07O05).(X014V07O06.(X014V07O07|X014V07O08).(X014V07O09|X014V07O10))k.X014V07O11 X014V07O12|X014V07O13)|X014V07O14,operand-renamed_same-structure,14
314,14,8,,B1T.((B2T|B2F).(B3T|B3F).(B4T.(B5T|B5F).(B6T|B6F))k.B4 F|B4F)|B1F,X014V08O01.((X014V08O02|X014V08O03).(X014V08O04|X014V08O05).(X014V08O06.(X014V08O07|X014V08O08).(X014V08O09|X014V08O10))k.X014V08O11 X014V08O12|X014V08O13)|X014V08O14,operand-renamed_same-structure,14
315,14,9,,B1T.((B2T|B2F).(B3T|B3F).(B4T.(B5T|B5F).(B6T|B6F))k.B4 F|B4F)|B1F,X014V09O01.((X014V09O02|X014V09O03).(X014V09O04|X014V09O05).(X014V09O06.(X014V09O07|X014V09O08).(X014V09O09|X014V09O10))k.X014V09O11 X014V09O12|X014V09O13)|X014V09O14,operand-renamed_same-structure,14
316,14,10,,B1T.((B2T|B2F).(B3T|B3F).(B4T.(B5T|B5F).(B6T|B6F))k.B4 F|B4F)|B1F,X014V10O01.((X014V10O02|X014V10O03).(X014V10O04|X014V10O05).(X014V10O06.(X014V10O07|X014V10O08).(X014V10O09|X014V10O10))k.X014V10O11 X014V10O12|X014V10O13)|X014V10O14,operand-renamed_same-structure,14
317,14,11,,B1T.((B2T|B2F).(B3T|B3F).(B4T.(B5T|B5F).(B6T|B6F))k.B4 F|B4F)|B1F,X014V11O01.((X014V11O02|X014V11O03).(X014V11O04|X014V11O05).(X014V11O06.(X014V11O07|X014V11O08).(X014V11O09|X014V11O10))k.X014V11O11 X014V11O12|X014V11O13)|X014V11O14,operand-renamed_same-structure,14
318,14,12,,B1T.((B2T|B2F).(B3T|B3F).(B4T.(B5T|B5F).(B6T|B6F))k.B4 F|B4F)|B1F,X014V12O01.((X014V12O02|X014V12O03).(X014V12O04|X014V12O05).(X014V12O06.(X014V12O07|X014V12O08).(X014V12O09|X014V12O10))k.X014V12O11 X014V12O12|X014V12O13)|X014V12O14,operand-renamed_same-structure,14
319,14,13,,B1T.((B2T|B2F).(B3T|B3F).(B4T.(B5T|B5F).(B6T|B6F))k.B4 F|B4F)|B1F,X014V13O01.((X014V13O02|X014V13O03).(X014V13O04|X014V13O05).(X014V13O06.(X014V13O07|X014V13O08).(X014V13O09|X014V13O10))k.X014V13O11 X014V13O12|X014V13O13)|X014V13O14,operand-renamed_same-structure,14
320,14,14,,B1T.((B2T|B2F).(B3T|B3F).(B4T.(B5T|B5F).(B6T|B6F))k.B4 F|B4F)|B1F,X014V14O01.((X014V14O02|X014V14O03).(X014V14O04|X014V14O05).(X014V14O06.(X014V14O07|X014V14O08).(X014V14O09|X014V14O10))k.X014V14O11 X014V14O12|X014V14O13)|X014V14O14,operand-renamed_same-structure,14
321,14,15,,B1T.((B2T|B2F).(B3T|B3F).(B4T.(B5T|B5F).(B6T|B6F))k.B4 F|B4F)|B1F,X014V15O01.((X014V15O02|X014V15O03).(X014V15O04|X014V15O05).(X014V15O06.(X014V15O07|X014V15O08).(X014V15O09|X014V15O10))k.X014V15O11 X014V15O12|X014V15O13)|X014V15O14,operand-renamed_same-structure,14
322,14,16,,B1T.((B2T|B2F).(B3T|B3F).(B4T.(B5T|B5F).(B6T|B6F))k.B4 F|B4F)|B1F,X014V16O01.((X014V16O02|X014V16O03).(X014V16O04|X014V16O05).(X014V16O06.(X014V16O07|X014V16O08).(X014V16O09|X014V16O10))k.X014V16O11 X014V16O12|X014V16O13)|X014V16O14,operand-renamed_same-structure,14
323,14,17,,B1T.((B2T|B2F).(B3T|B3F).(B4T.(B5T|B5F).(B6T|B6F))k.B4 F|B4F)|B1F,X014V17O01.((X014V17O02|X014V17O03).(X014V17O04|X014V17O05).(X014V17O06.(X014V17O07|X014V17O08).(X014V17O09|X014V17O10))k.X014V17O11 X014V17O12|X014V17O13)|X014V17O14,operand-renamed_same-structure,14
324,14,18,,B1T.((B2T|B2F).(B3T|B3F).(B4T.(B5T|B5F).(B6T|B6F))k.B4 F|B4F)|B1F,X014V18O01.((X014V18O02|X014V18O03).(X014V18O04|X014V18O05).(X014V18O06.(X014V18O07|X014V18O08).(X014V18O09|X014V18O10))k.X014V18O11 X014V18O12|X014V18O13)|X014V18O14,operand-renamed_same-structure,14
325,14,19,,B1T.((B2T|B2F).(B3T|B3F).(B4T.(B5T|B5F).(B6T|B6F))k.B4 F|B4F)|B1F,X014V19O01.((X014V19O02|X014V19O03).(X014V19O04|X014V19O05).(X014V19O06.(X014V19O07|X014V19O08).(X014V19O09|X014V19O10))k.X014V19O11 X014V19O12|X014V19O13)|X014V19O14,operand-renamed_same-structure,14
326,14,20,,B1T.((B2T|B2F).(B3T|B3F).(B4T.(B5T|B5F).(B6T|B6F))k.B4 F|B4F)|B1F,X014V20O01.((X014V20O02|X014V20O03).(X014V20O04|X014V20O05).(X014V20O06.(X014V20O07|X014V20O08).(X014V20O09|X014V20O10))k.X014V20O11 X014V20O12|X014V20O13)|X014V20O14,operand-renamed_same-structure,14
327,14,21,,B1T.((B2T|B2F).(B3T|B3F).(B4T.(B5T|B5F).(B6T|B6F))k.B4 F|B4F)|B1F,X014V21O01.((X014V21O02|X014V21O03).(X014V21O04|X014V21O05).(X014V21O06.(X014V21O07|X014V21O08).(X014V21O09|X014V21O10))k.X014V21O11 X014V21O12|X014V21O13)|X014V21O14,operand-renamed_same-structure,14
328,14,22,,B1T.((B2T|B2F).(B3T|B3F).(B4T.(B5T|B5F).(B6T|B6F))k.B4 F|B4F)|B1F,X014V22O01.((X014V22O02|X014V22O03).(X014V22O04|X014V22O05).(X014V22O06.(X014V22O07|X014V22O08).(X014V22O09|X014V22O10))k.X014V22O11 X014V22O12|X014V22O13)|X014V22O14,operand-renamed_same-structure,14
329,14,23,,B1T.((B2T|B2F).(B3T|B3F).(B4T.(B5T|B5F).(B6T|B6F))k.B4 F|B4F)|B1F,X014V23O01.((X014V23O02|X014V23O03).(X014V23O04|X014V23O05).(X014V23O06.(X014V23O07|X014V23O08).(X014V23O09|X014V23O10))k.X014V23O11 X014V23O12|X014V23O13)|X014V23O14,operand-renamed_same-structure,14
330,14,24,,B1T.((B2T|B2F).(B3T|B3F).(B4T.(B5T|B5F).(B6T|B6F))k.B4 F|B4F)|B1F,X014V24O01.((X014V24O02|X014V24O03).(X014V24O04|X014V24O05).(X014V24O06.(X014V24O07|X014V24O08).(X014V24O09|X014V24O10))k.X014V24O11 X014V24O12|X014V24O13)|X014V24O14,operand-renamed_same-structure,14
331,15,1,1997-Kleene algebra with tests,(b.c +1.b.1.c )(1.b.p.q + b.p.r),(X015V01O01.X015V01O02 +701500103.X015V01O01.701500103.X015V01O02 )(701500103.X015V01O01.X015V01O04.X015V01O05 + X015V01O01.X015V01O04.X015V01O06),operand-renamed_same-structure,6
332,15,2,1997-Kleene algebra with tests,(b.c +1.b.1.c )(1.b.p.q + b.p.r),(X015V02O01.X015V02O02 +701500203.X015V02O01.701500203.X015V02O02 )(701500203.X015V02O01.X015V02O04.X015V02O05 + X015V02O01.X015V02O04.X015V02O06),operand-renamed_same-structure,6
333,15,3,1997-Kleene algebra with tests,(b.c +1.b.1.c )(1.b.p.q + b.p.r),(X015V03O01.X015V03O02 +701500303.X015V03O01.701500303.X015V03O02 )(701500303.X015V03O01.X015V03O04.X015V03O05 + X015V03O01.X015V03O04.X015V03O06),operand-renamed_same-structure,6
334,15,4,1997-Kleene algebra with tests,(b.c +1.b.1.c )(1.b.p.q + b.p.r),(X015V04O01.X015V04O02 +701500403.X015V04O01.701500403.X015V04O02 )(701500403.X015V04O01.X015V04O04.X015V04O05 + X015V04O01.X015V04O04.X015V04O06),operand-renamed_same-structure,6
335,15,5,1997-Kleene algebra with tests,(b.c +1.b.1.c )(1.b.p.q + b.p.r),(X015V05O01.X015V05O02 +701500503.X015V05O01.701500503.X015V05O02 )(701500503.X015V05O01.X015V05O04.X015V05O05 + X015V05O01.X015V05O04.X015V05O06),operand-renamed_same-structure,6
336,15,6,1997-Kleene algebra with tests,(b.c +1.b.1.c )(1.b.p.q + b.p.r),(X015V06O01.X015V06O02 +701500603.X015V06O01.701500603.X015V06O02 )(701500603.X015V06O01.X015V06O04.X015V06O05 + X015V06O01.X015V06O04.X015V06O06),operand-renamed_same-structure,6
337,15,7,1997-Kleene algebra with tests,(b.c +1.b.1.c )(1.b.p.q + b.p.r),(X015V07O01.X015V07O02 +701500703.X015V07O01.701500703.X015V07O02 )(701500703.X015V07O01.X015V07O04.X015V07O05 + X015V07O01.X015V07O04.X015V07O06),operand-renamed_same-structure,6
338,15,8,1997-Kleene algebra with tests,(b.c +1.b.1.c )(1.b.p.q + b.p.r),(X015V08O01.X015V08O02 +701500803.X015V08O01.701500803.X015V08O02 )(701500803.X015V08O01.X015V08O04.X015V08O05 + X015V08O01.X015V08O04.X015V08O06),operand-renamed_same-structure,6
339,15,9,1997-Kleene algebra with tests,(b.c +1.b.1.c )(1.b.p.q + b.p.r),(X015V09O01.X015V09O02 +701500903.X015V09O01.701500903.X015V09O02 )(701500903.X015V09O01.X015V09O04.X015V09O05 + X015V09O01.X015V09O04.X015V09O06),operand-renamed_same-structure,6
340,15,10,1997-Kleene algebra with tests,(b.c +1.b.1.c )(1.b.p.q + b.p.r),(X015V10O01.X015V10O02 +701501003.X015V10O01.701501003.X015V10O02 )(701501003.X015V10O01.X015V10O04.X015V10O05 + X015V10O01.X015V10O04.X015V10O06),operand-renamed_same-structure,6
341,15,11,1997-Kleene algebra with tests,(b.c +1.b.1.c )(1.b.p.q + b.p.r),(X015V11O01.X015V11O02 +701501103.X015V11O01.701501103.X015V11O02 )(701501103.X015V11O01.X015V11O04.X015V11O05 + X015V11O01.X015V11O04.X015V11O06),operand-renamed_same-structure,6
342,15,12,1997-Kleene algebra with tests,(b.c +1.b.1.c )(1.b.p.q + b.p.r),(X015V12O01.X015V12O02 +701501203.X015V12O01.701501203.X015V12O02 )(701501203.X015V12O01.X015V12O04.X015V12O05 + X015V12O01.X015V12O04.X015V12O06),operand-renamed_same-structure,6
343,15,13,1997-Kleene algebra with tests,(b.c +1.b.1.c )(1.b.p.q + b.p.r),(X015V13O01.X015V13O02 +701501303.X015V13O01.701501303.X015V13O02 )(701501303.X015V13O01.X015V13O04.X015V13O05 + X015V13O01.X015V13O04.X015V13O06),operand-renamed_same-structure,6
344,15,14,1997-Kleene algebra with tests,(b.c +1.b.1.c )(1.b.p.q + b.p.r),(X015V14O01.X015V14O02 +701501403.X015V14O01.701501403.X015V14O02 )(701501403.X015V14O01.X015V14O04.X015V14O05 + X015V14O01.X015V14O04.X015V14O06),operand-renamed_same-structure,6
345,15,15,1997-Kleene algebra with tests,(b.c +1.b.1.c )(1.b.p.q + b.p.r),(X015V15O01.X015V15O02 +701501503.X015V15O01.701501503.X015V15O02 )(701501503.X015V15O01.X015V15O04.X015V15O05 + X015V15O01.X015V15O04.X015V15O06),operand-renamed_same-structure,6
346,15,16,1997-Kleene algebra with tests,(b.c +1.b.1.c )(1.b.p.q + b.p.r),(X015V16O01.X015V16O02 +701501603.X015V16O01.701501603.X015V16O02 )(701501603.X015V16O01.X015V16O04.X015V16O05 + X015V16O01.X015V16O04.X015V16O06),operand-renamed_same-structure,6
347,15,17,1997-Kleene algebra with tests,(b.c +1.b.1.c )(1.b.p.q + b.p.r),(X015V17O01.X015V17O02 +701501703.X015V17O01.701501703.X015V17O02 )(701501703.X015V17O01.X015V17O04.X015V17O05 + X015V17O01.X015V17O04.X015V17O06),operand-renamed_same-structure,6
348,15,18,1997-Kleene algebra with tests,(b.c +1.b.1.c )(1.b.p.q + b.p.r),(X015V18O01.X015V18O02 +701501803.X015V18O01.701501803.X015V18O02 )(701501803.X015V18O01.X015V18O04.X015V18O05 + X015V18O01.X015V18O04.X015V18O06),operand-renamed_same-structure,6
349,15,19,1997-Kleene algebra with tests,(b.c +1.b.1.c )(1.b.p.q + b.p.r),(X015V19O01.X015V19O02 +701501903.X015V19O01.701501903.X015V19O02 )(701501903.X015V19O01.X015V19O04.X015V19O05 + X015V19O01.X015V19O04.X015V19O06),operand-renamed_same-structure,6
350,15,20,1997-Kleene algebra with tests,(b.c +1.b.1.c )(1.b.p.q + b.p.r),(X015V20O01.X015V20O02 +701502003.X015V20O01.701502003.X015V20O02 )(701502003.X015V20O01.X015V20O04.X015V20O05 + X015V20O01.X015V20O04.X015V20O06),operand-renamed_same-structure,6
351,15,21,1997-Kleene algebra with tests,(b.c +1.b.1.c )(1.b.p.q + b.p.r),(X015V21O01.X015V21O02 +701502103.X015V21O01.701502103.X015V21O02 )(701502103.X015V21O01.X015V21O04.X015V21O05 + X015V21O01.X015V21O04.X015V21O06),operand-renamed_same-structure,6
352,15,22,1997-Kleene algebra with tests,(b.c +1.b.1.c )(1.b.p.q + b.p.r),(X015V22O01.X015V22O02 +701502203.X015V22O01.701502203.X015V22O02 )(701502203.X015V22O01.X015V22O04.X015V22O05 + X015V22O01.X015V22O04.X015V22O06),operand-renamed_same-structure,6
353,15,23,1997-Kleene algebra with tests,(b.c +1.b.1.c )(1.b.p.q + b.p.r),(X015V23O01.X015V23O02 +701502303.X015V23O01.701502303.X015V23O02 )(701502303.X015V23O01.X015V23O04.X015V23O05 + X015V23O01.X015V23O04.X015V23O06),operand-renamed_same-structure,6
354,16,1,,(b.c + 1.b.1.c).p.(c.q + 1.c.r),(X016V01O01.X016V01O02 + 701600103.X016V01O01.701600103.X016V01O02).X016V01O04.(X016V01O02.X016V01O05 + 701600103.X016V01O02.X016V01O06),operand-renamed_same-structure,6
355,16,2,,(b.c + 1.b.1.c).p.(c.q + 1.c.r),(X016V02O01.X016V02O02 + 701600203.X016V02O01.701600203.X016V02O02).X016V02O04.(X016V02O02.X016V02O05 + 701600203.X016V02O02.X016V02O06),operand-renamed_same-structure,6
356,16,3,,(b.c + 1.b.1.c).p.(c.q + 1.c.r),(X016V03O01.X016V03O02 + 701600303.X016V03O01.701600303.X016V03O02).X016V03O04.(X016V03O02.X016V03O05 + 701600303.X016V03O02.X016V03O06),operand-renamed_same-structure,6
357,16,4,,(b.c + 1.b.1.c).p.(c.q + 1.c.r),(X016V04O01.X016V04O02 + 701600403.X016V04O01.701600403.X016V04O02).X016V04O04.(X016V04O02.X016V04O05 + 701600403.X016V04O02.X016V04O06),operand-renamed_same-structure,6
358,16,5,,(b.c + 1.b.1.c).p.(c.q + 1.c.r),(X016V05O01.X016V05O02 + 701600503.X016V05O01.701600503.X016V05O02).X016V05O04.(X016V05O02.X016V05O05 + 701600503.X016V05O02.X016V05O06),operand-renamed_same-structure,6
359,16,6,,(b.c + 1.b.1.c).p.(c.q + 1.c.r),(X016V06O01.X016V06O02 + 701600603.X016V06O01.701600603.X016V06O02).X016V06O04.(X016V06O02.X016V06O05 + 701600603.X016V06O02.X016V06O06),operand-renamed_same-structure,6
360,16,7,,(b.c + 1.b.1.c).p.(c.q + 1.c.r),(X016V07O01.X016V07O02 + 701600703.X016V07O01.701600703.X016V07O02).X016V07O04.(X016V07O02.X016V07O05 + 701600703.X016V07O02.X016V07O06),operand-renamed_same-structure,6
361,16,8,,(b.c + 1.b.1.c).p.(c.q + 1.c.r),(X016V08O01.X016V08O02 + 701600803.X016V08O01.701600803.X016V08O02).X016V08O04.(X016V08O02.X016V08O05 + 701600803.X016V08O02.X016V08O06),operand-renamed_same-structure,6
362,16,9,,(b.c + 1.b.1.c).p.(c.q + 1.c.r),(X016V09O01.X016V09O02 + 701600903.X016V09O01.701600903.X016V09O02).X016V09O04.(X016V09O02.X016V09O05 + 701600903.X016V09O02.X016V09O06),operand-renamed_same-structure,6
363,16,10,,(b.c + 1.b.1.c).p.(c.q + 1.c.r),(X016V10O01.X016V10O02 + 701601003.X016V10O01.701601003.X016V10O02).X016V10O04.(X016V10O02.X016V10O05 + 701601003.X016V10O02.X016V10O06),operand-renamed_same-structure,6
364,16,11,,(b.c + 1.b.1.c).p.(c.q + 1.c.r),(X016V11O01.X016V11O02 + 701601103.X016V11O01.701601103.X016V11O02).X016V11O04.(X016V11O02.X016V11O05 + 701601103.X016V11O02.X016V11O06),operand-renamed_same-structure,6
365,16,12,,(b.c + 1.b.1.c).p.(c.q + 1.c.r),(X016V12O01.X016V12O02 + 701601203.X016V12O01.701601203.X016V12O02).X016V12O04.(X016V12O02.X016V12O05 + 701601203.X016V12O02.X016V12O06),operand-renamed_same-structure,6
366,16,13,,(b.c + 1.b.1.c).p.(c.q + 1.c.r),(X016V13O01.X016V13O02 + 701601303.X016V13O01.701601303.X016V13O02).X016V13O04.(X016V13O02.X016V13O05 + 701601303.X016V13O02.X016V13O06),operand-renamed_same-structure,6
367,16,14,,(b.c + 1.b.1.c).p.(c.q + 1.c.r),(X016V14O01.X016V14O02 + 701601403.X016V14O01.701601403.X016V14O02).X016V14O04.(X016V14O02.X016V14O05 + 701601403.X016V14O02.X016V14O06),operand-renamed_same-structure,6
368,16,15,,(b.c + 1.b.1.c).p.(c.q + 1.c.r),(X016V15O01.X016V15O02 + 701601503.X016V15O01.701601503.X016V15O02).X016V15O04.(X016V15O02.X016V15O05 + 701601503.X016V15O02.X016V15O06),operand-renamed_same-structure,6
369,16,16,,(b.c + 1.b.1.c).p.(c.q + 1.c.r),(X016V16O01.X016V16O02 + 701601603.X016V16O01.701601603.X016V16O02).X016V16O04.(X016V16O02.X016V16O05 + 701601603.X016V16O02.X016V16O06),operand-renamed_same-structure,6
370,16,17,,(b.c + 1.b.1.c).p.(c.q + 1.c.r),(X016V17O01.X016V17O02 + 701601703.X016V17O01.701601703.X016V17O02).X016V17O04.(X016V17O02.X016V17O05 + 701601703.X016V17O02.X016V17O06),operand-renamed_same-structure,6
371,16,18,,(b.c + 1.b.1.c).p.(c.q + 1.c.r),(X016V18O01.X016V18O02 + 701601803.X016V18O01.701601803.X016V18O02).X016V18O04.(X016V18O02.X016V18O05 + 701601803.X016V18O02.X016V18O06),operand-renamed_same-structure,6
372,16,19,,(b.c + 1.b.1.c).p.(c.q + 1.c.r),(X016V19O01.X016V19O02 + 701601903.X016V19O01.701601903.X016V19O02).X016V19O04.(X016V19O02.X016V19O05 + 701601903.X016V19O02.X016V19O06),operand-renamed_same-structure,6
373,16,20,,(b.c + 1.b.1.c).p.(c.q + 1.c.r),(X016V20O01.X016V20O02 + 701602003.X016V20O01.701602003.X016V20O02).X016V20O04.(X016V20O02.X016V20O05 + 701602003.X016V20O02.X016V20O06),operand-renamed_same-structure,6
374,16,21,,(b.c + 1.b.1.c).p.(c.q + 1.c.r),(X016V21O01.X016V21O02 + 701602103.X016V21O01.701602103.X016V21O02).X016V21O04.(X016V21O02.X016V21O05 + 701602103.X016V21O02.X016V21O06),operand-renamed_same-structure,6
375,16,22,,(b.c + 1.b.1.c).p.(c.q + 1.c.r),(X016V22O01.X016V22O02 + 701602203.X016V22O01.701602203.X016V22O02).X016V22O04.(X016V22O02.X016V22O05 + 701602203.X016V22O02.X016V22O06),operand-renamed_same-structure,6
376,16,23,,(b.c + 1.b.1.c).p.(c.q + 1.c.r),(X016V23O01.X016V23O02 + 701602303.X016V23O01.701602303.X016V23O02).X016V23O04.(X016V23O02.X016V23O05 + 701602303.X016V23O02.X016V23O06),operand-renamed_same-structure,6
377,17,1,,(b.c +1.b1.c ).(b.p1.(d1.q1)∗d1 + b.p2.(d2.q2)∗d2),(X017V01O01.X017V01O02 +701700103.X017V01O04.X017V01O02 ).(X017V01O01.X017V01O05.(X017V01O06.X017V01O07)∗X017V01O06 + X017V01O01.X017V01O08.(X017V01O09.X017V01O10)∗X017V01O09),operand-renamed_same-structure,10
378,17,2,,(b.c +1.b1.c ).(b.p1.(d1.q1)∗d1 + b.p2.(d2.q2)∗d2),(X017V02O01.X017V02O02 +701700203.X017V02O04.X017V02O02 ).(X017V02O01.X017V02O05.(X017V02O06.X017V02O07)∗X017V02O06 + X017V02O01.X017V02O08.(X017V02O09.X017V02O10)∗X017V02O09),operand-renamed_same-structure,10
379,17,3,,(b.c +1.b1.c ).(b.p1.(d1.q1)∗d1 + b.p2.(d2.q2)∗d2),(X017V03O01.X017V03O02 +701700303.X017V03O04.X017V03O02 ).(X017V03O01.X017V03O05.(X017V03O06.X017V03O07)∗X017V03O06 + X017V03O01.X017V03O08.(X017V03O09.X017V03O10)∗X017V03O09),operand-renamed_same-structure,10
380,17,4,,(b.c +1.b1.c ).(b.p1.(d1.q1)∗d1 + b.p2.(d2.q2)∗d2),(X017V04O01.X017V04O02 +701700403.X017V04O04.X017V04O02 ).(X017V04O01.X017V04O05.(X017V04O06.X017V04O07)∗X017V04O06 + X017V04O01.X017V04O08.(X017V04O09.X017V04O10)∗X017V04O09),operand-renamed_same-structure,10
381,17,5,,(b.c +1.b1.c ).(b.p1.(d1.q1)∗d1 + b.p2.(d2.q2)∗d2),(X017V05O01.X017V05O02 +701700503.X017V05O04.X017V05O02 ).(X017V05O01.X017V05O05.(X017V05O06.X017V05O07)∗X017V05O06 + X017V05O01.X017V05O08.(X017V05O09.X017V05O10)∗X017V05O09),operand-renamed_same-structure,10
382,17,6,,(b.c +1.b1.c ).(b.p1.(d1.q1)∗d1 + b.p2.(d2.q2)∗d2),(X017V06O01.X017V06O02 +701700603.X017V06O04.X017V06O02 ).(X017V06O01.X017V06O05.(X017V06O06.X017V06O07)∗X017V06O06 + X017V06O01.X017V06O08.(X017V06O09.X017V06O10)∗X017V06O09),operand-renamed_same-structure,10
383,17,7,,(b.c +1.b1.c ).(b.p1.(d1.q1)∗d1 + b.p2.(d2.q2)∗d2),(X017V07O01.X017V07O02 +701700703.X017V07O04.X017V07O02 ).(X017V07O01.X017V07O05.(X017V07O06.X017V07O07)∗X017V07O06 + X017V07O01.X017V07O08.(X017V07O09.X017V07O10)∗X017V07O09),operand-renamed_same-structure,10
384,17,8,,(b.c +1.b1.c ).(b.p1.(d1.q1)∗d1 + b.p2.(d2.q2)∗d2),(X017V08O01.X017V08O02 +701700803.X017V08O04.X017V08O02 ).(X017V08O01.X017V08O05.(X017V08O06.X017V08O07)∗X017V08O06 + X017V08O01.X017V08O08.(X017V08O09.X017V08O10)∗X017V08O09),operand-renamed_same-structure,10
385,17,9,,(b.c +1.b1.c ).(b.p1.(d1.q1)∗d1 + b.p2.(d2.q2)∗d2),(X017V09O01.X017V09O02 +701700903.X017V09O04.X017V09O02 ).(X017V09O01.X017V09O05.(X017V09O06.X017V09O07)∗X017V09O06 + X017V09O01.X017V09O08.(X017V09O09.X017V09O10)∗X017V09O09),operand-renamed_same-structure,10
386,17,10,,(b.c +1.b1.c ).(b.p1.(d1.q1)∗d1 + b.p2.(d2.q2)∗d2),(X017V10O01.X017V10O02 +701701003.X017V10O04.X017V10O02 ).(X017V10O01.X017V10O05.(X017V10O06.X017V10O07)∗X017V10O06 + X017V10O01.X017V10O08.(X017V10O09.X017V10O10)∗X017V10O09),operand-renamed_same-structure,10
387,17,11,,(b.c +1.b1.c ).(b.p1.(d1.q1)∗d1 + b.p2.(d2.q2)∗d2),(X017V11O01.X017V11O02 +701701103.X017V11O04.X017V11O02 ).(X017V11O01.X017V11O05.(X017V11O06.X017V11O07)∗X017V11O06 + X017V11O01.X017V11O08.(X017V11O09.X017V11O10)∗X017V11O09),operand-renamed_same-structure,10
388,17,12,,(b.c +1.b1.c ).(b.p1.(d1.q1)∗d1 + b.p2.(d2.q2)∗d2),(X017V12O01.X017V12O02 +701701203.X017V12O04.X017V12O02 ).(X017V12O01.X017V12O05.(X017V12O06.X017V12O07)∗X017V12O06 + X017V12O01.X017V12O08.(X017V12O09.X017V12O10)∗X017V12O09),operand-renamed_same-structure,10
389,17,13,,(b.c +1.b1.c ).(b.p1.(d1.q1)∗d1 + b.p2.(d2.q2)∗d2),(X017V13O01.X017V13O02 +701701303.X017V13O04.X017V13O02 ).(X017V13O01.X017V13O05.(X017V13O06.X017V13O07)∗X017V13O06 + X017V13O01.X017V13O08.(X017V13O09.X017V13O10)∗X017V13O09),operand-renamed_same-structure,10
390,17,14,,(b.c +1.b1.c ).(b.p1.(d1.q1)∗d1 + b.p2.(d2.q2)∗d2),(X017V14O01.X017V14O02 +701701403.X017V14O04.X017V14O02 ).(X017V14O01.X017V14O05.(X017V14O06.X017V14O07)∗X017V14O06 + X017V14O01.X017V14O08.(X017V14O09.X017V14O10)∗X017V14O09),operand-renamed_same-structure,10
391,17,15,,(b.c +1.b1.c ).(b.p1.(d1.q1)∗d1 + b.p2.(d2.q2)∗d2),(X017V15O01.X017V15O02 +701701503.X017V15O04.X017V15O02 ).(X017V15O01.X017V15O05.(X017V15O06.X017V15O07)∗X017V15O06 + X017V15O01.X017V15O08.(X017V15O09.X017V15O10)∗X017V15O09),operand-renamed_same-structure,10
392,17,16,,(b.c +1.b1.c ).(b.p1.(d1.q1)∗d1 + b.p2.(d2.q2)∗d2),(X017V16O01.X017V16O02 +701701603.X017V16O04.X017V16O02 ).(X017V16O01.X017V16O05.(X017V16O06.X017V16O07)∗X017V16O06 + X017V16O01.X017V16O08.(X017V16O09.X017V16O10)∗X017V16O09),operand-renamed_same-structure,10
393,17,17,,(b.c +1.b1.c ).(b.p1.(d1.q1)∗d1 + b.p2.(d2.q2)∗d2),(X017V17O01.X017V17O02 +701701703.X017V17O04.X017V17O02 ).(X017V17O01.X017V17O05.(X017V17O06.X017V17O07)∗X017V17O06 + X017V17O01.X017V17O08.(X017V17O09.X017V17O10)∗X017V17O09),operand-renamed_same-structure,10
394,17,18,,(b.c +1.b1.c ).(b.p1.(d1.q1)∗d1 + b.p2.(d2.q2)∗d2),(X017V18O01.X017V18O02 +701701803.X017V18O04.X017V18O02 ).(X017V18O01.X017V18O05.(X017V18O06.X017V18O07)∗X017V18O06 + X017V18O01.X017V18O08.(X017V18O09.X017V18O10)∗X017V18O09),operand-renamed_same-structure,10
395,17,19,,(b.c +1.b1.c ).(b.p1.(d1.q1)∗d1 + b.p2.(d2.q2)∗d2),(X017V19O01.X017V19O02 +701701903.X017V19O04.X017V19O02 ).(X017V19O01.X017V19O05.(X017V19O06.X017V19O07)∗X017V19O06 + X017V19O01.X017V19O08.(X017V19O09.X017V19O10)∗X017V19O09),operand-renamed_same-structure,10
396,17,20,,(b.c +1.b1.c ).(b.p1.(d1.q1)∗d1 + b.p2.(d2.q2)∗d2),(X017V20O01.X017V20O02 +701702003.X017V20O04.X017V20O02 ).(X017V20O01.X017V20O05.(X017V20O06.X017V20O07)∗X017V20O06 + X017V20O01.X017V20O08.(X017V20O09.X017V20O10)∗X017V20O09),operand-renamed_same-structure,10
397,17,21,,(b.c +1.b1.c ).(b.p1.(d1.q1)∗d1 + b.p2.(d2.q2)∗d2),(X017V21O01.X017V21O02 +701702103.X017V21O04.X017V21O02 ).(X017V21O01.X017V21O05.(X017V21O06.X017V21O07)∗X017V21O06 + X017V21O01.X017V21O08.(X017V21O09.X017V21O10)∗X017V21O09),operand-renamed_same-structure,10
398,17,22,,(b.c +1.b1.c ).(b.p1.(d1.q1)∗d1 + b.p2.(d2.q2)∗d2),(X017V22O01.X017V22O02 +701702203.X017V22O04.X017V22O02 ).(X017V22O01.X017V22O05.(X017V22O06.X017V22O07)∗X017V22O06 + X017V22O01.X017V22O08.(X017V22O09.X017V22O10)∗X017V22O09),operand-renamed_same-structure,10
399,17,23,,(b.c +1.b1.c ).(b.p1.(d1.q1)∗d1 + b.p2.(d2.q2)∗d2),(X017V23O01.X017V23O02 +701702303.X017V23O04.X017V23O02 ).(X017V23O01.X017V23O05.(X017V23O06.X017V23O07)∗X017V23O06 + X017V23O01.X017V23O08.(X017V23O09.X017V23O10)∗X017V23O09),operand-renamed_same-structure,10
400,17,24,,(b.c +1.b1.c ).(b.p1.(d1.q1)∗d1 + b.p2.(d2.q2)∗d2),(X017V24O01.X017V24O02 +701702403.X017V24O04.X017V24O02 ).(X017V24O01.X017V24O05.(X017V24O06.X017V24O07)∗X017V24O06 + X017V24O01.X017V24O08.(X017V24O09.X017V24O10)∗X017V24O09),operand-renamed_same-structure,10
401,18,1,,(b + c).(c.q +1.c.p),(X018V01O01 + X018V01O02).(X018V01O02.X018V01O03 +701800104.X018V01O02.X018V01O05),operand-renamed_same-structure,5
402,18,2,,(b + c).(c.q +1.c.p),(X018V02O01 + X018V02O02).(X018V02O02.X018V02O03 +701800204.X018V02O02.X018V02O05),operand-renamed_same-structure,5
403,18,3,,(b + c).(c.q +1.c.p),(X018V03O01 + X018V03O02).(X018V03O02.X018V03O03 +701800304.X018V03O02.X018V03O05),operand-renamed_same-structure,5
404,18,4,,(b + c).(c.q +1.c.p),(X018V04O01 + X018V04O02).(X018V04O02.X018V04O03 +701800404.X018V04O02.X018V04O05),operand-renamed_same-structure,5
405,18,5,,(b + c).(c.q +1.c.p),(X018V05O01 + X018V05O02).(X018V05O02.X018V05O03 +701800504.X018V05O02.X018V05O05),operand-renamed_same-structure,5
406,18,6,,(b + c).(c.q +1.c.p),(X018V06O01 + X018V06O02).(X018V06O02.X018V06O03 +701800604.X018V06O02.X018V06O05),operand-renamed_same-structure,5
407,18,7,,(b + c).(c.q +1.c.p),(X018V07O01 + X018V07O02).(X018V07O02.X018V07O03 +701800704.X018V07O02.X018V07O05),operand-renamed_same-structure,5
408,18,8,,(b + c).(c.q +1.c.p),(X018V08O01 + X018V08O02).(X018V08O02.X018V08O03 +701800804.X018V08O02.X018V08O05),operand-renamed_same-structure,5
409,18,9,,(b + c).(c.q +1.c.p),(X018V09O01 + X018V09O02).(X018V09O02.X018V09O03 +701800904.X018V09O02.X018V09O05),operand-renamed_same-structure,5
410,18,10,,(b + c).(c.q +1.c.p),(X018V10O01 + X018V10O02).(X018V10O02.X018V10O03 +701801004.X018V10O02.X018V10O05),operand-renamed_same-structure,5
411,18,11,,(b + c).(c.q +1.c.p),(X018V11O01 + X018V11O02).(X018V11O02.X018V11O03 +701801104.X018V11O02.X018V11O05),operand-renamed_same-structure,5
412,18,12,,(b + c).(c.q +1.c.p),(X018V12O01 + X018V12O02).(X018V12O02.X018V12O03 +701801204.X018V12O02.X018V12O05),operand-renamed_same-structure,5
413,18,13,,(b + c).(c.q +1.c.p),(X018V13O01 + X018V13O02).(X018V13O02.X018V13O03 +701801304.X018V13O02.X018V13O05),operand-renamed_same-structure,5
414,18,14,,(b + c).(c.q +1.c.p),(X018V14O01 + X018V14O02).(X018V14O02.X018V14O03 +701801404.X018V14O02.X018V14O05),operand-renamed_same-structure,5
415,18,15,,(b + c).(c.q +1.c.p),(X018V15O01 + X018V15O02).(X018V15O02.X018V15O03 +701801504.X018V15O02.X018V15O05),operand-renamed_same-structure,5
416,18,16,,(b + c).(c.q +1.c.p),(X018V16O01 + X018V16O02).(X018V16O02.X018V16O03 +701801604.X018V16O02.X018V16O05),operand-renamed_same-structure,5
417,18,17,,(b + c).(c.q +1.c.p),(X018V17O01 + X018V17O02).(X018V17O02.X018V17O03 +701801704.X018V17O02.X018V17O05),operand-renamed_same-structure,5
418,18,18,,(b + c).(c.q +1.c.p),(X018V18O01 + X018V18O02).(X018V18O02.X018V18O03 +701801804.X018V18O02.X018V18O05),operand-renamed_same-structure,5
419,18,19,,(b + c).(c.q +1.c.p),(X018V19O01 + X018V19O02).(X018V19O02.X018V19O03 +701801904.X018V19O02.X018V19O05),operand-renamed_same-structure,5
420,18,20,,(b + c).(c.q +1.c.p),(X018V20O01 + X018V20O02).(X018V20O02.X018V20O03 +701802004.X018V20O02.X018V20O05),operand-renamed_same-structure,5
421,18,21,,(b + c).(c.q +1.c.p),(X018V21O01 + X018V21O02).(X018V21O02.X018V21O03 +701802104.X018V21O02.X018V21O05),operand-renamed_same-structure,5
422,18,22,,(b + c).(c.q +1.c.p),(X018V22O01 + X018V22O02).(X018V22O02.X018V22O03 +701802204.X018V22O02.X018V22O05),operand-renamed_same-structure,5
423,18,23,,(b + c).(c.q +1.c.p),(X018V23O01 + X018V23O02).(X018V23O02.X018V23O03 +701802304.X018V23O02.X018V23O05),operand-renamed_same-structure,5
424,19,1,,(b.c +1.b.1.c).(b.p.(b.c + 1.b.1.c))∗1.b,(X019V01O01.X019V01O02 +701900103.X019V01O01.701900103.X019V01O02).(X019V01O01.X019V01O04.(X019V01O01.X019V01O02 + 701900103.X019V01O01.701900103.X019V01O02))∗701900103.X019V01O01,operand-renamed_same-structure,4
425,19,2,,(b.c +1.b.1.c).(b.p.(b.c + 1.b.1.c))∗1.b,(X019V02O01.X019V02O02 +701900203.X019V02O01.701900203.X019V02O02).(X019V02O01.X019V02O04.(X019V02O01.X019V02O02 + 701900203.X019V02O01.701900203.X019V02O02))∗701900203.X019V02O01,operand-renamed_same-structure,4
426,19,3,,(b.c +1.b.1.c).(b.p.(b.c + 1.b.1.c))∗1.b,(X019V03O01.X019V03O02 +701900303.X019V03O01.701900303.X019V03O02).(X019V03O01.X019V03O04.(X019V03O01.X019V03O02 + 701900303.X019V03O01.701900303.X019V03O02))∗701900303.X019V03O01,operand-renamed_same-structure,4
427,19,4,,(b.c +1.b.1.c).(b.p.(b.c + 1.b.1.c))∗1.b,(X019V04O01.X019V04O02 +701900403.X019V04O01.701900403.X019V04O02).(X019V04O01.X019V04O04.(X019V04O01.X019V04O02 + 701900403.X019V04O01.701900403.X019V04O02))∗701900403.X019V04O01,operand-renamed_same-structure,4
428,19,5,,(b.c +1.b.1.c).(b.p.(b.c + 1.b.1.c))∗1.b,(X019V05O01.X019V05O02 +701900503.X019V05O01.701900503.X019V05O02).(X019V05O01.X019V05O04.(X019V05O01.X019V05O02 + 701900503.X019V05O01.701900503.X019V05O02))∗701900503.X019V05O01,operand-renamed_same-structure,4
429,19,6,,(b.c +1.b.1.c).(b.p.(b.c + 1.b.1.c))∗1.b,(X019V06O01.X019V06O02 +701900603.X019V06O01.701900603.X019V06O02).(X019V06O01.X019V06O04.(X019V06O01.X019V06O02 + 701900603.X019V06O01.701900603.X019V06O02))∗701900603.X019V06O01,operand-renamed_same-structure,4
430,19,7,,(b.c +1.b.1.c).(b.p.(b.c + 1.b.1.c))∗1.b,(X019V07O01.X019V07O02 +701900703.X019V07O01.701900703.X019V07O02).(X019V07O01.X019V07O04.(X019V07O01.X019V07O02 + 701900703.X019V07O01.701900703.X019V07O02))∗701900703.X019V07O01,operand-renamed_same-structure,4
431,19,8,,(b.c +1.b.1.c).(b.p.(b.c + 1.b.1.c))∗1.b,(X019V08O01.X019V08O02 +701900803.X019V08O01.701900803.X019V08O02).(X019V08O01.X019V08O04.(X019V08O01.X019V08O02 + 701900803.X019V08O01.701900803.X019V08O02))∗701900803.X019V08O01,operand-renamed_same-structure,4
432,19,9,,(b.c +1.b.1.c).(b.p.(b.c + 1.b.1.c))∗1.b,(X019V09O01.X019V09O02 +701900903.X019V09O01.701900903.X019V09O02).(X019V09O01.X019V09O04.(X019V09O01.X019V09O02 + 701900903.X019V09O01.701900903.X019V09O02))∗701900903.X019V09O01,operand-renamed_same-structure,4
433,19,10,,(b.c +1.b.1.c).(b.p.(b.c + 1.b.1.c))∗1.b,(X019V10O01.X019V10O02 +701901003.X019V10O01.701901003.X019V10O02).(X019V10O01.X019V10O04.(X019V10O01.X019V10O02 + 701901003.X019V10O01.701901003.X019V10O02))∗701901003.X019V10O01,operand-renamed_same-structure,4
434,19,11,,(b.c +1.b.1.c).(b.p.(b.c + 1.b.1.c))∗1.b,(X019V11O01.X019V11O02 +701901103.X019V11O01.701901103.X019V11O02).(X019V11O01.X019V11O04.(X019V11O01.X019V11O02 + 701901103.X019V11O01.701901103.X019V11O02))∗701901103.X019V11O01,operand-renamed_same-structure,4
435,19,12,,(b.c +1.b.1.c).(b.p.(b.c + 1.b.1.c))∗1.b,(X019V12O01.X019V12O02 +701901203.X019V12O01.701901203.X019V12O02).(X019V12O01.X019V12O04.(X019V12O01.X019V12O02 + 701901203.X019V12O01.701901203.X019V12O02))∗701901203.X019V12O01,operand-renamed_same-structure,4
436,19,13,,(b.c +1.b.1.c).(b.p.(b.c + 1.b.1.c))∗1.b,(X019V13O01.X019V13O02 +701901303.X019V13O01.701901303.X019V13O02).(X019V13O01.X019V13O04.(X019V13O01.X019V13O02 + 701901303.X019V13O01.701901303.X019V13O02))∗701901303.X019V13O01,operand-renamed_same-structure,4
437,19,14,,(b.c +1.b.1.c).(b.p.(b.c + 1.b.1.c))∗1.b,(X019V14O01.X019V14O02 +701901403.X019V14O01.701901403.X019V14O02).(X019V14O01.X019V14O04.(X019V14O01.X019V14O02 + 701901403.X019V14O01.701901403.X019V14O02))∗701901403.X019V14O01,operand-renamed_same-structure,4
438,19,15,,(b.c +1.b.1.c).(b.p.(b.c + 1.b.1.c))∗1.b,(X019V15O01.X019V15O02 +701901503.X019V15O01.701901503.X019V15O02).(X019V15O01.X019V15O04.(X019V15O01.X019V15O02 + 701901503.X019V15O01.701901503.X019V15O02))∗701901503.X019V15O01,operand-renamed_same-structure,4
439,19,16,,(b.c +1.b.1.c).(b.p.(b.c + 1.b.1.c))∗1.b,(X019V16O01.X019V16O02 +701901603.X019V16O01.701901603.X019V16O02).(X019V16O01.X019V16O04.(X019V16O01.X019V16O02 + 701901603.X019V16O01.701901603.X019V16O02))∗701901603.X019V16O01,operand-renamed_same-structure,4
440,19,17,,(b.c +1.b.1.c).(b.p.(b.c + 1.b.1.c))∗1.b,(X019V17O01.X019V17O02 +701901703.X019V17O01.701901703.X019V17O02).(X019V17O01.X019V17O04.(X019V17O01.X019V17O02 + 701901703.X019V17O01.701901703.X019V17O02))∗701901703.X019V17O01,operand-renamed_same-structure,4
441,19,18,,(b.c +1.b.1.c).(b.p.(b.c + 1.b.1.c))∗1.b,(X019V18O01.X019V18O02 +701901803.X019V18O01.701901803.X019V18O02).(X019V18O01.X019V18O04.(X019V18O01.X019V18O02 + 701901803.X019V18O01.701901803.X019V18O02))∗701901803.X019V18O01,operand-renamed_same-structure,4
442,19,19,,(b.c +1.b.1.c).(b.p.(b.c + 1.b.1.c))∗1.b,(X019V19O01.X019V19O02 +701901903.X019V19O01.701901903.X019V19O02).(X019V19O01.X019V19O04.(X019V19O01.X019V19O02 + 701901903.X019V19O01.701901903.X019V19O02))∗701901903.X019V19O01,operand-renamed_same-structure,4
443,19,20,,(b.c +1.b.1.c).(b.p.(b.c + 1.b.1.c))∗1.b,(X019V20O01.X019V20O02 +701902003.X019V20O01.701902003.X019V20O02).(X019V20O01.X019V20O04.(X019V20O01.X019V20O02 + 701902003.X019V20O01.701902003.X019V20O02))∗701902003.X019V20O01,operand-renamed_same-structure,4
444,19,21,,(b.c +1.b.1.c).(b.p.(b.c + 1.b.1.c))∗1.b,(X019V21O01.X019V21O02 +701902103.X019V21O01.701902103.X019V21O02).(X019V21O01.X019V21O04.(X019V21O01.X019V21O02 + 701902103.X019V21O01.701902103.X019V21O02))∗701902103.X019V21O01,operand-renamed_same-structure,4
445,19,22,,(b.c +1.b.1.c).(b.p.(b.c + 1.b.1.c))∗1.b,(X019V22O01.X019V22O02 +701902203.X019V22O01.701902203.X019V22O02).(X019V22O01.X019V22O04.(X019V22O01.X019V22O02 + 701902203.X019V22O01.701902203.X019V22O02))∗701902203.X019V22O01,operand-renamed_same-structure,4
446,19,23,,(b.c +1.b.1.c).(b.p.(b.c + 1.b.1.c))∗1.b,(X019V23O01.X019V23O02 +701902303.X019V23O01.701902303.X019V23O02).(X019V23O01.X019V23O04.(X019V23O01.X019V23O02 + 701902303.X019V23O01.701902303.X019V23O02))∗701902303.X019V23O01,operand-renamed_same-structure,4
447,20,1,,(b.c + 1.b.1.c).(c.p.(b.c + 1.b.1.c)) ∗1.c,(X020V01O01.X020V01O02 + 702000103.X020V01O01.702000103.X020V01O02).(X020V01O02.X020V01O04.(X020V01O01.X020V01O02 + 702000103.X020V01O01.702000103.X020V01O02)) ∗702000103.X020V01O02,operand-renamed_same-structure,4
448,20,2,,(b.c + 1.b.1.c).(c.p.(b.c + 1.b.1.c)) ∗1.c,(X020V02O01.X020V02O02 + 702000203.X020V02O01.702000203.X020V02O02).(X020V02O02.X020V02O04.(X020V02O01.X020V02O02 + 702000203.X020V02O01.702000203.X020V02O02)) ∗702000203.X020V02O02,operand-renamed_same-structure,4
449,20,3,,(b.c + 1.b.1.c).(c.p.(b.c + 1.b.1.c)) ∗1.c,(X020V03O01.X020V03O02 + 702000303.X020V03O01.702000303.X020V03O02).(X020V03O02.X020V03O04.(X020V03O01.X020V03O02 + 702000303.X020V03O01.702000303.X020V03O02)) ∗702000303.X020V03O02,operand-renamed_same-structure,4
450,20,4,,(b.c + 1.b.1.c).(c.p.(b.c + 1.b.1.c)) ∗1.c,(X020V04O01.X020V04O02 + 702000403.X020V04O01.702000403.X020V04O02).(X020V04O02.X020V04O04.(X020V04O01.X020V04O02 + 702000403.X020V04O01.702000403.X020V04O02)) ∗702000403.X020V04O02,operand-renamed_same-structure,4
451,20,5,,(b.c + 1.b.1.c).(c.p.(b.c + 1.b.1.c)) ∗1.c,(X020V05O01.X020V05O02 + 702000503.X020V05O01.702000503.X020V05O02).(X020V05O02.X020V05O04.(X020V05O01.X020V05O02 + 702000503.X020V05O01.702000503.X020V05O02)) ∗702000503.X020V05O02,operand-renamed_same-structure,4
452,20,6,,(b.c + 1.b.1.c).(c.p.(b.c + 1.b.1.c)) ∗1.c,(X020V06O01.X020V06O02 + 702000603.X020V06O01.702000603.X020V06O02).(X020V06O02.X020V06O04.(X020V06O01.X020V06O02 + 702000603.X020V06O01.702000603.X020V06O02)) ∗702000603.X020V06O02,operand-renamed_same-structure,4
453,20,7,,(b.c + 1.b.1.c).(c.p.(b.c + 1.b.1.c)) ∗1.c,(X020V07O01.X020V07O02 + 702000703.X020V07O01.702000703.X020V07O02).(X020V07O02.X020V07O04.(X020V07O01.X020V07O02 + 702000703.X020V07O01.702000703.X020V07O02)) ∗702000703.X020V07O02,operand-renamed_same-structure,4
454,20,8,,(b.c + 1.b.1.c).(c.p.(b.c + 1.b.1.c)) ∗1.c,(X020V08O01.X020V08O02 + 702000803.X020V08O01.702000803.X020V08O02).(X020V08O02.X020V08O04.(X020V08O01.X020V08O02 + 702000803.X020V08O01.702000803.X020V08O02)) ∗702000803.X020V08O02,operand-renamed_same-structure,4
455,20,9,,(b.c + 1.b.1.c).(c.p.(b.c + 1.b.1.c)) ∗1.c,(X020V09O01.X020V09O02 + 702000903.X020V09O01.702000903.X020V09O02).(X020V09O02.X020V09O04.(X020V09O01.X020V09O02 + 702000903.X020V09O01.702000903.X020V09O02)) ∗702000903.X020V09O02,operand-renamed_same-structure,4
456,20,10,,(b.c + 1.b.1.c).(c.p.(b.c + 1.b.1.c)) ∗1.c,(X020V10O01.X020V10O02 + 702001003.X020V10O01.702001003.X020V10O02).(X020V10O02.X020V10O04.(X020V10O01.X020V10O02 + 702001003.X020V10O01.702001003.X020V10O02)) ∗702001003.X020V10O02,operand-renamed_same-structure,4
457,20,11,,(b.c + 1.b.1.c).(c.p.(b.c + 1.b.1.c)) ∗1.c,(X020V11O01.X020V11O02 + 702001103.X020V11O01.702001103.X020V11O02).(X020V11O02.X020V11O04.(X020V11O01.X020V11O02 + 702001103.X020V11O01.702001103.X020V11O02)) ∗702001103.X020V11O02,operand-renamed_same-structure,4
458,20,12,,(b.c + 1.b.1.c).(c.p.(b.c + 1.b.1.c)) ∗1.c,(X020V12O01.X020V12O02 + 702001203.X020V12O01.702001203.X020V12O02).(X020V12O02.X020V12O04.(X020V12O01.X020V12O02 + 702001203.X020V12O01.702001203.X020V12O02)) ∗702001203.X020V12O02,operand-renamed_same-structure,4
459,20,13,,(b.c + 1.b.1.c).(c.p.(b.c + 1.b.1.c)) ∗1.c,(X020V13O01.X020V13O02 + 702001303.X020V13O01.702001303.X020V13O02).(X020V13O02.X020V13O04.(X020V13O01.X020V13O02 + 702001303.X020V13O01.702001303.X020V13O02)) ∗702001303.X020V13O02,operand-renamed_same-structure,4
460,20,14,,(b.c + 1.b.1.c).(c.p.(b.c + 1.b.1.c)) ∗1.c,(X020V14O01.X020V14O02 + 702001403.X020V14O01.702001403.X020V14O02).(X020V14O02.X020V14O04.(X020V14O01.X020V14O02 + 702001403.X020V14O01.702001403.X020V14O02)) ∗702001403.X020V14O02,operand-renamed_same-structure,4
461,20,15,,(b.c + 1.b.1.c).(c.p.(b.c + 1.b.1.c)) ∗1.c,(X020V15O01.X020V15O02 + 702001503.X020V15O01.702001503.X020V15O02).(X020V15O02.X020V15O04.(X020V15O01.X020V15O02 + 702001503.X020V15O01.702001503.X020V15O02)) ∗702001503.X020V15O02,operand-renamed_same-structure,4
462,20,16,,(b.c + 1.b.1.c).(c.p.(b.c + 1.b.1.c)) ∗1.c,(X020V16O01.X020V16O02 + 702001603.X020V16O01.702001603.X020V16O02).(X020V16O02.X020V16O04.(X020V16O01.X020V16O02 + 702001603.X020V16O01.702001603.X020V16O02)) ∗702001603.X020V16O02,operand-renamed_same-structure,4
463,20,17,,(b.c + 1.b.1.c).(c.p.(b.c + 1.b.1.c)) ∗1.c,(X020V17O01.X020V17O02 + 702001703.X020V17O01.702001703.X020V17O02).(X020V17O02.X020V17O04.(X020V17O01.X020V17O02 + 702001703.X020V17O01.702001703.X020V17O02)) ∗702001703.X020V17O02,operand-renamed_same-structure,4
464,20,18,,(b.c + 1.b.1.c).(c.p.(b.c + 1.b.1.c)) ∗1.c,(X020V18O01.X020V18O02 + 702001803.X020V18O01.702001803.X020V18O02).(X020V18O02.X020V18O04.(X020V18O01.X020V18O02 + 702001803.X020V18O01.702001803.X020V18O02)) ∗702001803.X020V18O02,operand-renamed_same-structure,4
465,20,19,,(b.c + 1.b.1.c).(c.p.(b.c + 1.b.1.c)) ∗1.c,(X020V19O01.X020V19O02 + 702001903.X020V19O01.702001903.X020V19O02).(X020V19O02.X020V19O04.(X020V19O01.X020V19O02 + 702001903.X020V19O01.702001903.X020V19O02)) ∗702001903.X020V19O02,operand-renamed_same-structure,4
466,20,20,,(b.c + 1.b.1.c).(c.p.(b.c + 1.b.1.c)) ∗1.c,(X020V20O01.X020V20O02 + 702002003.X020V20O01.702002003.X020V20O02).(X020V20O02.X020V20O04.(X020V20O01.X020V20O02 + 702002003.X020V20O01.702002003.X020V20O02)) ∗702002003.X020V20O02,operand-renamed_same-structure,4
467,20,21,,(b.c + 1.b.1.c).(c.p.(b.c + 1.b.1.c)) ∗1.c,(X020V21O01.X020V21O02 + 702002103.X020V21O01.702002103.X020V21O02).(X020V21O02.X020V21O04.(X020V21O01.X020V21O02 + 702002103.X020V21O01.702002103.X020V21O02)) ∗702002103.X020V21O02,operand-renamed_same-structure,4
468,20,22,,(b.c + 1.b.1.c).(c.p.(b.c + 1.b.1.c)) ∗1.c,(X020V22O01.X020V22O02 + 702002203.X020V22O01.702002203.X020V22O02).(X020V22O02.X020V22O04.(X020V22O01.X020V22O02 + 702002203.X020V22O01.702002203.X020V22O02)) ∗702002203.X020V22O02,operand-renamed_same-structure,4
469,20,23,,(b.c + 1.b.1.c).(c.p.(b.c + 1.b.1.c)) ∗1.c,(X020V23O01.X020V23O02 + 702002303.X020V23O01.702002303.X020V23O02).(X020V23O02.X020V23O04.(X020V23O01.X020V23O02 + 702002303.X020V23O01.702002303.X020V23O02)) ∗702002303.X020V23O02,operand-renamed_same-structure,4
470,21,1,,b.(b.p.(1.b.q + b)) ∗ 1.b,X021V01O01.(X021V01O01.X021V01O02.(702100103.X021V01O01.X021V01O04 + X021V01O01)) ∗ 702100103.X021V01O01,operand-renamed_same-structure,4
471,21,2,,b.(b.p.(1.b.q + b)) ∗ 1.b,X021V02O01.(X021V02O01.X021V02O02.(702100203.X021V02O01.X021V02O04 + X021V02O01)) ∗ 702100203.X021V02O01,operand-renamed_same-structure,4
472,21,3,,b.(b.p.(1.b.q + b)) ∗ 1.b,X021V03O01.(X021V03O01.X021V03O02.(702100303.X021V03O01.X021V03O04 + X021V03O01)) ∗ 702100303.X021V03O01,operand-renamed_same-structure,4
473,21,4,,b.(b.p.(1.b.q + b)) ∗ 1.b,X021V04O01.(X021V04O01.X021V04O02.(702100403.X021V04O01.X021V04O04 + X021V04O01)) ∗ 702100403.X021V04O01,operand-renamed_same-structure,4
474,21,5,,b.(b.p.(1.b.q + b)) ∗ 1.b,X021V05O01.(X021V05O01.X021V05O02.(702100503.X021V05O01.X021V05O04 + X021V05O01)) ∗ 702100503.X021V05O01,operand-renamed_same-structure,4
475,21,6,,b.(b.p.(1.b.q + b)) ∗ 1.b,X021V06O01.(X021V06O01.X021V06O02.(702100603.X021V06O01.X021V06O04 + X021V06O01)) ∗ 702100603.X021V06O01,operand-renamed_same-structure,4
476,21,7,,b.(b.p.(1.b.q + b)) ∗ 1.b,X021V07O01.(X021V07O01.X021V07O02.(702100703.X021V07O01.X021V07O04 + X021V07O01)) ∗ 702100703.X021V07O01,operand-renamed_same-structure,4
477,21,8,,b.(b.p.(1.b.q + b)) ∗ 1.b,X021V08O01.(X021V08O01.X021V08O02.(702100803.X021V08O01.X021V08O04 + X021V08O01)) ∗ 702100803.X021V08O01,operand-renamed_same-structure,4
478,21,9,,b.(b.p.(1.b.q + b)) ∗ 1.b,X021V09O01.(X021V09O01.X021V09O02.(702100903.X021V09O01.X021V09O04 + X021V09O01)) ∗ 702100903.X021V09O01,operand-renamed_same-structure,4
479,21,10,,b.(b.p.(1.b.q + b)) ∗ 1.b,X021V10O01.(X021V10O01.X021V10O02.(702101003.X021V10O01.X021V10O04 + X021V10O01)) ∗ 702101003.X021V10O01,operand-renamed_same-structure,4
480,21,11,,b.(b.p.(1.b.q + b)) ∗ 1.b,X021V11O01.(X021V11O01.X021V11O02.(702101103.X021V11O01.X021V11O04 + X021V11O01)) ∗ 702101103.X021V11O01,operand-renamed_same-structure,4
481,21,12,,b.(b.p.(1.b.q + b)) ∗ 1.b,X021V12O01.(X021V12O01.X021V12O02.(702101203.X021V12O01.X021V12O04 + X021V12O01)) ∗ 702101203.X021V12O01,operand-renamed_same-structure,4
482,21,13,,b.(b.p.(1.b.q + b)) ∗ 1.b,X021V13O01.(X021V13O01.X021V13O02.(702101303.X021V13O01.X021V13O04 + X021V13O01)) ∗ 702101303.X021V13O01,operand-renamed_same-structure,4
483,21,14,,b.(b.p.(1.b.q + b)) ∗ 1.b,X021V14O01.(X021V14O01.X021V14O02.(702101403.X021V14O01.X021V14O04 + X021V14O01)) ∗ 702101403.X021V14O01,operand-renamed_same-structure,4
484,21,15,,b.(b.p.(1.b.q + b)) ∗ 1.b,X021V15O01.(X021V15O01.X021V15O02.(702101503.X021V15O01.X021V15O04 + X021V15O01)) ∗ 702101503.X021V15O01,operand-renamed_same-structure,4
485,21,16,,b.(b.p.(1.b.q + b)) ∗ 1.b,X021V16O01.(X021V16O01.X021V16O02.(702101603.X021V16O01.X021V16O04 + X021V16O01)) ∗ 702101603.X021V16O01,operand-renamed_same-structure,4
486,21,17,,b.(b.p.(1.b.q + b)) ∗ 1.b,X021V17O01.(X021V17O01.X021V17O02.(702101703.X021V17O01.X021V17O04 + X021V17O01)) ∗ 702101703.X021V17O01,operand-renamed_same-structure,4
487,21,18,,b.(b.p.(1.b.q + b)) ∗ 1.b,X021V18O01.(X021V18O01.X021V18O02.(702101803.X021V18O01.X021V18O04 + X021V18O01)) ∗ 702101803.X021V18O01,operand-renamed_same-structure,4
488,21,19,,b.(b.p.(1.b.q + b)) ∗ 1.b,X021V19O01.(X021V19O01.X021V19O02.(702101903.X021V19O01.X021V19O04 + X021V19O01)) ∗ 702101903.X021V19O01,operand-renamed_same-structure,4
489,21,20,,b.(b.p.(1.b.q + b)) ∗ 1.b,X021V20O01.(X021V20O01.X021V20O02.(702102003.X021V20O01.X021V20O04 + X021V20O01)) ∗ 702102003.X021V20O01,operand-renamed_same-structure,4
490,21,21,,b.(b.p.(1.b.q + b)) ∗ 1.b,X021V21O01.(X021V21O01.X021V21O02.(702102103.X021V21O01.X021V21O04 + X021V21O01)) ∗ 702102103.X021V21O01,operand-renamed_same-structure,4
491,21,22,,b.(b.p.(1.b.q + b)) ∗ 1.b,X021V22O01.(X021V22O01.X021V22O02.(702102203.X021V22O01.X021V22O04 + X021V22O01)) ∗ 702102203.X021V22O01,operand-renamed_same-structure,4
492,21,23,,b.(b.p.(1.b.q + b)) ∗ 1.b,X021V23O01.(X021V23O01.X021V23O02.(702102303.X021V23O01.X021V23O04 + X021V23O01)) ∗ 702102303.X021V23O01,operand-renamed_same-structure,4
493,21,24,,b.(b.p.(1.b.q + b)) ∗ 1.b,X021V24O01.(X021V24O01.X021V24O02.(702102403.X021V24O01.X021V24O04 + X021V24O01)) ∗ 702102403.X021V24O01,operand-renamed_same-structure,4
494,22,1,1994-A completeness theorem for Kleene algebras and the algebra of regular events,(a+b)*((a+b)(a+b)*)*,(X022V01O01+X022V01O02)*((X022V01O01+X022V01O02)(X022V01O01+X022V01O02)*)*,operand-renamed_same-structure,2
495,22,2,1994-A completeness theorem for Kleene algebras and the algebra of regular events,(a+b)*((a+b)(a+b)*)*,(X022V02O01+X022V02O02)*((X022V02O01+X022V02O02)(X022V02O01+X022V02O02)*)*,operand-renamed_same-structure,2
496,22,3,1994-A completeness theorem for Kleene algebras and the algebra of regular events,(a+b)*((a+b)(a+b)*)*,(X022V03O01+X022V03O02)*((X022V03O01+X022V03O02)(X022V03O01+X022V03O02)*)*,operand-renamed_same-structure,2
497,22,4,1994-A completeness theorem for Kleene algebras and the algebra of regular events,(a+b)*((a+b)(a+b)*)*,(X022V04O01+X022V04O02)*((X022V04O01+X022V04O02)(X022V04O01+X022V04O02)*)*,operand-renamed_same-structure,2
498,22,5,1994-A completeness theorem for Kleene algebras and the algebra of regular events,(a+b)*((a+b)(a+b)*)*,(X022V05O01+X022V05O02)*((X022V05O01+X022V05O02)(X022V05O01+X022V05O02)*)*,operand-renamed_same-structure,2
499,22,6,1994-A completeness theorem for Kleene algebras and the algebra of regular events,(a+b)*((a+b)(a+b)*)*,(X022V06O01+X022V06O02)*((X022V06O01+X022V06O02)(X022V06O01+X022V06O02)*)*,operand-renamed_same-structure,2
500,22,7,1994-A completeness theorem for Kleene algebras and the algebra of regular events,(a+b)*((a+b)(a+b)*)*,(X022V07O01+X022V07O02)*((X022V07O01+X022V07O02)(X022V07O01+X022V07O02)*)*,operand-renamed_same-structure,2
501,22,8,1994-A completeness theorem for Kleene algebras and the algebra of regular events,(a+b)*((a+b)(a+b)*)*,(X022V08O01+X022V08O02)*((X022V08O01+X022V08O02)(X022V08O01+X022V08O02)*)*,operand-renamed_same-structure,2
502,22,9,1994-A completeness theorem for Kleene algebras and the algebra of regular events,(a+b)*((a+b)(a+b)*)*,(X022V09O01+X022V09O02)*((X022V09O01+X022V09O02)(X022V09O01+X022V09O02)*)*,operand-renamed_same-structure,2
503,22,10,1994-A completeness theorem for Kleene algebras and the algebra of regular events,(a+b)*((a+b)(a+b)*)*,(X022V10O01+X022V10O02)*((X022V10O01+X022V10O02)(X022V10O01+X022V10O02)*)*,operand-renamed_same-structure,2
504,22,11,1994-A completeness theorem for Kleene algebras and the algebra of regular events,(a+b)*((a+b)(a+b)*)*,(X022V11O01+X022V11O02)*((X022V11O01+X022V11O02)(X022V11O01+X022V11O02)*)*,operand-renamed_same-structure,2
505,22,12,1994-A completeness theorem for Kleene algebras and the algebra of regular events,(a+b)*((a+b)(a+b)*)*,(X022V12O01+X022V12O02)*((X022V12O01+X022V12O02)(X022V12O01+X022V12O02)*)*,operand-renamed_same-structure,2
506,22,13,1994-A completeness theorem for Kleene algebras and the algebra of regular events,(a+b)*((a+b)(a+b)*)*,(X022V13O01+X022V13O02)*((X022V13O01+X022V13O02)(X022V13O01+X022V13O02)*)*,operand-renamed_same-structure,2
507,22,14,1994-A completeness theorem for Kleene algebras and the algebra of regular events,(a+b)*((a+b)(a+b)*)*,(X022V14O01+X022V14O02)*((X022V14O01+X022V14O02)(X022V14O01+X022V14O02)*)*,operand-renamed_same-structure,2
508,22,15,1994-A completeness theorem for Kleene algebras and the algebra of regular events,(a+b)*((a+b)(a+b)*)*,(X022V15O01+X022V15O02)*((X022V15O01+X022V15O02)(X022V15O01+X022V15O02)*)*,operand-renamed_same-structure,2
509,22,16,1994-A completeness theorem for Kleene algebras and the algebra of regular events,(a+b)*((a+b)(a+b)*)*,(X022V16O01+X022V16O02)*((X022V16O01+X022V16O02)(X022V16O01+X022V16O02)*)*,operand-renamed_same-structure,2
510,22,17,1994-A completeness theorem for Kleene algebras and the algebra of regular events,(a+b)*((a+b)(a+b)*)*,(X022V17O01+X022V17O02)*((X022V17O01+X022V17O02)(X022V17O01+X022V17O02)*)*,operand-renamed_same-structure,2
511,22,18,1994-A completeness theorem for Kleene algebras and the algebra of regular events,(a+b)*((a+b)(a+b)*)*,(X022V18O01+X022V18O02)*((X022V18O01+X022V18O02)(X022V18O01+X022V18O02)*)*,operand-renamed_same-structure,2
512,22,19,1994-A completeness theorem for Kleene algebras and the algebra of regular events,(a+b)*((a+b)(a+b)*)*,(X022V19O01+X022V19O02)*((X022V19O01+X022V19O02)(X022V19O01+X022V19O02)*)*,operand-renamed_same-structure,2
513,22,20,1994-A completeness theorem for Kleene algebras and the algebra of regular events,(a+b)*((a+b)(a+b)*)*,(X022V20O01+X022V20O02)*((X022V20O01+X022V20O02)(X022V20O01+X022V20O02)*)*,operand-renamed_same-structure,2
514,22,21,1994-A completeness theorem for Kleene algebras and the algebra of regular events,(a+b)*((a+b)(a+b)*)*,(X022V21O01+X022V21O02)*((X022V21O01+X022V21O02)(X022V21O01+X022V21O02)*)*,operand-renamed_same-structure,2
515,22,22,1994-A completeness theorem for Kleene algebras and the algebra of regular events,(a+b)*((a+b)(a+b)*)*,(X022V22O01+X022V22O02)*((X022V22O01+X022V22O02)(X022V22O01+X022V22O02)*)*,operand-renamed_same-structure,2
516,22,23,1994-A completeness theorem for Kleene algebras and the algebra of regular events,(a+b)*((a+b)(a+b)*)*,(X022V23O01+X022V23O02)*((X022V23O01+X022V23O02)(X022V23O01+X022V23O02)*)*,operand-renamed_same-structure,2
517,23,1,,(a+b)*((a+b)*)*,(X023V01O01+X023V01O02)*((X023V01O01+X023V01O02)*)*,operand-renamed_same-structure,2
518,23,2,,(a+b)*((a+b)*)*,(X023V02O01+X023V02O02)*((X023V02O01+X023V02O02)*)*,operand-renamed_same-structure,2
519,23,3,,(a+b)*((a+b)*)*,(X023V03O01+X023V03O02)*((X023V03O01+X023V03O02)*)*,operand-renamed_same-structure,2
520,23,4,,(a+b)*((a+b)*)*,(X023V04O01+X023V04O02)*((X023V04O01+X023V04O02)*)*,operand-renamed_same-structure,2
521,23,5,,(a+b)*((a+b)*)*,(X023V05O01+X023V05O02)*((X023V05O01+X023V05O02)*)*,operand-renamed_same-structure,2
522,23,6,,(a+b)*((a+b)*)*,(X023V06O01+X023V06O02)*((X023V06O01+X023V06O02)*)*,operand-renamed_same-structure,2
523,23,7,,(a+b)*((a+b)*)*,(X023V07O01+X023V07O02)*((X023V07O01+X023V07O02)*)*,operand-renamed_same-structure,2
524,23,8,,(a+b)*((a+b)*)*,(X023V08O01+X023V08O02)*((X023V08O01+X023V08O02)*)*,operand-renamed_same-structure,2
525,23,9,,(a+b)*((a+b)*)*,(X023V09O01+X023V09O02)*((X023V09O01+X023V09O02)*)*,operand-renamed_same-structure,2
526,23,10,,(a+b)*((a+b)*)*,(X023V10O01+X023V10O02)*((X023V10O01+X023V10O02)*)*,operand-renamed_same-structure,2
527,23,11,,(a+b)*((a+b)*)*,(X023V11O01+X023V11O02)*((X023V11O01+X023V11O02)*)*,operand-renamed_same-structure,2
528,23,12,,(a+b)*((a+b)*)*,(X023V12O01+X023V12O02)*((X023V12O01+X023V12O02)*)*,operand-renamed_same-structure,2
529,23,13,,(a+b)*((a+b)*)*,(X023V13O01+X023V13O02)*((X023V13O01+X023V13O02)*)*,operand-renamed_same-structure,2
530,23,14,,(a+b)*((a+b)*)*,(X023V14O01+X023V14O02)*((X023V14O01+X023V14O02)*)*,operand-renamed_same-structure,2
531,23,15,,(a+b)*((a+b)*)*,(X023V15O01+X023V15O02)*((X023V15O01+X023V15O02)*)*,operand-renamed_same-structure,2
532,23,16,,(a+b)*((a+b)*)*,(X023V16O01+X023V16O02)*((X023V16O01+X023V16O02)*)*,operand-renamed_same-structure,2
533,23,17,,(a+b)*((a+b)*)*,(X023V17O01+X023V17O02)*((X023V17O01+X023V17O02)*)*,operand-renamed_same-structure,2
534,23,18,,(a+b)*((a+b)*)*,(X023V18O01+X023V18O02)*((X023V18O01+X023V18O02)*)*,operand-renamed_same-structure,2
535,23,19,,(a+b)*((a+b)*)*,(X023V19O01+X023V19O02)*((X023V19O01+X023V19O02)*)*,operand-renamed_same-structure,2
536,23,20,,(a+b)*((a+b)*)*,(X023V20O01+X023V20O02)*((X023V20O01+X023V20O02)*)*,operand-renamed_same-structure,2
537,23,21,,(a+b)*((a+b)*)*,(X023V21O01+X023V21O02)*((X023V21O01+X023V21O02)*)*,operand-renamed_same-structure,2
538,23,22,,(a+b)*((a+b)*)*,(X023V22O01+X023V22O02)*((X023V22O01+X023V22O02)*)*,operand-renamed_same-structure,2
539,23,23,,(a+b)*((a+b)*)*,(X023V23O01+X023V23O02)*((X023V23O01+X023V23O02)*)*,operand-renamed_same-structure,2
540,24,1,,(a+ad*c)*,(X024V01O01+X024V01O02*X024V01O03)*,operand-renamed_same-structure,3
541,24,2,,(a+ad*c)*,(X024V02O01+X024V02O02*X024V02O03)*,operand-renamed_same-structure,3
542,24,3,,(a+ad*c)*,(X024V03O01+X024V03O02*X024V03O03)*,operand-renamed_same-structure,3
543,24,4,,(a+ad*c)*,(X024V04O01+X024V04O02*X024V04O03)*,operand-renamed_same-structure,3
544,24,5,,(a+ad*c)*,(X024V05O01+X024V05O02*X024V05O03)*,operand-renamed_same-structure,3
545,24,6,,(a+ad*c)*,(X024V06O01+X024V06O02*X024V06O03)*,operand-renamed_same-structure,3
546,24,7,,(a+ad*c)*,(X024V07O01+X024V07O02*X024V07O03)*,operand-renamed_same-structure,3
547,24,8,,(a+ad*c)*,(X024V08O01+X024V08O02*X024V08O03)*,operand-renamed_same-structure,3
548,24,9,,(a+ad*c)*,(X024V09O01+X024V09O02*X024V09O03)*,operand-renamed_same-structure,3
549,24,10,,(a+ad*c)*,(X024V10O01+X024V10O02*X024V10O03)*,operand-renamed_same-structure,3
550,24,11,,(a+ad*c)*,(X024V11O01+X024V11O02*X024V11O03)*,operand-renamed_same-structure,3
551,24,12,,(a+ad*c)*,(X024V12O01+X024V12O02*X024V12O03)*,operand-renamed_same-structure,3
552,24,13,,(a+ad*c)*,(X024V13O01+X024V13O02*X024V13O03)*,operand-renamed_same-structure,3
553,24,14,,(a+ad*c)*,(X024V14O01+X024V14O02*X024V14O03)*,operand-renamed_same-structure,3
554,24,15,,(a+ad*c)*,(X024V15O01+X024V15O02*X024V15O03)*,operand-renamed_same-structure,3
555,24,16,,(a+ad*c)*,(X024V16O01+X024V16O02*X024V16O03)*,operand-renamed_same-structure,3
556,24,17,,(a+ad*c)*,(X024V17O01+X024V17O02*X024V17O03)*,operand-renamed_same-structure,3
557,24,18,,(a+ad*c)*,(X024V18O01+X024V18O02*X024V18O03)*,operand-renamed_same-structure,3
558,24,19,,(a+ad*c)*,(X024V19O01+X024V19O02*X024V19O03)*,operand-renamed_same-structure,3
559,24,20,,(a+ad*c)*,(X024V20O01+X024V20O02*X024V20O03)*,operand-renamed_same-structure,3
560,24,21,,(a+ad*c)*,(X024V21O01+X024V21O02*X024V21O03)*,operand-renamed_same-structure,3
561,24,22,,(a+ad*c)*,(X024V22O01+X024V22O02*X024V22O03)*,operand-renamed_same-structure,3
562,24,23,,(a+ad*c)*,(X024V23O01+X024V23O02*X024V23O03)*,operand-renamed_same-structure,3
563,24,24,,(a+ad*c)*,(X024V24O01+X024V24O02*X024V24O03)*,operand-renamed_same-structure,3
564,25,1,,1+c.f*.b.d*+d.(d*+d*.c.f*.b.d*),702500101+X025V01O02.X025V01O03*.X025V01O04.X025V01O05*+X025V01O05.(X025V01O05*+X025V01O05*.X025V01O02.X025V01O03*.X025V01O04.X025V01O05*),operand-renamed_same-structure,5
565,25,2,,1+c.f*.b.d*+d.(d*+d*.c.f*.b.d*),702500201+X025V02O02.X025V02O03*.X025V02O04.X025V02O05*+X025V02O05.(X025V02O05*+X025V02O05*.X025V02O02.X025V02O03*.X025V02O04.X025V02O05*),operand-renamed_same-structure,5
566,25,3,,1+c.f*.b.d*+d.(d*+d*.c.f*.b.d*),702500301+X025V03O02.X025V03O03*.X025V03O04.X025V03O05*+X025V03O05.(X025V03O05*+X025V03O05*.X025V03O02.X025V03O03*.X025V03O04.X025V03O05*),operand-renamed_same-structure,5
567,25,4,,1+c.f*.b.d*+d.(d*+d*.c.f*.b.d*),702500401+X025V04O02.X025V04O03*.X025V04O04.X025V04O05*+X025V04O05.(X025V04O05*+X025V04O05*.X025V04O02.X025V04O03*.X025V04O04.X025V04O05*),operand-renamed_same-structure,5
568,25,5,,1+c.f*.b.d*+d.(d*+d*.c.f*.b.d*),702500501+X025V05O02.X025V05O03*.X025V05O04.X025V05O05*+X025V05O05.(X025V05O05*+X025V05O05*.X025V05O02.X025V05O03*.X025V05O04.X025V05O05*),operand-renamed_same-structure,5
569,25,6,,1+c.f*.b.d*+d.(d*+d*.c.f*.b.d*),702500601+X025V06O02.X025V06O03*.X025V06O04.X025V06O05*+X025V06O05.(X025V06O05*+X025V06O05*.X025V06O02.X025V06O03*.X025V06O04.X025V06O05*),operand-renamed_same-structure,5
570,25,7,,1+c.f*.b.d*+d.(d*+d*.c.f*.b.d*),702500701+X025V07O02.X025V07O03*.X025V07O04.X025V07O05*+X025V07O05.(X025V07O05*+X025V07O05*.X025V07O02.X025V07O03*.X025V07O04.X025V07O05*),operand-renamed_same-structure,5
571,25,8,,1+c.f*.b.d*+d.(d*+d*.c.f*.b.d*),702500801+X025V08O02.X025V08O03*.X025V08O04.X025V08O05*+X025V08O05.(X025V08O05*+X025V08O05*.X025V08O02.X025V08O03*.X025V08O04.X025V08O05*),operand-renamed_same-structure,5
572,25,9,,1+c.f*.b.d*+d.(d*+d*.c.f*.b.d*),702500901+X025V09O02.X025V09O03*.X025V09O04.X025V09O05*+X025V09O05.(X025V09O05*+X025V09O05*.X025V09O02.X025V09O03*.X025V09O04.X025V09O05*),operand-renamed_same-structure,5
573,25,10,,1+c.f*.b.d*+d.(d*+d*.c.f*.b.d*),702501001+X025V10O02.X025V10O03*.X025V10O04.X025V10O05*+X025V10O05.(X025V10O05*+X025V10O05*.X025V10O02.X025V10O03*.X025V10O04.X025V10O05*),operand-renamed_same-structure,5
574,25,11,,1+c.f*.b.d*+d.(d*+d*.c.f*.b.d*),702501101+X025V11O02.X025V11O03*.X025V11O04.X025V11O05*+X025V11O05.(X025V11O05*+X025V11O05*.X025V11O02.X025V11O03*.X025V11O04.X025V11O05*),operand-renamed_same-structure,5
575,25,12,,1+c.f*.b.d*+d.(d*+d*.c.f*.b.d*),702501201+X025V12O02.X025V12O03*.X025V12O04.X025V12O05*+X025V12O05.(X025V12O05*+X025V12O05*.X025V12O02.X025V12O03*.X025V12O04.X025V12O05*),operand-renamed_same-structure,5
576,25,13,,1+c.f*.b.d*+d.(d*+d*.c.f*.b.d*),702501301+X025V13O02.X025V13O03*.X025V13O04.X025V13O05*+X025V13O05.(X025V13O05*+X025V13O05*.X025V13O02.X025V13O03*.X025V13O04.X025V13O05*),operand-renamed_same-structure,5
577,25,14,,1+c.f*.b.d*+d.(d*+d*.c.f*.b.d*),702501401+X025V14O02.X025V14O03*.X025V14O04.X025V14O05*+X025V14O05.(X025V14O05*+X025V14O05*.X025V14O02.X025V14O03*.X025V14O04.X025V14O05*),operand-renamed_same-structure,5
578,25,15,,1+c.f*.b.d*+d.(d*+d*.c.f*.b.d*),702501501+X025V15O02.X025V15O03*.X025V15O04.X025V15O05*+X025V15O05.(X025V15O05*+X025V15O05*.X025V15O02.X025V15O03*.X025V15O04.X025V15O05*),operand-renamed_same-structure,5
579,25,16,,1+c.f*.b.d*+d.(d*+d*.c.f*.b.d*),702501601+X025V16O02.X025V16O03*.X025V16O04.X025V16O05*+X025V16O05.(X025V16O05*+X025V16O05*.X025V16O02.X025V16O03*.X025V16O04.X025V16O05*),operand-renamed_same-structure,5
580,25,17,,1+c.f*.b.d*+d.(d*+d*.c.f*.b.d*),702501701+X025V17O02.X025V17O03*.X025V17O04.X025V17O05*+X025V17O05.(X025V17O05*+X025V17O05*.X025V17O02.X025V17O03*.X025V17O04.X025V17O05*),operand-renamed_same-structure,5
581,25,18,,1+c.f*.b.d*+d.(d*+d*.c.f*.b.d*),702501801+X025V18O02.X025V18O03*.X025V18O04.X025V18O05*+X025V18O05.(X025V18O05*+X025V18O05*.X025V18O02.X025V18O03*.X025V18O04.X025V18O05*),operand-renamed_same-structure,5
582,25,19,,1+c.f*.b.d*+d.(d*+d*.c.f*.b.d*),702501901+X025V19O02.X025V19O03*.X025V19O04.X025V19O05*+X025V19O05.(X025V19O05*+X025V19O05*.X025V19O02.X025V19O03*.X025V19O04.X025V19O05*),operand-renamed_same-structure,5
583,25,20,,1+c.f*.b.d*+d.(d*+d*.c.f*.b.d*),702502001+X025V20O02.X025V20O03*.X025V20O04.X025V20O05*+X025V20O05.(X025V20O05*+X025V20O05*.X025V20O02.X025V20O03*.X025V20O04.X025V20O05*),operand-renamed_same-structure,5
584,25,21,,1+c.f*.b.d*+d.(d*+d*.c.f*.b.d*),702502101+X025V21O02.X025V21O03*.X025V21O04.X025V21O05*+X025V21O05.(X025V21O05*+X025V21O05*.X025V21O02.X025V21O03*.X025V21O04.X025V21O05*),operand-renamed_same-structure,5
585,25,22,,1+c.f*.b.d*+d.(d*+d*.c.f*.b.d*),702502201+X025V22O02.X025V22O03*.X025V22O04.X025V22O05*+X025V22O05.(X025V22O05*+X025V22O05*.X025V22O02.X025V22O03*.X025V22O04.X025V22O05*),operand-renamed_same-structure,5
586,25,23,,1+c.f*.b.d*+d.(d*+d*.c.f*.b.d*),702502301+X025V23O02.X025V23O03*.X025V23O04.X025V23O05*+X025V23O05.(X025V23O05*+X025V23O05*.X025V23O02.X025V23O03*.X025V23O04.X025V23O05*),operand-renamed_same-structure,5
587,25,24,,1+c.f*.b.d*+d.(d*+d*.c.f*.b.d*),702502401+X025V24O02.X025V24O03*.X025V24O04.X025V24O05*+X025V24O05.(X025V24O05*+X025V24O05*.X025V24O02.X025V24O03*.X025V24O04.X025V24O05*),operand-renamed_same-structure,5
588,26,1,,(1+d.d*)(1+c.f*.b.d*),(702600101+X026V01O02.X026V01O02*)(702600101+X026V01O03.X026V01O04*.X026V01O05.X026V01O02*),operand-renamed_same-structure,5
589,26,2,,(1+d.d*)(1+c.f*.b.d*),(702600201+X026V02O02.X026V02O02*)(702600201+X026V02O03.X026V02O04*.X026V02O05.X026V02O02*),operand-renamed_same-structure,5
590,26,3,,(1+d.d*)(1+c.f*.b.d*),(702600301+X026V03O02.X026V03O02*)(702600301+X026V03O03.X026V03O04*.X026V03O05.X026V03O02*),operand-renamed_same-structure,5
591,26,4,,(1+d.d*)(1+c.f*.b.d*),(702600401+X026V04O02.X026V04O02*)(702600401+X026V04O03.X026V04O04*.X026V04O05.X026V04O02*),operand-renamed_same-structure,5
592,26,5,,(1+d.d*)(1+c.f*.b.d*),(702600501+X026V05O02.X026V05O02*)(702600501+X026V05O03.X026V05O04*.X026V05O05.X026V05O02*),operand-renamed_same-structure,5
593,26,6,,(1+d.d*)(1+c.f*.b.d*),(702600601+X026V06O02.X026V06O02*)(702600601+X026V06O03.X026V06O04*.X026V06O05.X026V06O02*),operand-renamed_same-structure,5
594,26,7,,(1+d.d*)(1+c.f*.b.d*),(702600701+X026V07O02.X026V07O02*)(702600701+X026V07O03.X026V07O04*.X026V07O05.X026V07O02*),operand-renamed_same-structure,5
595,26,8,,(1+d.d*)(1+c.f*.b.d*),(702600801+X026V08O02.X026V08O02*)(702600801+X026V08O03.X026V08O04*.X026V08O05.X026V08O02*),operand-renamed_same-structure,5
596,26,9,,(1+d.d*)(1+c.f*.b.d*),(702600901+X026V09O02.X026V09O02*)(702600901+X026V09O03.X026V09O04*.X026V09O05.X026V09O02*),operand-renamed_same-structure,5
597,26,10,,(1+d.d*)(1+c.f*.b.d*),(702601001+X026V10O02.X026V10O02*)(702601001+X026V10O03.X026V10O04*.X026V10O05.X026V10O02*),operand-renamed_same-structure,5
598,26,11,,(1+d.d*)(1+c.f*.b.d*),(702601101+X026V11O02.X026V11O02*)(702601101+X026V11O03.X026V11O04*.X026V11O05.X026V11O02*),operand-renamed_same-structure,5
599,26,12,,(1+d.d*)(1+c.f*.b.d*),(702601201+X026V12O02.X026V12O02*)(702601201+X026V12O03.X026V12O04*.X026V12O05.X026V12O02*),operand-renamed_same-structure,5
600,26,13,,(1+d.d*)(1+c.f*.b.d*),(702601301+X026V13O02.X026V13O02*)(702601301+X026V13O03.X026V13O04*.X026V13O05.X026V13O02*),operand-renamed_same-structure,5
601,26,14,,(1+d.d*)(1+c.f*.b.d*),(702601401+X026V14O02.X026V14O02*)(702601401+X026V14O03.X026V14O04*.X026V14O05.X026V14O02*),operand-renamed_same-structure,5
602,26,15,,(1+d.d*)(1+c.f*.b.d*),(702601501+X026V15O02.X026V15O02*)(702601501+X026V15O03.X026V15O04*.X026V15O05.X026V15O02*),operand-renamed_same-structure,5
603,26,16,,(1+d.d*)(1+c.f*.b.d*),(702601601+X026V16O02.X026V16O02*)(702601601+X026V16O03.X026V16O04*.X026V16O05.X026V16O02*),operand-renamed_same-structure,5
604,26,17,,(1+d.d*)(1+c.f*.b.d*),(702601701+X026V17O02.X026V17O02*)(702601701+X026V17O03.X026V17O04*.X026V17O05.X026V17O02*),operand-renamed_same-structure,5
605,26,18,,(1+d.d*)(1+c.f*.b.d*),(702601801+X026V18O02.X026V18O02*)(702601801+X026V18O03.X026V18O04*.X026V18O05.X026V18O02*),operand-renamed_same-structure,5
606,26,19,,(1+d.d*)(1+c.f*.b.d*),(702601901+X026V19O02.X026V19O02*)(702601901+X026V19O03.X026V19O04*.X026V19O05.X026V19O02*),operand-renamed_same-structure,5
607,26,20,,(1+d.d*)(1+c.f*.b.d*),(702602001+X026V20O02.X026V20O02*)(702602001+X026V20O03.X026V20O04*.X026V20O05.X026V20O02*),operand-renamed_same-structure,5
608,26,21,,(1+d.d*)(1+c.f*.b.d*),(702602101+X026V21O02.X026V21O02*)(702602101+X026V21O03.X026V21O04*.X026V21O05.X026V21O02*),operand-renamed_same-structure,5
609,26,22,,(1+d.d*)(1+c.f*.b.d*),(702602201+X026V22O02.X026V22O02*)(702602201+X026V22O03.X026V22O04*.X026V22O05.X026V22O02*),operand-renamed_same-structure,5
610,26,23,,(1+d.d*)(1+c.f*.b.d*),(702602301+X026V23O02.X026V23O02*)(702602301+X026V23O03.X026V23O04*.X026V23O05.X026V23O02*),operand-renamed_same-structure,5
611,26,24,,(1+d.d*)(1+c.f*.b.d*),(702602401+X026V24O02.X026V24O02*)(702602401+X026V24O03.X026V24O04*.X026V24O05.X026V24O02*),operand-renamed_same-structure,5
612,27,1,,d*.(1+c.f*.b.d*),X027V01O01*.(702700102+X027V01O03.X027V01O04*.X027V01O05.X027V01O01*),operand-renamed_same-structure,5
613,27,2,,d*.(1+c.f*.b.d*),X027V02O01*.(702700202+X027V02O03.X027V02O04*.X027V02O05.X027V02O01*),operand-renamed_same-structure,5
614,27,3,,d*.(1+c.f*.b.d*),X027V03O01*.(702700302+X027V03O03.X027V03O04*.X027V03O05.X027V03O01*),operand-renamed_same-structure,5
615,27,4,,d*.(1+c.f*.b.d*),X027V04O01*.(702700402+X027V04O03.X027V04O04*.X027V04O05.X027V04O01*),operand-renamed_same-structure,5
616,27,5,,d*.(1+c.f*.b.d*),X027V05O01*.(702700502+X027V05O03.X027V05O04*.X027V05O05.X027V05O01*),operand-renamed_same-structure,5
617,27,6,,d*.(1+c.f*.b.d*),X027V06O01*.(702700602+X027V06O03.X027V06O04*.X027V06O05.X027V06O01*),operand-renamed_same-structure,5
618,27,7,,d*.(1+c.f*.b.d*),X027V07O01*.(702700702+X027V07O03.X027V07O04*.X027V07O05.X027V07O01*),operand-renamed_same-structure,5
619,27,8,,d*.(1+c.f*.b.d*),X027V08O01*.(702700802+X027V08O03.X027V08O04*.X027V08O05.X027V08O01*),operand-renamed_same-structure,5
620,27,9,,d*.(1+c.f*.b.d*),X027V09O01*.(702700902+X027V09O03.X027V09O04*.X027V09O05.X027V09O01*),operand-renamed_same-structure,5
621,27,10,,d*.(1+c.f*.b.d*),X027V10O01*.(702701002+X027V10O03.X027V10O04*.X027V10O05.X027V10O01*),operand-renamed_same-structure,5
622,27,11,,d*.(1+c.f*.b.d*),X027V11O01*.(702701102+X027V11O03.X027V11O04*.X027V11O05.X027V11O01*),operand-renamed_same-structure,5
623,27,12,,d*.(1+c.f*.b.d*),X027V12O01*.(702701202+X027V12O03.X027V12O04*.X027V12O05.X027V12O01*),operand-renamed_same-structure,5
624,27,13,,d*.(1+c.f*.b.d*),X027V13O01*.(702701302+X027V13O03.X027V13O04*.X027V13O05.X027V13O01*),operand-renamed_same-structure,5
625,27,14,,d*.(1+c.f*.b.d*),X027V14O01*.(702701402+X027V14O03.X027V14O04*.X027V14O05.X027V14O01*),operand-renamed_same-structure,5
626,27,15,,d*.(1+c.f*.b.d*),X027V15O01*.(702701502+X027V15O03.X027V15O04*.X027V15O05.X027V15O01*),operand-renamed_same-structure,5
627,27,16,,d*.(1+c.f*.b.d*),X027V16O01*.(702701602+X027V16O03.X027V16O04*.X027V16O05.X027V16O01*),operand-renamed_same-structure,5
628,27,17,,d*.(1+c.f*.b.d*),X027V17O01*.(702701702+X027V17O03.X027V17O04*.X027V17O05.X027V17O01*),operand-renamed_same-structure,5
629,27,18,,d*.(1+c.f*.b.d*),X027V18O01*.(702701802+X027V18O03.X027V18O04*.X027V18O05.X027V18O01*),operand-renamed_same-structure,5
630,27,19,,d*.(1+c.f*.b.d*),X027V19O01*.(702701902+X027V19O03.X027V19O04*.X027V19O05.X027V19O01*),operand-renamed_same-structure,5
631,27,20,,d*.(1+c.f*.b.d*),X027V20O01*.(702702002+X027V20O03.X027V20O04*.X027V20O05.X027V20O01*),operand-renamed_same-structure,5
632,27,21,,d*.(1+c.f*.b.d*),X027V21O01*.(702702102+X027V21O03.X027V21O04*.X027V21O05.X027V21O01*),operand-renamed_same-structure,5
633,27,22,,d*.(1+c.f*.b.d*),X027V22O01*.(702702202+X027V22O03.X027V22O04*.X027V22O05.X027V22O01*),operand-renamed_same-structure,5
634,27,23,,d*.(1+c.f*.b.d*),X027V23O01*.(702702302+X027V23O03.X027V23O04*.X027V23O05.X027V23O01*),operand-renamed_same-structure,5
635,28,1,,(1+f.f*).b.d*,(702800101+X028V01O02.X028V01O02*).X028V01O03.X028V01O04*,operand-renamed_same-structure,4
636,28,2,,(1+f.f*).b.d*,(702800201+X028V02O02.X028V02O02*).X028V02O03.X028V02O04*,operand-renamed_same-structure,4
637,28,3,,(1+f.f*).b.d*,(702800301+X028V03O02.X028V03O02*).X028V03O03.X028V03O04*,operand-renamed_same-structure,4
638,28,4,,(1+f.f*).b.d*,(702800401+X028V04O02.X028V04O02*).X028V04O03.X028V04O04*,operand-renamed_same-structure,4
639,28,5,,(1+f.f*).b.d*,(702800501+X028V05O02.X028V05O02*).X028V05O03.X028V05O04*,operand-renamed_same-structure,4
640,28,6,,(1+f.f*).b.d*,(702800601+X028V06O02.X028V06O02*).X028V06O03.X028V06O04*,operand-renamed_same-structure,4
641,28,7,,(1+f.f*).b.d*,(702800701+X028V07O02.X028V07O02*).X028V07O03.X028V07O04*,operand-renamed_same-structure,4
642,28,8,,(1+f.f*).b.d*,(702800801+X028V08O02.X028V08O02*).X028V08O03.X028V08O04*,operand-renamed_same-structure,4
643,28,9,,(1+f.f*).b.d*,(702800901+X028V09O02.X028V09O02*).X028V09O03.X028V09O04*,operand-renamed_same-structure,4
644,28,10,,(1+f.f*).b.d*,(702801001+X028V10O02.X028V10O02*).X028V10O03.X028V10O04*,operand-renamed_same-structure,4
645,28,11,,(1+f.f*).b.d*,(702801101+X028V11O02.X028V11O02*).X028V11O03.X028V11O04*,operand-renamed_same-structure,4
646,28,12,,(1+f.f*).b.d*,(702801201+X028V12O02.X028V12O02*).X028V12O03.X028V12O04*,operand-renamed_same-structure,4
647,28,13,,(1+f.f*).b.d*,(702801301+X028V13O02.X028V13O02*).X028V13O03.X028V13O04*,operand-renamed_same-structure,4
648,28,14,,(1+f.f*).b.d*,(702801401+X028V14O02.X028V14O02*).X028V14O03.X028V14O04*,operand-renamed_same-structure,4
649,28,15,,(1+f.f*).b.d*,(702801501+X028V15O02.X028V15O02*).X028V15O03.X028V15O04*,operand-renamed_same-structure,4
650,28,16,,(1+f.f*).b.d*,(702801601+X028V16O02.X028V16O02*).X028V16O03.X028V16O04*,operand-renamed_same-structure,4
651,28,17,,(1+f.f*).b.d*,(702801701+X028V17O02.X028V17O02*).X028V17O03.X028V17O04*,operand-renamed_same-structure,4
652,28,18,,(1+f.f*).b.d*,(702801801+X028V18O02.X028V18O02*).X028V18O03.X028V18O04*,operand-renamed_same-structure,4
653,28,19,,(1+f.f*).b.d*,(702801901+X028V19O02.X028V19O02*).X028V19O03.X028V19O04*,operand-renamed_same-structure,4
654,28,20,,(1+f.f*).b.d*,(702802001+X028V20O02.X028V20O02*).X028V20O03.X028V20O04*,operand-renamed_same-structure,4
655,28,21,,(1+f.f*).b.d*,(702802101+X028V21O02.X028V21O02*).X028V21O03.X028V21O04*,operand-renamed_same-structure,4
656,28,22,,(1+f.f*).b.d*,(702802201+X028V22O02.X028V22O02*).X028V22O03.X028V22O04*,operand-renamed_same-structure,4
657,28,23,,(1+f.f*).b.d*,(702802301+X028V23O02.X028V23O02*).X028V23O03.X028V23O04*,operand-renamed_same-structure,4
658,29,1,,a(b+j)*u,X029V01O01(X029V01O02+X029V01O03)*X029V01O04,operand-renamed_same-structure,4
659,29,2,,a(b+j)*u,X029V02O01(X029V02O02+X029V02O03)*X029V02O04,operand-renamed_same-structure,4
660,29,3,,a(b+j)*u,X029V03O01(X029V03O02+X029V03O03)*X029V03O04,operand-renamed_same-structure,4
661,29,4,,a(b+j)*u,X029V04O01(X029V04O02+X029V04O03)*X029V04O04,operand-renamed_same-structure,4
662,29,5,,a(b+j)*u,X029V05O01(X029V05O02+X029V05O03)*X029V05O04,operand-renamed_same-structure,4
663,29,6,,a(b+j)*u,X029V06O01(X029V06O02+X029V06O03)*X029V06O04,operand-renamed_same-structure,4
664,29,7,,a(b+j)*u,X029V07O01(X029V07O02+X029V07O03)*X029V07O04,operand-renamed_same-structure,4
665,29,8,,a(b+j)*u,X029V08O01(X029V08O02+X029V08O03)*X029V08O04,operand-renamed_same-structure,4
666,29,9,,a(b+j)*u,X029V09O01(X029V09O02+X029V09O03)*X029V09O04,operand-renamed_same-structure,4
667,29,10,,a(b+j)*u,X029V10O01(X029V10O02+X029V10O03)*X029V10O04,operand-renamed_same-structure,4
668,29,11,,a(b+j)*u,X029V11O01(X029V11O02+X029V11O03)*X029V11O04,operand-renamed_same-structure,4
669,29,12,,a(b+j)*u,X029V12O01(X029V12O02+X029V12O03)*X029V12O04,operand-renamed_same-structure,4
670,29,13,,a(b+j)*u,X029V13O01(X029V13O02+X029V13O03)*X029V13O04,operand-renamed_same-structure,4
671,29,14,,a(b+j)*u,X029V14O01(X029V14O02+X029V14O03)*X029V14O04,operand-renamed_same-structure,4
672,29,15,,a(b+j)*u,X029V15O01(X029V15O02+X029V15O03)*X029V15O04,operand-renamed_same-structure,4
673,29,16,,a(b+j)*u,X029V16O01(X029V16O02+X029V16O03)*X029V16O04,operand-renamed_same-structure,4
674,29,17,,a(b+j)*u,X029V17O01(X029V17O02+X029V17O03)*X029V17O04,operand-renamed_same-structure,4
675,29,18,,a(b+j)*u,X029V18O01(X029V18O02+X029V18O03)*X029V18O04,operand-renamed_same-structure,4
676,29,19,,a(b+j)*u,X029V19O01(X029V19O02+X029V19O03)*X029V19O04,operand-renamed_same-structure,4
677,29,20,,a(b+j)*u,X029V20O01(X029V20O02+X029V20O03)*X029V20O04,operand-renamed_same-structure,4
678,29,21,,a(b+j)*u,X029V21O01(X029V21O02+X029V21O03)*X029V21O04,operand-renamed_same-structure,4
679,29,22,,a(b+j)*u,X029V22O01(X029V22O02+X029V22O03)*X029V22O04,operand-renamed_same-structure,4
680,29,23,,a(b+j)*u,X029V23O01(X029V23O02+X029V23O03)*X029V23O04,operand-renamed_same-structure,4
681,29,24,,a(b+j)*u,X029V24O01(X029V24O02+X029V24O03)*X029V24O04,operand-renamed_same-structure,4
682,30,1,2009-Concurrent kleene algebra,(r ∗ a) ; (r ∗ b),(X030V01O01 ∗ X030V01O02) ; (X030V01O01 ∗ X030V01O03),operand-renamed_same-structure,3
683,30,2,2009-Concurrent kleene algebra,(r ∗ a) ; (r ∗ b),(X030V02O01 ∗ X030V02O02) ; (X030V02O01 ∗ X030V02O03),operand-renamed_same-structure,3
684,30,3,2009-Concurrent kleene algebra,(r ∗ a) ; (r ∗ b),(X030V03O01 ∗ X030V03O02) ; (X030V03O01 ∗ X030V03O03),operand-renamed_same-structure,3
685,30,4,2009-Concurrent kleene algebra,(r ∗ a) ; (r ∗ b),(X030V04O01 ∗ X030V04O02) ; (X030V04O01 ∗ X030V04O03),operand-renamed_same-structure,3
686,30,5,2009-Concurrent kleene algebra,(r ∗ a) ; (r ∗ b),(X030V05O01 ∗ X030V05O02) ; (X030V05O01 ∗ X030V05O03),operand-renamed_same-structure,3
687,30,6,2009-Concurrent kleene algebra,(r ∗ a) ; (r ∗ b),(X030V06O01 ∗ X030V06O02) ; (X030V06O01 ∗ X030V06O03),operand-renamed_same-structure,3
688,30,7,2009-Concurrent kleene algebra,(r ∗ a) ; (r ∗ b),(X030V07O01 ∗ X030V07O02) ; (X030V07O01 ∗ X030V07O03),operand-renamed_same-structure,3
689,30,8,2009-Concurrent kleene algebra,(r ∗ a) ; (r ∗ b),(X030V08O01 ∗ X030V08O02) ; (X030V08O01 ∗ X030V08O03),operand-renamed_same-structure,3
690,30,9,2009-Concurrent kleene algebra,(r ∗ a) ; (r ∗ b),(X030V09O01 ∗ X030V09O02) ; (X030V09O01 ∗ X030V09O03),operand-renamed_same-structure,3
691,30,10,2009-Concurrent kleene algebra,(r ∗ a) ; (r ∗ b),(X030V10O01 ∗ X030V10O02) ; (X030V10O01 ∗ X030V10O03),operand-renamed_same-structure,3
692,30,11,2009-Concurrent kleene algebra,(r ∗ a) ; (r ∗ b),(X030V11O01 ∗ X030V11O02) ; (X030V11O01 ∗ X030V11O03),operand-renamed_same-structure,3
693,30,12,2009-Concurrent kleene algebra,(r ∗ a) ; (r ∗ b),(X030V12O01 ∗ X030V12O02) ; (X030V12O01 ∗ X030V12O03),operand-renamed_same-structure,3
694,30,13,2009-Concurrent kleene algebra,(r ∗ a) ; (r ∗ b),(X030V13O01 ∗ X030V13O02) ; (X030V13O01 ∗ X030V13O03),operand-renamed_same-structure,3
695,30,14,2009-Concurrent kleene algebra,(r ∗ a) ; (r ∗ b),(X030V14O01 ∗ X030V14O02) ; (X030V14O01 ∗ X030V14O03),operand-renamed_same-structure,3
696,30,15,2009-Concurrent kleene algebra,(r ∗ a) ; (r ∗ b),(X030V15O01 ∗ X030V15O02) ; (X030V15O01 ∗ X030V15O03),operand-renamed_same-structure,3
697,30,16,2009-Concurrent kleene algebra,(r ∗ a) ; (r ∗ b),(X030V16O01 ∗ X030V16O02) ; (X030V16O01 ∗ X030V16O03),operand-renamed_same-structure,3
698,30,17,2009-Concurrent kleene algebra,(r ∗ a) ; (r ∗ b),(X030V17O01 ∗ X030V17O02) ; (X030V17O01 ∗ X030V17O03),operand-renamed_same-structure,3
699,30,18,2009-Concurrent kleene algebra,(r ∗ a) ; (r ∗ b),(X030V18O01 ∗ X030V18O02) ; (X030V18O01 ∗ X030V18O03),operand-renamed_same-structure,3
700,30,19,2009-Concurrent kleene algebra,(r ∗ a) ; (r ∗ b),(X030V19O01 ∗ X030V19O02) ; (X030V19O01 ∗ X030V19O03),operand-renamed_same-structure,3
701,30,20,2009-Concurrent kleene algebra,(r ∗ a) ; (r ∗ b),(X030V20O01 ∗ X030V20O02) ; (X030V20O01 ∗ X030V20O03),operand-renamed_same-structure,3
702,30,21,2009-Concurrent kleene algebra,(r ∗ a) ; (r ∗ b),(X030V21O01 ∗ X030V21O02) ; (X030V21O01 ∗ X030V21O03),operand-renamed_same-structure,3
703,30,22,2009-Concurrent kleene algebra,(r ∗ a) ; (r ∗ b),(X030V22O01 ∗ X030V22O02) ; (X030V22O01 ∗ X030V22O03),operand-renamed_same-structure,3
704,30,23,2009-Concurrent kleene algebra,(r ∗ a) ; (r ∗ b),(X030V23O01 ∗ X030V23O02) ; (X030V23O01 ∗ X030V23O03),operand-renamed_same-structure,3
705,31,1,,(r ∗ b) ◦ (r ∗ c),(X031V01O01 ∗ X031V01O02) ◦ (X031V01O01 ∗ X031V01O03),operand-renamed_same-structure,3
706,31,2,,(r ∗ b) ◦ (r ∗ c),(X031V02O01 ∗ X031V02O02) ◦ (X031V02O01 ∗ X031V02O03),operand-renamed_same-structure,3
707,31,3,,(r ∗ b) ◦ (r ∗ c),(X031V03O01 ∗ X031V03O02) ◦ (X031V03O01 ∗ X031V03O03),operand-renamed_same-structure,3
708,31,4,,(r ∗ b) ◦ (r ∗ c),(X031V04O01 ∗ X031V04O02) ◦ (X031V04O01 ∗ X031V04O03),operand-renamed_same-structure,3
709,31,5,,(r ∗ b) ◦ (r ∗ c),(X031V05O01 ∗ X031V05O02) ◦ (X031V05O01 ∗ X031V05O03),operand-renamed_same-structure,3
710,31,6,,(r ∗ b) ◦ (r ∗ c),(X031V06O01 ∗ X031V06O02) ◦ (X031V06O01 ∗ X031V06O03),operand-renamed_same-structure,3
711,31,7,,(r ∗ b) ◦ (r ∗ c),(X031V07O01 ∗ X031V07O02) ◦ (X031V07O01 ∗ X031V07O03),operand-renamed_same-structure,3
712,31,8,,(r ∗ b) ◦ (r ∗ c),(X031V08O01 ∗ X031V08O02) ◦ (X031V08O01 ∗ X031V08O03),operand-renamed_same-structure,3
713,31,9,,(r ∗ b) ◦ (r ∗ c),(X031V09O01 ∗ X031V09O02) ◦ (X031V09O01 ∗ X031V09O03),operand-renamed_same-structure,3
714,31,10,,(r ∗ b) ◦ (r ∗ c),(X031V10O01 ∗ X031V10O02) ◦ (X031V10O01 ∗ X031V10O03),operand-renamed_same-structure,3
715,31,11,,(r ∗ b) ◦ (r ∗ c),(X031V11O01 ∗ X031V11O02) ◦ (X031V11O01 ∗ X031V11O03),operand-renamed_same-structure,3
716,31,12,,(r ∗ b) ◦ (r ∗ c),(X031V12O01 ∗ X031V12O02) ◦ (X031V12O01 ∗ X031V12O03),operand-renamed_same-structure,3
717,31,13,,(r ∗ b) ◦ (r ∗ c),(X031V13O01 ∗ X031V13O02) ◦ (X031V13O01 ∗ X031V13O03),operand-renamed_same-structure,3
718,31,14,,(r ∗ b) ◦ (r ∗ c),(X031V14O01 ∗ X031V14O02) ◦ (X031V14O01 ∗ X031V14O03),operand-renamed_same-structure,3
719,31,15,,(r ∗ b) ◦ (r ∗ c),(X031V15O01 ∗ X031V15O02) ◦ (X031V15O01 ∗ X031V15O03),operand-renamed_same-structure,3
720,31,16,,(r ∗ b) ◦ (r ∗ c),(X031V16O01 ∗ X031V16O02) ◦ (X031V16O01 ∗ X031V16O03),operand-renamed_same-structure,3
721,31,17,,(r ∗ b) ◦ (r ∗ c),(X031V17O01 ∗ X031V17O02) ◦ (X031V17O01 ∗ X031V17O03),operand-renamed_same-structure,3
722,31,18,,(r ∗ b) ◦ (r ∗ c),(X031V18O01 ∗ X031V18O02) ◦ (X031V18O01 ∗ X031V18O03),operand-renamed_same-structure,3
723,31,19,,(r ∗ b) ◦ (r ∗ c),(X031V19O01 ∗ X031V19O02) ◦ (X031V19O01 ∗ X031V19O03),operand-renamed_same-structure,3
724,31,20,,(r ∗ b) ◦ (r ∗ c),(X031V20O01 ∗ X031V20O02) ◦ (X031V20O01 ∗ X031V20O03),operand-renamed_same-structure,3
725,31,21,,(r ∗ b) ◦ (r ∗ c),(X031V21O01 ∗ X031V21O02) ◦ (X031V21O01 ∗ X031V21O03),operand-renamed_same-structure,3
726,31,22,,(r ∗ b) ◦ (r ∗ c),(X031V22O01 ∗ X031V22O02) ◦ (X031V22O01 ∗ X031V22O03),operand-renamed_same-structure,3
727,31,23,,(r ∗ b) ◦ (r ∗ c),(X031V23O01 ∗ X031V23O02) ◦ (X031V23O01 ∗ X031V23O03),operand-renamed_same-structure,3
728,31,24,,(r ∗ b) ◦ (r ∗ c),(X031V24O01 ∗ X031V24O02) ◦ (X031V24O01 ∗ X031V24O03),operand-renamed_same-structure,3
729,32,1,,(a ∗ b) ; c,(X032V01O01 ∗ X032V01O02) ; X032V01O03,operand-renamed_same-structure,3
730,32,2,,(a ∗ b) ; c,(X032V02O01 ∗ X032V02O02) ; X032V02O03,operand-renamed_same-structure,3
731,32,3,,(a ∗ b) ; c,(X032V03O01 ∗ X032V03O02) ; X032V03O03,operand-renamed_same-structure,3
732,32,4,,(a ∗ b) ; c,(X032V04O01 ∗ X032V04O02) ; X032V04O03,operand-renamed_same-structure,3
733,32,5,,(a ∗ b) ; c,(X032V05O01 ∗ X032V05O02) ; X032V05O03,operand-renamed_same-structure,3
734,32,6,,(a ∗ b) ; c,(X032V06O01 ∗ X032V06O02) ; X032V06O03,operand-renamed_same-structure,3
735,32,7,,(a ∗ b) ; c,(X032V07O01 ∗ X032V07O02) ; X032V07O03,operand-renamed_same-structure,3
736,32,8,,(a ∗ b) ; c,(X032V08O01 ∗ X032V08O02) ; X032V08O03,operand-renamed_same-structure,3
737,32,9,,(a ∗ b) ; c,(X032V09O01 ∗ X032V09O02) ; X032V09O03,operand-renamed_same-structure,3
738,32,10,,(a ∗ b) ; c,(X032V10O01 ∗ X032V10O02) ; X032V10O03,operand-renamed_same-structure,3
739,32,11,,(a ∗ b) ; c,(X032V11O01 ∗ X032V11O02) ; X032V11O03,operand-renamed_same-structure,3
740,32,12,,(a ∗ b) ; c,(X032V12O01 ∗ X032V12O02) ; X032V12O03,operand-renamed_same-structure,3
741,32,13,,(a ∗ b) ; c,(X032V13O01 ∗ X032V13O02) ; X032V13O03,operand-renamed_same-structure,3
742,32,14,,(a ∗ b) ; c,(X032V14O01 ∗ X032V14O02) ; X032V14O03,operand-renamed_same-structure,3
743,32,15,,(a ∗ b) ; c,(X032V15O01 ∗ X032V15O02) ; X032V15O03,operand-renamed_same-structure,3
744,32,16,,(a ∗ b) ; c,(X032V16O01 ∗ X032V16O02) ; X032V16O03,operand-renamed_same-structure,3
745,32,17,,(a ∗ b) ; c,(X032V17O01 ∗ X032V17O02) ; X032V17O03,operand-renamed_same-structure,3
746,32,18,,(a ∗ b) ; c,(X032V18O01 ∗ X032V18O02) ; X032V18O03,operand-renamed_same-structure,3
747,32,19,,(a ∗ b) ; c,(X032V19O01 ∗ X032V19O02) ; X032V19O03,operand-renamed_same-structure,3
748,32,20,,(a ∗ b) ; c,(X032V20O01 ∗ X032V20O02) ; X032V20O03,operand-renamed_same-structure,3
749,32,21,,(a ∗ b) ; c,(X032V21O01 ∗ X032V21O02) ; X032V21O03,operand-renamed_same-structure,3
750,32,22,,(a ∗ b) ; c,(X032V22O01 ∗ X032V22O02) ; X032V22O03,operand-renamed_same-structure,3
751,32,23,,(a ∗ b) ; c,(X032V23O01 ∗ X032V23O02) ; X032V23O03,operand-renamed_same-structure,3
752,32,24,,(a ∗ b) ; c,(X032V24O01 ∗ X032V24O02) ; X032V24O03,operand-renamed_same-structure,3
753,33,1,,(b ; c) ∗ (a ; d),(X033V01O01 ; X033V01O02) ∗ (X033V01O03 ; X033V01O04),operand-renamed_same-structure,4
754,33,2,,(b ; c) ∗ (a ; d),(X033V02O01 ; X033V02O02) ∗ (X033V02O03 ; X033V02O04),operand-renamed_same-structure,4
755,33,3,,(b ; c) ∗ (a ; d),(X033V03O01 ; X033V03O02) ∗ (X033V03O03 ; X033V03O04),operand-renamed_same-structure,4
756,33,4,,(b ; c) ∗ (a ; d),(X033V04O01 ; X033V04O02) ∗ (X033V04O03 ; X033V04O04),operand-renamed_same-structure,4
757,33,5,,(b ; c) ∗ (a ; d),(X033V05O01 ; X033V05O02) ∗ (X033V05O03 ; X033V05O04),operand-renamed_same-structure,4
758,33,6,,(b ; c) ∗ (a ; d),(X033V06O01 ; X033V06O02) ∗ (X033V06O03 ; X033V06O04),operand-renamed_same-structure,4
759,33,7,,(b ; c) ∗ (a ; d),(X033V07O01 ; X033V07O02) ∗ (X033V07O03 ; X033V07O04),operand-renamed_same-structure,4
760,33,8,,(b ; c) ∗ (a ; d),(X033V08O01 ; X033V08O02) ∗ (X033V08O03 ; X033V08O04),operand-renamed_same-structure,4
761,33,9,,(b ; c) ∗ (a ; d),(X033V09O01 ; X033V09O02) ∗ (X033V09O03 ; X033V09O04),operand-renamed_same-structure,4
762,33,10,,(b ; c) ∗ (a ; d),(X033V10O01 ; X033V10O02) ∗ (X033V10O03 ; X033V10O04),operand-renamed_same-structure,4
763,33,11,,(b ; c) ∗ (a ; d),(X033V11O01 ; X033V11O02) ∗ (X033V11O03 ; X033V11O04),operand-renamed_same-structure,4
764,33,12,,(b ; c) ∗ (a ; d),(X033V12O01 ; X033V12O02) ∗ (X033V12O03 ; X033V12O04),operand-renamed_same-structure,4
765,33,13,,(b ; c) ∗ (a ; d),(X033V13O01 ; X033V13O02) ∗ (X033V13O03 ; X033V13O04),operand-renamed_same-structure,4
766,33,14,,(b ; c) ∗ (a ; d),(X033V14O01 ; X033V14O02) ∗ (X033V14O03 ; X033V14O04),operand-renamed_same-structure,4
767,33,15,,(b ; c) ∗ (a ; d),(X033V15O01 ; X033V15O02) ∗ (X033V15O03 ; X033V15O04),operand-renamed_same-structure,4
768,33,16,,(b ; c) ∗ (a ; d),(X033V16O01 ; X033V16O02) ∗ (X033V16O03 ; X033V16O04),operand-renamed_same-structure,4
769,33,17,,(b ; c) ∗ (a ; d),(X033V17O01 ; X033V17O02) ∗ (X033V17O03 ; X033V17O04),operand-renamed_same-structure,4
770,33,18,,(b ; c) ∗ (a ; d),(X033V18O01 ; X033V18O02) ∗ (X033V18O03 ; X033V18O04),operand-renamed_same-structure,4
771,33,19,,(b ; c) ∗ (a ; d),(X033V19O01 ; X033V19O02) ∗ (X033V19O03 ; X033V19O04),operand-renamed_same-structure,4
772,33,20,,(b ; c) ∗ (a ; d),(X033V20O01 ; X033V20O02) ∗ (X033V20O03 ; X033V20O04),operand-renamed_same-structure,4
773,33,21,,(b ; c) ∗ (a ; d),(X033V21O01 ; X033V21O02) ∗ (X033V21O03 ; X033V21O04),operand-renamed_same-structure,4
774,33,22,,(b ; c) ∗ (a ; d),(X033V22O01 ; X033V22O02) ∗ (X033V22O03 ; X033V22O04),operand-renamed_same-structure,4
775,33,23,,(b ; c) ∗ (a ; d),(X033V23O01 ; X033V23O02) ∗ (X033V23O03 ; X033V23O04),operand-renamed_same-structure,4
776,34,1,,(P . R) ◦ (Q . S),(X034V01O01 . X034V01O02) ◦ (X034V01O03 . X034V01O04),operand-renamed_same-structure,4
777,34,2,,(P . R) ◦ (Q . S),(X034V02O01 . X034V02O02) ◦ (X034V02O03 . X034V02O04),operand-renamed_same-structure,4
778,34,3,,(P . R) ◦ (Q . S),(X034V03O01 . X034V03O02) ◦ (X034V03O03 . X034V03O04),operand-renamed_same-structure,4
779,34,4,,(P . R) ◦ (Q . S),(X034V04O01 . X034V04O02) ◦ (X034V04O03 . X034V04O04),operand-renamed_same-structure,4
780,34,5,,(P . R) ◦ (Q . S),(X034V05O01 . X034V05O02) ◦ (X034V05O03 . X034V05O04),operand-renamed_same-structure,4
781,34,6,,(P . R) ◦ (Q . S),(X034V06O01 . X034V06O02) ◦ (X034V06O03 . X034V06O04),operand-renamed_same-structure,4
782,34,7,,(P . R) ◦ (Q . S),(X034V07O01 . X034V07O02) ◦ (X034V07O03 . X034V07O04),operand-renamed_same-structure,4
783,34,8,,(P . R) ◦ (Q . S),(X034V08O01 . X034V08O02) ◦ (X034V08O03 . X034V08O04),operand-renamed_same-structure,4
784,34,9,,(P . R) ◦ (Q . S),(X034V09O01 . X034V09O02) ◦ (X034V09O03 . X034V09O04),operand-renamed_same-structure,4
785,34,10,,(P . R) ◦ (Q . S),(X034V10O01 . X034V10O02) ◦ (X034V10O03 . X034V10O04),operand-renamed_same-structure,4
786,34,11,,(P . R) ◦ (Q . S),(X034V11O01 . X034V11O02) ◦ (X034V11O03 . X034V11O04),operand-renamed_same-structure,4
787,34,12,,(P . R) ◦ (Q . S),(X034V12O01 . X034V12O02) ◦ (X034V12O03 . X034V12O04),operand-renamed_same-structure,4
788,34,13,,(P . R) ◦ (Q . S),(X034V13O01 . X034V13O02) ◦ (X034V13O03 . X034V13O04),operand-renamed_same-structure,4
789,34,14,,(P . R) ◦ (Q . S),(X034V14O01 . X034V14O02) ◦ (X034V14O03 . X034V14O04),operand-renamed_same-structure,4
790,34,15,,(P . R) ◦ (Q . S),(X034V15O01 . X034V15O02) ◦ (X034V15O03 . X034V15O04),operand-renamed_same-structure,4
791,34,16,,(P . R) ◦ (Q . S),(X034V16O01 . X034V16O02) ◦ (X034V16O03 . X034V16O04),operand-renamed_same-structure,4
792,34,17,,(P . R) ◦ (Q . S),(X034V17O01 . X034V17O02) ◦ (X034V17O03 . X034V17O04),operand-renamed_same-structure,4
793,34,18,,(P . R) ◦ (Q . S),(X034V18O01 . X034V18O02) ◦ (X034V18O03 . X034V18O04),operand-renamed_same-structure,4
794,34,19,,(P . R) ◦ (Q . S),(X034V19O01 . X034V19O02) ◦ (X034V19O03 . X034V19O04),operand-renamed_same-structure,4
795,34,20,,(P . R) ◦ (Q . S),(X034V20O01 . X034V20O02) ◦ (X034V20O03 . X034V20O04),operand-renamed_same-structure,4
796,34,21,,(P . R) ◦ (Q . S),(X034V21O01 . X034V21O02) ◦ (X034V21O03 . X034V21O04),operand-renamed_same-structure,4
797,34,22,,(P . R) ◦ (Q . S),(X034V22O01 . X034V22O02) ◦ (X034V22O03 . X034V22O04),operand-renamed_same-structure,4
798,34,23,,(P . R) ◦ (Q . S),(X034V23O01 . X034V23O02) ◦ (X034V23O03 . X034V23O04),operand-renamed_same-structure,4
799,34,24,,(P . R) ◦ (Q . S),(X034V24O01 . X034V24O02) ◦ (X034V24O03 . X034V24O04),operand-renamed_same-structure,4
800,35,1,2011-Concurrent Kleene Algebra and its Foundations,(a*b);(c*d),(X035V01O01*X035V01O02);(X035V01O03*X035V01O04),operand-renamed_same-structure,4
801,35,2,2011-Concurrent Kleene Algebra and its Foundations,(a*b);(c*d),(X035V02O01*X035V02O02);(X035V02O03*X035V02O04),operand-renamed_same-structure,4
802,35,3,2011-Concurrent Kleene Algebra and its Foundations,(a*b);(c*d),(X035V03O01*X035V03O02);(X035V03O03*X035V03O04),operand-renamed_same-structure,4
803,35,4,2011-Concurrent Kleene Algebra and its Foundations,(a*b);(c*d),(X035V04O01*X035V04O02);(X035V04O03*X035V04O04),operand-renamed_same-structure,4
804,35,5,2011-Concurrent Kleene Algebra and its Foundations,(a*b);(c*d),(X035V05O01*X035V05O02);(X035V05O03*X035V05O04),operand-renamed_same-structure,4
805,35,6,2011-Concurrent Kleene Algebra and its Foundations,(a*b);(c*d),(X035V06O01*X035V06O02);(X035V06O03*X035V06O04),operand-renamed_same-structure,4
806,35,7,2011-Concurrent Kleene Algebra and its Foundations,(a*b);(c*d),(X035V07O01*X035V07O02);(X035V07O03*X035V07O04),operand-renamed_same-structure,4
807,35,8,2011-Concurrent Kleene Algebra and its Foundations,(a*b);(c*d),(X035V08O01*X035V08O02);(X035V08O03*X035V08O04),operand-renamed_same-structure,4
808,35,9,2011-Concurrent Kleene Algebra and its Foundations,(a*b);(c*d),(X035V09O01*X035V09O02);(X035V09O03*X035V09O04),operand-renamed_same-structure,4
809,35,10,2011-Concurrent Kleene Algebra and its Foundations,(a*b);(c*d),(X035V10O01*X035V10O02);(X035V10O03*X035V10O04),operand-renamed_same-structure,4
810,35,11,2011-Concurrent Kleene Algebra and its Foundations,(a*b);(c*d),(X035V11O01*X035V11O02);(X035V11O03*X035V11O04),operand-renamed_same-structure,4
811,35,12,2011-Concurrent Kleene Algebra and its Foundations,(a*b);(c*d),(X035V12O01*X035V12O02);(X035V12O03*X035V12O04),operand-renamed_same-structure,4
812,35,13,2011-Concurrent Kleene Algebra and its Foundations,(a*b);(c*d),(X035V13O01*X035V13O02);(X035V13O03*X035V13O04),operand-renamed_same-structure,4
813,35,14,2011-Concurrent Kleene Algebra and its Foundations,(a*b);(c*d),(X035V14O01*X035V14O02);(X035V14O03*X035V14O04),operand-renamed_same-structure,4
814,35,15,2011-Concurrent Kleene Algebra and its Foundations,(a*b);(c*d),(X035V15O01*X035V15O02);(X035V15O03*X035V15O04),operand-renamed_same-structure,4
815,35,16,2011-Concurrent Kleene Algebra and its Foundations,(a*b);(c*d),(X035V16O01*X035V16O02);(X035V16O03*X035V16O04),operand-renamed_same-structure,4
816,35,17,2011-Concurrent Kleene Algebra and its Foundations,(a*b);(c*d),(X035V17O01*X035V17O02);(X035V17O03*X035V17O04),operand-renamed_same-structure,4
817,35,18,2011-Concurrent Kleene Algebra and its Foundations,(a*b);(c*d),(X035V18O01*X035V18O02);(X035V18O03*X035V18O04),operand-renamed_same-structure,4
818,35,19,2011-Concurrent Kleene Algebra and its Foundations,(a*b);(c*d),(X035V19O01*X035V19O02);(X035V19O03*X035V19O04),operand-renamed_same-structure,4
819,35,20,2011-Concurrent Kleene Algebra and its Foundations,(a*b);(c*d),(X035V20O01*X035V20O02);(X035V20O03*X035V20O04),operand-renamed_same-structure,4
820,35,21,2011-Concurrent Kleene Algebra and its Foundations,(a*b);(c*d),(X035V21O01*X035V21O02);(X035V21O03*X035V21O04),operand-renamed_same-structure,4
821,35,22,2011-Concurrent Kleene Algebra and its Foundations,(a*b);(c*d),(X035V22O01*X035V22O02);(X035V22O03*X035V22O04),operand-renamed_same-structure,4
822,35,23,2011-Concurrent Kleene Algebra and its Foundations,(a*b);(c*d),(X035V23O01*X035V23O02);(X035V23O03*X035V23O04),operand-renamed_same-structure,4
823,35,24,2011-Concurrent Kleene Algebra and its Foundations,(a*b);(c*d),(X035V24O01*X035V24O02);(X035V24O03*X035V24O04),operand-renamed_same-structure,4
824,36,1,,(a;c)*(b;d),(X036V01O01;X036V01O02)*(X036V01O03;X036V01O04),operand-renamed_same-structure,4
825,36,2,,(a;c)*(b;d),(X036V02O01;X036V02O02)*(X036V02O03;X036V02O04),operand-renamed_same-structure,4
826,36,3,,(a;c)*(b;d),(X036V03O01;X036V03O02)*(X036V03O03;X036V03O04),operand-renamed_same-structure,4
827,36,4,,(a;c)*(b;d),(X036V04O01;X036V04O02)*(X036V04O03;X036V04O04),operand-renamed_same-structure,4
828,36,5,,(a;c)*(b;d),(X036V05O01;X036V05O02)*(X036V05O03;X036V05O04),operand-renamed_same-structure,4
829,36,6,,(a;c)*(b;d),(X036V06O01;X036V06O02)*(X036V06O03;X036V06O04),operand-renamed_same-structure,4
830,36,7,,(a;c)*(b;d),(X036V07O01;X036V07O02)*(X036V07O03;X036V07O04),operand-renamed_same-structure,4
831,36,8,,(a;c)*(b;d),(X036V08O01;X036V08O02)*(X036V08O03;X036V08O04),operand-renamed_same-structure,4
832,36,9,,(a;c)*(b;d),(X036V09O01;X036V09O02)*(X036V09O03;X036V09O04),operand-renamed_same-structure,4
833,36,10,,(a;c)*(b;d),(X036V10O01;X036V10O02)*(X036V10O03;X036V10O04),operand-renamed_same-structure,4
834,36,11,,(a;c)*(b;d),(X036V11O01;X036V11O02)*(X036V11O03;X036V11O04),operand-renamed_same-structure,4
835,36,12,,(a;c)*(b;d),(X036V12O01;X036V12O02)*(X036V12O03;X036V12O04),operand-renamed_same-structure,4
836,36,13,,(a;c)*(b;d),(X036V13O01;X036V13O02)*(X036V13O03;X036V13O04),operand-renamed_same-structure,4
837,36,14,,(a;c)*(b;d),(X036V14O01;X036V14O02)*(X036V14O03;X036V14O04),operand-renamed_same-structure,4
838,36,15,,(a;c)*(b;d),(X036V15O01;X036V15O02)*(X036V15O03;X036V15O04),operand-renamed_same-structure,4
839,36,16,,(a;c)*(b;d),(X036V16O01;X036V16O02)*(X036V16O03;X036V16O04),operand-renamed_same-structure,4
840,36,17,,(a;c)*(b;d),(X036V17O01;X036V17O02)*(X036V17O03;X036V17O04),operand-renamed_same-structure,4
841,36,18,,(a;c)*(b;d),(X036V18O01;X036V18O02)*(X036V18O03;X036V18O04),operand-renamed_same-structure,4
842,36,19,,(a;c)*(b;d),(X036V19O01;X036V19O02)*(X036V19O03;X036V19O04),operand-renamed_same-structure,4
843,36,20,,(a;c)*(b;d),(X036V20O01;X036V20O02)*(X036V20O03;X036V20O04),operand-renamed_same-structure,4
844,36,21,,(a;c)*(b;d),(X036V21O01;X036V21O02)*(X036V21O03;X036V21O04),operand-renamed_same-structure,4
845,36,22,,(a;c)*(b;d),(X036V22O01;X036V22O02)*(X036V22O03;X036V22O04),operand-renamed_same-structure,4
846,36,23,,(a;c)*(b;d),(X036V23O01;X036V23O02)*(X036V23O03;X036V23O04),operand-renamed_same-structure,4
847,37,1,,(a*b);c,(X037V01O01*X037V01O02);X037V01O03,operand-renamed_same-structure,3
848,37,2,,(a*b);c,(X037V02O01*X037V02O02);X037V02O03,operand-renamed_same-structure,3
849,37,3,,(a*b);c,(X037V03O01*X037V03O02);X037V03O03,operand-renamed_same-structure,3
850,37,4,,(a*b);c,(X037V04O01*X037V04O02);X037V04O03,operand-renamed_same-structure,3
851,37,5,,(a*b);c,(X037V05O01*X037V05O02);X037V05O03,operand-renamed_same-structure,3
852,37,6,,(a*b);c,(X037V06O01*X037V06O02);X037V06O03,operand-renamed_same-structure,3
853,37,7,,(a*b);c,(X037V07O01*X037V07O02);X037V07O03,operand-renamed_same-structure,3
854,37,8,,(a*b);c,(X037V08O01*X037V08O02);X037V08O03,operand-renamed_same-structure,3
855,37,9,,(a*b);c,(X037V09O01*X037V09O02);X037V09O03,operand-renamed_same-structure,3
856,37,10,,(a*b);c,(X037V10O01*X037V10O02);X037V10O03,operand-renamed_same-structure,3
857,37,11,,(a*b);c,(X037V11O01*X037V11O02);X037V11O03,operand-renamed_same-structure,3
858,37,12,,(a*b);c,(X037V12O01*X037V12O02);X037V12O03,operand-renamed_same-structure,3
859,37,13,,(a*b);c,(X037V13O01*X037V13O02);X037V13O03,operand-renamed_same-structure,3
860,37,14,,(a*b);c,(X037V14O01*X037V14O02);X037V14O03,operand-renamed_same-structure,3
861,37,15,,(a*b);c,(X037V15O01*X037V15O02);X037V15O03,operand-renamed_same-structure,3
862,37,16,,(a*b);c,(X037V16O01*X037V16O02);X037V16O03,operand-renamed_same-structure,3
863,37,17,,(a*b);c,(X037V17O01*X037V17O02);X037V17O03,operand-renamed_same-structure,3
864,37,18,,(a*b);c,(X037V18O01*X037V18O02);X037V18O03,operand-renamed_same-structure,3
865,37,19,,(a*b);c,(X037V19O01*X037V19O02);X037V19O03,operand-renamed_same-structure,3
866,37,20,,(a*b);c,(X037V20O01*X037V20O02);X037V20O03,operand-renamed_same-structure,3
867,37,21,,(a*b);c,(X037V21O01*X037V21O02);X037V21O03,operand-renamed_same-structure,3
868,37,22,,(a*b);c,(X037V22O01*X037V22O02);X037V22O03,operand-renamed_same-structure,3
869,37,23,,(a*b);c,(X037V23O01*X037V23O02);X037V23O03,operand-renamed_same-structure,3
870,37,24,,(a*b);c,(X037V24O01*X037V24O02);X037V24O03,operand-renamed_same-structure,3
871,38,1,,a*(b;c),X038V01O01*(X038V01O02;X038V01O03),operand-renamed_same-structure,3
872,38,2,,a*(b;c),X038V02O01*(X038V02O02;X038V02O03),operand-renamed_same-structure,3
873,38,3,,a*(b;c),X038V03O01*(X038V03O02;X038V03O03),operand-renamed_same-structure,3
874,38,4,,a*(b;c),X038V04O01*(X038V04O02;X038V04O03),operand-renamed_same-structure,3
875,38,5,,a*(b;c),X038V05O01*(X038V05O02;X038V05O03),operand-renamed_same-structure,3
876,38,6,,a*(b;c),X038V06O01*(X038V06O02;X038V06O03),operand-renamed_same-structure,3
877,38,7,,a*(b;c),X038V07O01*(X038V07O02;X038V07O03),operand-renamed_same-structure,3
878,38,8,,a*(b;c),X038V08O01*(X038V08O02;X038V08O03),operand-renamed_same-structure,3
879,38,9,,a*(b;c),X038V09O01*(X038V09O02;X038V09O03),operand-renamed_same-structure,3
880,38,10,,a*(b;c),X038V10O01*(X038V10O02;X038V10O03),operand-renamed_same-structure,3
881,38,11,,a*(b;c),X038V11O01*(X038V11O02;X038V11O03),operand-renamed_same-structure,3
882,38,12,,a*(b;c),X038V12O01*(X038V12O02;X038V12O03),operand-renamed_same-structure,3
883,38,13,,a*(b;c),X038V13O01*(X038V13O02;X038V13O03),operand-renamed_same-structure,3
884,38,14,,a*(b;c),X038V14O01*(X038V14O02;X038V14O03),operand-renamed_same-structure,3
885,38,15,,a*(b;c),X038V15O01*(X038V15O02;X038V15O03),operand-renamed_same-structure,3
886,38,16,,a*(b;c),X038V16O01*(X038V16O02;X038V16O03),operand-renamed_same-structure,3
887,38,17,,a*(b;c),X038V17O01*(X038V17O02;X038V17O03),operand-renamed_same-structure,3
888,38,18,,a*(b;c),X038V18O01*(X038V18O02;X038V18O03),operand-renamed_same-structure,3
889,38,19,,a*(b;c),X038V19O01*(X038V19O02;X038V19O03),operand-renamed_same-structure,3
890,38,20,,a*(b;c),X038V20O01*(X038V20O02;X038V20O03),operand-renamed_same-structure,3
891,38,21,,a*(b;c),X038V21O01*(X038V21O02;X038V21O03),operand-renamed_same-structure,3
892,38,22,,a*(b;c),X038V22O01*(X038V22O02;X038V22O03),operand-renamed_same-structure,3
893,38,23,,a*(b;c),X038V23O01*(X038V23O02;X038V23O03),operand-renamed_same-structure,3
894,39,1,,(a;b)*c,(X039V01O01;X039V01O02)*X039V01O03,operand-renamed_same-structure,3
895,39,2,,(a;b)*c,(X039V02O01;X039V02O02)*X039V02O03,operand-renamed_same-structure,3
896,39,3,,(a;b)*c,(X039V03O01;X039V03O02)*X039V03O03,operand-renamed_same-structure,3
897,39,4,,(a;b)*c,(X039V04O01;X039V04O02)*X039V04O03,operand-renamed_same-structure,3
898,39,5,,(a;b)*c,(X039V05O01;X039V05O02)*X039V05O03,operand-renamed_same-structure,3
899,39,6,,(a;b)*c,(X039V06O01;X039V06O02)*X039V06O03,operand-renamed_same-structure,3
900,39,7,,(a;b)*c,(X039V07O01;X039V07O02)*X039V07O03,operand-renamed_same-structure,3
901,39,8,,(a;b)*c,(X039V08O01;X039V08O02)*X039V08O03,operand-renamed_same-structure,3
902,39,9,,(a;b)*c,(X039V09O01;X039V09O02)*X039V09O03,operand-renamed_same-structure,3
903,39,10,,(a;b)*c,(X039V10O01;X039V10O02)*X039V10O03,operand-renamed_same-structure,3
904,39,11,,(a;b)*c,(X039V11O01;X039V11O02)*X039V11O03,operand-renamed_same-structure,3
905,39,12,,(a;b)*c,(X039V12O01;X039V12O02)*X039V12O03,operand-renamed_same-structure,3
906,39,13,,(a;b)*c,(X039V13O01;X039V13O02)*X039V13O03,operand-renamed_same-structure,3
907,39,14,,(a;b)*c,(X039V14O01;X039V14O02)*X039V14O03,operand-renamed_same-structure,3
908,39,15,,(a;b)*c,(X039V15O01;X039V15O02)*X039V15O03,operand-renamed_same-structure,3
909,39,16,,(a;b)*c,(X039V16O01;X039V16O02)*X039V16O03,operand-renamed_same-structure,3
910,39,17,,(a;b)*c,(X039V17O01;X039V17O02)*X039V17O03,operand-renamed_same-structure,3
911,39,18,,(a;b)*c,(X039V18O01;X039V18O02)*X039V18O03,operand-renamed_same-structure,3
912,39,19,,(a;b)*c,(X039V19O01;X039V19O02)*X039V19O03,operand-renamed_same-structure,3
913,39,20,,(a;b)*c,(X039V20O01;X039V20O02)*X039V20O03,operand-renamed_same-structure,3
914,39,21,,(a;b)*c,(X039V21O01;X039V21O02)*X039V21O03,operand-renamed_same-structure,3
915,39,22,,(a;b)*c,(X039V22O01;X039V22O02)*X039V22O03,operand-renamed_same-structure,3
916,39,23,,(a;b)*c,(X039V23O01;X039V23O02)*X039V23O03,operand-renamed_same-structure,3
917,40,1,,P2,X040V01O01,operand-renamed_same-structure,1
918,40,2,,P2,X040V02O01,operand-renamed_same-structure,1
919,40,3,,P2,X040V03O01,operand-renamed_same-structure,1
920,40,4,,P2,X040V04O01,operand-renamed_same-structure,1
921,40,5,,P2,X040V05O01,operand-renamed_same-structure,1
922,40,6,,P2,X040V06O01,operand-renamed_same-structure,1
923,40,7,,P2,X040V07O01,operand-renamed_same-structure,1
924,40,8,,P2,X040V08O01,operand-renamed_same-structure,1
925,40,9,,P2,X040V09O01,operand-renamed_same-structure,1
926,40,10,,P2,X040V10O01,operand-renamed_same-structure,1
927,40,11,,P2,X040V11O01,operand-renamed_same-structure,1
928,40,12,,P2,X040V12O01,operand-renamed_same-structure,1
929,40,13,,P2,X040V13O01,operand-renamed_same-structure,1
930,40,14,,P2,X040V14O01,operand-renamed_same-structure,1
931,40,15,,P2,X040V15O01,operand-renamed_same-structure,1
932,40,16,,P2,X040V16O01,operand-renamed_same-structure,1
933,40,17,,P2,X040V17O01,operand-renamed_same-structure,1
934,40,18,,P2,X040V18O01,operand-renamed_same-structure,1
935,40,19,,P2,X040V19O01,operand-renamed_same-structure,1
936,40,20,,P2,X040V20O01,operand-renamed_same-structure,1
937,40,21,,P2,X040V21O01,operand-renamed_same-structure,1
938,40,22,,P2,X040V22O01,operand-renamed_same-structure,1
939,40,23,,P2,X040V23O01,operand-renamed_same-structure,1
940,40,24,,P2,X040V24O01,operand-renamed_same-structure,1
941,41,1,,P3,X041V01O01,operand-renamed_same-structure,1
942,41,2,,P3,X041V02O01,operand-renamed_same-structure,1
943,41,3,,P3,X041V03O01,operand-renamed_same-structure,1
944,41,4,,P3,X041V04O01,operand-renamed_same-structure,1
945,41,5,,P3,X041V05O01,operand-renamed_same-structure,1
946,41,6,,P3,X041V06O01,operand-renamed_same-structure,1
947,41,7,,P3,X041V07O01,operand-renamed_same-structure,1
948,41,8,,P3,X041V08O01,operand-renamed_same-structure,1
949,41,9,,P3,X041V09O01,operand-renamed_same-structure,1
950,41,10,,P3,X041V10O01,operand-renamed_same-structure,1
951,41,11,,P3,X041V11O01,operand-renamed_same-structure,1
952,41,12,,P3,X041V12O01,operand-renamed_same-structure,1
953,41,13,,P3,X041V13O01,operand-renamed_same-structure,1
954,41,14,,P3,X041V14O01,operand-renamed_same-structure,1
955,41,15,,P3,X041V15O01,operand-renamed_same-structure,1
956,41,16,,P3,X041V16O01,operand-renamed_same-structure,1
957,41,17,,P3,X041V17O01,operand-renamed_same-structure,1
958,41,18,,P3,X041V18O01,operand-renamed_same-structure,1
959,41,19,,P3,X041V19O01,operand-renamed_same-structure,1
960,41,20,,P3,X041V20O01,operand-renamed_same-structure,1
961,41,21,,P3,X041V21O01,operand-renamed_same-structure,1
962,41,22,,P3,X041V22O01,operand-renamed_same-structure,1
963,41,23,,P3,X041V23O01,operand-renamed_same-structure,1
964,42,1,,a{b+}a,X042V01O01{b+}X042V01O01,operand-renamed_same-structure,1
965,42,2,,a{b+}a,X042V02O01{b+}X042V02O01,operand-renamed_same-structure,1
966,42,3,,a{b+}a,X042V03O01{b+}X042V03O01,operand-renamed_same-structure,1
967,42,4,,a{b+}a,X042V04O01{b+}X042V04O01,operand-renamed_same-structure,1
968,42,5,,a{b+}a,X042V05O01{b+}X042V05O01,operand-renamed_same-structure,1
969,42,6,,a{b+}a,X042V06O01{b+}X042V06O01,operand-renamed_same-structure,1
970,42,7,,a{b+}a,X042V07O01{b+}X042V07O01,operand-renamed_same-structure,1
971,42,8,,a{b+}a,X042V08O01{b+}X042V08O01,operand-renamed_same-structure,1
972,42,9,,a{b+}a,X042V09O01{b+}X042V09O01,operand-renamed_same-structure,1
973,42,10,,a{b+}a,X042V10O01{b+}X042V10O01,operand-renamed_same-structure,1
974,42,11,,a{b+}a,X042V11O01{b+}X042V11O01,operand-renamed_same-structure,1
975,42,12,,a{b+}a,X042V12O01{b+}X042V12O01,operand-renamed_same-structure,1
976,42,13,,a{b+}a,X042V13O01{b+}X042V13O01,operand-renamed_same-structure,1
977,42,14,,a{b+}a,X042V14O01{b+}X042V14O01,operand-renamed_same-structure,1
978,42,15,,a{b+}a,X042V15O01{b+}X042V15O01,operand-renamed_same-structure,1
979,42,16,,a{b+}a,X042V16O01{b+}X042V16O01,operand-renamed_same-structure,1
980,42,17,,a{b+}a,X042V17O01{b+}X042V17O01,operand-renamed_same-structure,1
981,42,18,,a{b+}a,X042V18O01{b+}X042V18O01,operand-renamed_same-structure,1
982,42,19,,a{b+}a,X042V19O01{b+}X042V19O01,operand-renamed_same-structure,1
983,42,20,,a{b+}a,X042V20O01{b+}X042V20O01,operand-renamed_same-structure,1
984,42,21,,a{b+}a,X042V21O01{b+}X042V21O01,operand-renamed_same-structure,1
985,42,22,,a{b+}a,X042V22O01{b+}X042V22O01,operand-renamed_same-structure,1
986,42,23,,a{b+}a,X042V23O01{b+}X042V23O01,operand-renamed_same-structure,1
987,42,24,,a{b+}a,X042V24O01{b+}X042V24O01,operand-renamed_same-structure,1
988,43,1,,a{b*}a,X043V01O01{b*}X043V01O01,operand-renamed_same-structure,1
989,43,2,,a{b*}a,X043V02O01{b*}X043V02O01,operand-renamed_same-structure,1
990,43,3,,a{b*}a,X043V03O01{b*}X043V03O01,operand-renamed_same-structure,1
991,43,4,,a{b*}a,X043V04O01{b*}X043V04O01,operand-renamed_same-structure,1
992,43,5,,a{b*}a,X043V05O01{b*}X043V05O01,operand-renamed_same-structure,1
993,43,6,,a{b*}a,X043V06O01{b*}X043V06O01,operand-renamed_same-structure,1
994,43,7,,a{b*}a,X043V07O01{b*}X043V07O01,operand-renamed_same-structure,1
995,43,8,,a{b*}a,X043V08O01{b*}X043V08O01,operand-renamed_same-structure,1
996,43,9,,a{b*}a,X043V09O01{b*}X043V09O01,operand-renamed_same-structure,1
997,43,10,,a{b*}a,X043V10O01{b*}X043V10O01,operand-renamed_same-structure,1
998,43,11,,a{b*}a,X043V11O01{b*}X043V11O01,operand-renamed_same-structure,1
999,43,12,,a{b*}a,X043V12O01{b*}X043V12O01,operand-renamed_same-structure,1
1000,43,13,,a{b*}a,X043V13O01{b*}X043V13O01,operand-renamed_same-structure,1
1001,43,14,,a{b*}a,X043V14O01{b*}X043V14O01,operand-renamed_same-structure,1
1002,43,15,,a{b*}a,X043V15O01{b*}X043V15O01,operand-renamed_same-structure,1
1003,43,16,,a{b*}a,X043V16O01{b*}X043V16O01,operand-renamed_same-structure,1
1004,43,17,,a{b*}a,X043V17O01{b*}X043V17O01,operand-renamed_same-structure,1
1005,43,18,,a{b*}a,X043V18O01{b*}X043V18O01,operand-renamed_same-structure,1
1006,43,19,,a{b*}a,X043V19O01{b*}X043V19O01,operand-renamed_same-structure,1
1007,43,20,,a{b*}a,X043V20O01{b*}X043V20O01,operand-renamed_same-structure,1
1008,43,21,,a{b*}a,X043V21O01{b*}X043V21O01,operand-renamed_same-structure,1
1009,43,22,,a{b*}a,X043V22O01{b*}X043V22O01,operand-renamed_same-structure,1
1010,43,23,,a{b*}a,X043V23O01{b*}X043V23O01,operand-renamed_same-structure,1
1011,44,1,,r;(a*b),X044V01O01;(X044V01O02*X044V01O03),operand-renamed_same-structure,3
1012,44,2,,r;(a*b),X044V02O01;(X044V02O02*X044V02O03),operand-renamed_same-structure,3
1013,44,3,,r;(a*b),X044V03O01;(X044V03O02*X044V03O03),operand-renamed_same-structure,3
1014,44,4,,r;(a*b),X044V04O01;(X044V04O02*X044V04O03),operand-renamed_same-structure,3
1015,44,5,,r;(a*b),X044V05O01;(X044V05O02*X044V05O03),operand-renamed_same-structure,3
1016,44,6,,r;(a*b),X044V06O01;(X044V06O02*X044V06O03),operand-renamed_same-structure,3
1017,44,7,,r;(a*b),X044V07O01;(X044V07O02*X044V07O03),operand-renamed_same-structure,3
1018,44,8,,r;(a*b),X044V08O01;(X044V08O02*X044V08O03),operand-renamed_same-structure,3
1019,44,9,,r;(a*b),X044V09O01;(X044V09O02*X044V09O03),operand-renamed_same-structure,3
1020,44,10,,r;(a*b),X044V10O01;(X044V10O02*X044V10O03),operand-renamed_same-structure,3
1021,44,11,,r;(a*b),X044V11O01;(X044V11O02*X044V11O03),operand-renamed_same-structure,3
1022,44,12,,r;(a*b),X044V12O01;(X044V12O02*X044V12O03),operand-renamed_same-structure,3
1023,44,13,,r;(a*b),X044V13O01;(X044V13O02*X044V13O03),operand-renamed_same-structure,3
1024,44,14,,r;(a*b),X044V14O01;(X044V14O02*X044V14O03),operand-renamed_same-structure,3
1025,44,15,,r;(a*b),X044V15O01;(X044V15O02*X044V15O03),operand-renamed_same-structure,3
1026,44,16,,r;(a*b),X044V16O01;(X044V16O02*X044V16O03),operand-renamed_same-structure,3
1027,44,17,,r;(a*b),X044V17O01;(X044V17O02*X044V17O03),operand-renamed_same-structure,3
1028,44,18,,r;(a*b),X044V18O01;(X044V18O02*X044V18O03),operand-renamed_same-structure,3
1029,44,19,,r;(a*b),X044V19O01;(X044V19O02*X044V19O03),operand-renamed_same-structure,3
1030,44,20,,r;(a*b),X044V20O01;(X044V20O02*X044V20O03),operand-renamed_same-structure,3
1031,44,21,,r;(a*b),X044V21O01;(X044V21O02*X044V21O03),operand-renamed_same-structure,3
1032,44,22,,r;(a*b),X044V22O01;(X044V22O02*X044V22O03),operand-renamed_same-structure,3
1033,44,23,,r;(a*b),X044V23O01;(X044V23O02*X044V23O03),operand-renamed_same-structure,3
1034,44,24,,r;(a*b),X044V24O01;(X044V24O02*X044V24O03),operand-renamed_same-structure,3
1035,45,1,,r ∗ (b ◦ c),X045V01O01 ∗ (X045V01O02 ◦ X045V01O03),operand-renamed_same-structure,3
1036,45,2,,r ∗ (b ◦ c),X045V02O01 ∗ (X045V02O02 ◦ X045V02O03),operand-renamed_same-structure,3
1037,45,3,,r ∗ (b ◦ c),X045V03O01 ∗ (X045V03O02 ◦ X045V03O03),operand-renamed_same-structure,3
1038,45,4,,r ∗ (b ◦ c),X045V04O01 ∗ (X045V04O02 ◦ X045V04O03),operand-renamed_same-structure,3
1039,45,5,,r ∗ (b ◦ c),X045V05O01 ∗ (X045V05O02 ◦ X045V05O03),operand-renamed_same-structure,3
1040,45,6,,r ∗ (b ◦ c),X045V06O01 ∗ (X045V06O02 ◦ X045V06O03),operand-renamed_same-structure,3
1041,45,7,,r ∗ (b ◦ c),X045V07O01 ∗ (X045V07O02 ◦ X045V07O03),operand-renamed_same-structure,3
1042,45,8,,r ∗ (b ◦ c),X045V08O01 ∗ (X045V08O02 ◦ X045V08O03),operand-renamed_same-structure,3
1043,45,9,,r ∗ (b ◦ c),X045V09O01 ∗ (X045V09O02 ◦ X045V09O03),operand-renamed_same-structure,3
1044,45,10,,r ∗ (b ◦ c),X045V10O01 ∗ (X045V10O02 ◦ X045V10O03),operand-renamed_same-structure,3
1045,45,11,,r ∗ (b ◦ c),X045V11O01 ∗ (X045V11O02 ◦ X045V11O03),operand-renamed_same-structure,3
1046,45,12,,r ∗ (b ◦ c),X045V12O01 ∗ (X045V12O02 ◦ X045V12O03),operand-renamed_same-structure,3
1047,45,13,,r ∗ (b ◦ c),X045V13O01 ∗ (X045V13O02 ◦ X045V13O03),operand-renamed_same-structure,3
1048,45,14,,r ∗ (b ◦ c),X045V14O01 ∗ (X045V14O02 ◦ X045V14O03),operand-renamed_same-structure,3
1049,45,15,,r ∗ (b ◦ c),X045V15O01 ∗ (X045V15O02 ◦ X045V15O03),operand-renamed_same-structure,3
1050,45,16,,r ∗ (b ◦ c),X045V16O01 ∗ (X045V16O02 ◦ X045V16O03),operand-renamed_same-structure,3
1051,45,17,,r ∗ (b ◦ c),X045V17O01 ∗ (X045V17O02 ◦ X045V17O03),operand-renamed_same-structure,3
1052,45,18,,r ∗ (b ◦ c),X045V18O01 ∗ (X045V18O02 ◦ X045V18O03),operand-renamed_same-structure,3
1053,45,19,,r ∗ (b ◦ c),X045V19O01 ∗ (X045V19O02 ◦ X045V19O03),operand-renamed_same-structure,3
1054,45,20,,r ∗ (b ◦ c),X045V20O01 ∗ (X045V20O02 ◦ X045V20O03),operand-renamed_same-structure,3
1055,45,21,,r ∗ (b ◦ c),X045V21O01 ∗ (X045V21O02 ◦ X045V21O03),operand-renamed_same-structure,3
1056,45,22,,r ∗ (b ◦ c),X045V22O01 ∗ (X045V22O02 ◦ X045V22O03),operand-renamed_same-structure,3
1057,45,23,,r ∗ (b ◦ c),X045V23O01 ∗ (X045V23O02 ◦ X045V23O03),operand-renamed_same-structure,3
1058,45,24,,r ∗ (b ◦ c),X045V24O01 ∗ (X045V24O02 ◦ X045V24O03),operand-renamed_same-structure,3
1059,46,1,,(r ∗ b) ◦ (r ∗ c),(X046V01O01 ∗ X046V01O02) ◦ (X046V01O01 ∗ X046V01O03),operand-renamed_same-structure,3
1060,46,2,,(r ∗ b) ◦ (r ∗ c),(X046V02O01 ∗ X046V02O02) ◦ (X046V02O01 ∗ X046V02O03),operand-renamed_same-structure,3
1061,46,3,,(r ∗ b) ◦ (r ∗ c),(X046V03O01 ∗ X046V03O02) ◦ (X046V03O01 ∗ X046V03O03),operand-renamed_same-structure,3
1062,46,4,,(r ∗ b) ◦ (r ∗ c),(X046V04O01 ∗ X046V04O02) ◦ (X046V04O01 ∗ X046V04O03),operand-renamed_same-structure,3
1063,46,5,,(r ∗ b) ◦ (r ∗ c),(X046V05O01 ∗ X046V05O02) ◦ (X046V05O01 ∗ X046V05O03),operand-renamed_same-structure,3
1064,46,6,,(r ∗ b) ◦ (r ∗ c),(X046V06O01 ∗ X046V06O02) ◦ (X046V06O01 ∗ X046V06O03),operand-renamed_same-structure,3
1065,46,7,,(r ∗ b) ◦ (r ∗ c),(X046V07O01 ∗ X046V07O02) ◦ (X046V07O01 ∗ X046V07O03),operand-renamed_same-structure,3
1066,46,8,,(r ∗ b) ◦ (r ∗ c),(X046V08O01 ∗ X046V08O02) ◦ (X046V08O01 ∗ X046V08O03),operand-renamed_same-structure,3
1067,46,9,,(r ∗ b) ◦ (r ∗ c),(X046V09O01 ∗ X046V09O02) ◦ (X046V09O01 ∗ X046V09O03),operand-renamed_same-structure,3
1068,46,10,,(r ∗ b) ◦ (r ∗ c),(X046V10O01 ∗ X046V10O02) ◦ (X046V10O01 ∗ X046V10O03),operand-renamed_same-structure,3
1069,46,11,,(r ∗ b) ◦ (r ∗ c),(X046V11O01 ∗ X046V11O02) ◦ (X046V11O01 ∗ X046V11O03),operand-renamed_same-structure,3
1070,46,12,,(r ∗ b) ◦ (r ∗ c),(X046V12O01 ∗ X046V12O02) ◦ (X046V12O01 ∗ X046V12O03),operand-renamed_same-structure,3
1071,46,13,,(r ∗ b) ◦ (r ∗ c),(X046V13O01 ∗ X046V13O02) ◦ (X046V13O01 ∗ X046V13O03),operand-renamed_same-structure,3
1072,46,14,,(r ∗ b) ◦ (r ∗ c),(X046V14O01 ∗ X046V14O02) ◦ (X046V14O01 ∗ X046V14O03),operand-renamed_same-structure,3
1073,46,15,,(r ∗ b) ◦ (r ∗ c),(X046V15O01 ∗ X046V15O02) ◦ (X046V15O01 ∗ X046V15O03),operand-renamed_same-structure,3
1074,46,16,,(r ∗ b) ◦ (r ∗ c),(X046V16O01 ∗ X046V16O02) ◦ (X046V16O01 ∗ X046V16O03),operand-renamed_same-structure,3
1075,46,17,,(r ∗ b) ◦ (r ∗ c),(X046V17O01 ∗ X046V17O02) ◦ (X046V17O01 ∗ X046V17O03),operand-renamed_same-structure,3
1076,46,18,,(r ∗ b) ◦ (r ∗ c),(X046V18O01 ∗ X046V18O02) ◦ (X046V18O01 ∗ X046V18O03),operand-renamed_same-structure,3
1077,46,19,,(r ∗ b) ◦ (r ∗ c),(X046V19O01 ∗ X046V19O02) ◦ (X046V19O01 ∗ X046V19O03),operand-renamed_same-structure,3
1078,46,20,,(r ∗ b) ◦ (r ∗ c),(X046V20O01 ∗ X046V20O02) ◦ (X046V20O01 ∗ X046V20O03),operand-renamed_same-structure,3
1079,46,21,,(r ∗ b) ◦ (r ∗ c),(X046V21O01 ∗ X046V21O02) ◦ (X046V21O01 ∗ X046V21O03),operand-renamed_same-structure,3
1080,46,22,,(r ∗ b) ◦ (r ∗ c),(X046V22O01 ∗ X046V22O02) ◦ (X046V22O01 ∗ X046V22O03),operand-renamed_same-structure,3
1081,46,23,,(r ∗ b) ◦ (r ∗ c),(X046V23O01 ∗ X046V23O02) ◦ (X046V23O01 ∗ X046V23O03),operand-renamed_same-structure,3
1082,46,24,,(r ∗ b) ◦ (r ∗ c),(X046V24O01 ∗ X046V24O02) ◦ (X046V24O01 ∗ X046V24O03),operand-renamed_same-structure,3
1083,47,1,,a ; (r ∗ (b ∗ b’)),X047V01O01 ; (X047V01O02 ∗ (X047V01O03 ∗ X047V01O03’)),operand-renamed_same-structure,3
1084,47,2,,a ; (r ∗ (b ∗ b’)),X047V02O01 ; (X047V02O02 ∗ (X047V02O03 ∗ X047V02O03’)),operand-renamed_same-structure,3
1085,47,3,,a ; (r ∗ (b ∗ b’)),X047V03O01 ; (X047V03O02 ∗ (X047V03O03 ∗ X047V03O03’)),operand-renamed_same-structure,3
1086,47,4,,a ; (r ∗ (b ∗ b’)),X047V04O01 ; (X047V04O02 ∗ (X047V04O03 ∗ X047V04O03’)),operand-renamed_same-structure,3
1087,47,5,,a ; (r ∗ (b ∗ b’)),X047V05O01 ; (X047V05O02 ∗ (X047V05O03 ∗ X047V05O03’)),operand-renamed_same-structure,3
1088,47,6,,a ; (r ∗ (b ∗ b’)),X047V06O01 ; (X047V06O02 ∗ (X047V06O03 ∗ X047V06O03’)),operand-renamed_same-structure,3
1089,47,7,,a ; (r ∗ (b ∗ b’)),X047V07O01 ; (X047V07O02 ∗ (X047V07O03 ∗ X047V07O03’)),operand-renamed_same-structure,3
1090,47,8,,a ; (r ∗ (b ∗ b’)),X047V08O01 ; (X047V08O02 ∗ (X047V08O03 ∗ X047V08O03’)),operand-renamed_same-structure,3
1091,47,9,,a ; (r ∗ (b ∗ b’)),X047V09O01 ; (X047V09O02 ∗ (X047V09O03 ∗ X047V09O03’)),operand-renamed_same-structure,3
1092,47,10,,a ; (r ∗ (b ∗ b’)),X047V10O01 ; (X047V10O02 ∗ (X047V10O03 ∗ X047V10O03’)),operand-renamed_same-structure,3
1093,47,11,,a ; (r ∗ (b ∗ b’)),X047V11O01 ; (X047V11O02 ∗ (X047V11O03 ∗ X047V11O03’)),operand-renamed_same-structure,3
1094,47,12,,a ; (r ∗ (b ∗ b’)),X047V12O01 ; (X047V12O02 ∗ (X047V12O03 ∗ X047V12O03’)),operand-renamed_same-structure,3
1095,47,13,,a ; (r ∗ (b ∗ b’)),X047V13O01 ; (X047V13O02 ∗ (X047V13O03 ∗ X047V13O03’)),operand-renamed_same-structure,3
1096,47,14,,a ; (r ∗ (b ∗ b’)),X047V14O01 ; (X047V14O02 ∗ (X047V14O03 ∗ X047V14O03’)),operand-renamed_same-structure,3
1097,47,15,,a ; (r ∗ (b ∗ b’)),X047V15O01 ; (X047V15O02 ∗ (X047V15O03 ∗ X047V15O03’)),operand-renamed_same-structure,3
1098,47,16,,a ; (r ∗ (b ∗ b’)),X047V16O01 ; (X047V16O02 ∗ (X047V16O03 ∗ X047V16O03’)),operand-renamed_same-structure,3
1099,47,17,,a ; (r ∗ (b ∗ b’)),X047V17O01 ; (X047V17O02 ∗ (X047V17O03 ∗ X047V17O03’)),operand-renamed_same-structure,3
1100,47,18,,a ; (r ∗ (b ∗ b’)),X047V18O01 ; (X047V18O02 ∗ (X047V18O03 ∗ X047V18O03’)),operand-renamed_same-structure,3
1101,47,19,,a ; (r ∗ (b ∗ b’)),X047V19O01 ; (X047V19O02 ∗ (X047V19O03 ∗ X047V19O03’)),operand-renamed_same-structure,3
1102,47,20,,a ; (r ∗ (b ∗ b’)),X047V20O01 ; (X047V20O02 ∗ (X047V20O03 ∗ X047V20O03’)),operand-renamed_same-structure,3
1103,47,21,,a ; (r ∗ (b ∗ b’)),X047V21O01 ; (X047V21O02 ∗ (X047V21O03 ∗ X047V21O03’)),operand-renamed_same-structure,3
1104,47,22,,a ; (r ∗ (b ∗ b’)),X047V22O01 ; (X047V22O02 ∗ (X047V22O03 ∗ X047V22O03’)),operand-renamed_same-structure,3
1105,47,23,,a ; (r ∗ (b ∗ b’)),X047V23O01 ; (X047V23O02 ∗ (X047V23O03 ∗ X047V23O03’)),operand-renamed_same-structure,3
1106,47,24,,a ; (r ∗ (b ∗ b’)),X047V24O01 ; (X047V24O02 ∗ (X047V24O03 ∗ X047V24O03’)),operand-renamed_same-structure,3
1107,48,1,,a ; ((r ∗ r) ∗ b),X048V01O01 ; ((X048V01O02 ∗ X048V01O02) ∗ X048V01O03),operand-renamed_same-structure,3
1108,48,2,,a ; ((r ∗ r) ∗ b),X048V02O01 ; ((X048V02O02 ∗ X048V02O02) ∗ X048V02O03),operand-renamed_same-structure,3
1109,48,3,,a ; ((r ∗ r) ∗ b),X048V03O01 ; ((X048V03O02 ∗ X048V03O02) ∗ X048V03O03),operand-renamed_same-structure,3
1110,48,4,,a ; ((r ∗ r) ∗ b),X048V04O01 ; ((X048V04O02 ∗ X048V04O02) ∗ X048V04O03),operand-renamed_same-structure,3
1111,48,5,,a ; ((r ∗ r) ∗ b),X048V05O01 ; ((X048V05O02 ∗ X048V05O02) ∗ X048V05O03),operand-renamed_same-structure,3
1112,48,6,,a ; ((r ∗ r) ∗ b),X048V06O01 ; ((X048V06O02 ∗ X048V06O02) ∗ X048V06O03),operand-renamed_same-structure,3
1113,48,7,,a ; ((r ∗ r) ∗ b),X048V07O01 ; ((X048V07O02 ∗ X048V07O02) ∗ X048V07O03),operand-renamed_same-structure,3
1114,48,8,,a ; ((r ∗ r) ∗ b),X048V08O01 ; ((X048V08O02 ∗ X048V08O02) ∗ X048V08O03),operand-renamed_same-structure,3
1115,48,9,,a ; ((r ∗ r) ∗ b),X048V09O01 ; ((X048V09O02 ∗ X048V09O02) ∗ X048V09O03),operand-renamed_same-structure,3
1116,48,10,,a ; ((r ∗ r) ∗ b),X048V10O01 ; ((X048V10O02 ∗ X048V10O02) ∗ X048V10O03),operand-renamed_same-structure,3
1117,48,11,,a ; ((r ∗ r) ∗ b),X048V11O01 ; ((X048V11O02 ∗ X048V11O02) ∗ X048V11O03),operand-renamed_same-structure,3
1118,48,12,,a ; ((r ∗ r) ∗ b),X048V12O01 ; ((X048V12O02 ∗ X048V12O02) ∗ X048V12O03),operand-renamed_same-structure,3
1119,48,13,,a ; ((r ∗ r) ∗ b),X048V13O01 ; ((X048V13O02 ∗ X048V13O02) ∗ X048V13O03),operand-renamed_same-structure,3
1120,48,14,,a ; ((r ∗ r) ∗ b),X048V14O01 ; ((X048V14O02 ∗ X048V14O02) ∗ X048V14O03),operand-renamed_same-structure,3
1121,48,15,,a ; ((r ∗ r) ∗ b),X048V15O01 ; ((X048V15O02 ∗ X048V15O02) ∗ X048V15O03),operand-renamed_same-structure,3
1122,48,16,,a ; ((r ∗ r) ∗ b),X048V16O01 ; ((X048V16O02 ∗ X048V16O02) ∗ X048V16O03),operand-renamed_same-structure,3
1123,48,17,,a ; ((r ∗ r) ∗ b),X048V17O01 ; ((X048V17O02 ∗ X048V17O02) ∗ X048V17O03),operand-renamed_same-structure,3
1124,48,18,,a ; ((r ∗ r) ∗ b),X048V18O01 ; ((X048V18O02 ∗ X048V18O02) ∗ X048V18O03),operand-renamed_same-structure,3
1125,48,19,,a ; ((r ∗ r) ∗ b),X048V19O01 ; ((X048V19O02 ∗ X048V19O02) ∗ X048V19O03),operand-renamed_same-structure,3
1126,48,20,,a ; ((r ∗ r) ∗ b),X048V20O01 ; ((X048V20O02 ∗ X048V20O02) ∗ X048V20O03),operand-renamed_same-structure,3
1127,48,21,,a ; ((r ∗ r) ∗ b),X048V21O01 ; ((X048V21O02 ∗ X048V21O02) ∗ X048V21O03),operand-renamed_same-structure,3
1128,48,22,,a ; ((r ∗ r) ∗ b),X048V22O01 ; ((X048V22O02 ∗ X048V22O02) ∗ X048V22O03),operand-renamed_same-structure,3
1129,48,23,,a ; ((r ∗ r) ∗ b),X048V23O01 ; ((X048V23O02 ∗ X048V23O02) ∗ X048V23O03),operand-renamed_same-structure,3
1130,49,1,,a {r ; b ; r} s,X049V01O01 {r ; b ; r} X049V01O02,operand-renamed_same-structure,2
1131,49,2,,a {r ; b ; r} s,X049V02O01 {r ; b ; r} X049V02O02,operand-renamed_same-structure,2
1132,49,3,,a {r ; b ; r} s,X049V03O01 {r ; b ; r} X049V03O02,operand-renamed_same-structure,2
1133,49,4,,a {r ; b ; r} s,X049V04O01 {r ; b ; r} X049V04O02,operand-renamed_same-structure,2
1134,49,5,,a {r ; b ; r} s,X049V05O01 {r ; b ; r} X049V05O02,operand-renamed_same-structure,2
1135,49,6,,a {r ; b ; r} s,X049V06O01 {r ; b ; r} X049V06O02,operand-renamed_same-structure,2
1136,49,7,,a {r ; b ; r} s,X049V07O01 {r ; b ; r} X049V07O02,operand-renamed_same-structure,2
1137,49,8,,a {r ; b ; r} s,X049V08O01 {r ; b ; r} X049V08O02,operand-renamed_same-structure,2
1138,49,9,,a {r ; b ; r} s,X049V09O01 {r ; b ; r} X049V09O02,operand-renamed_same-structure,2
1139,49,10,,a {r ; b ; r} s,X049V10O01 {r ; b ; r} X049V10O02,operand-renamed_same-structure,2
1140,49,11,,a {r ; b ; r} s,X049V11O01 {r ; b ; r} X049V11O02,operand-renamed_same-structure,2
1141,49,12,,a {r ; b ; r} s,X049V12O01 {r ; b ; r} X049V12O02,operand-renamed_same-structure,2
1142,49,13,,a {r ; b ; r} s,X049V13O01 {r ; b ; r} X049V13O02,operand-renamed_same-structure,2
1143,49,14,,a {r ; b ; r} s,X049V14O01 {r ; b ; r} X049V14O02,operand-renamed_same-structure,2
1144,49,15,,a {r ; b ; r} s,X049V15O01 {r ; b ; r} X049V15O02,operand-renamed_same-structure,2
1145,49,16,,a {r ; b ; r} s,X049V16O01 {r ; b ; r} X049V16O02,operand-renamed_same-structure,2
1146,49,17,,a {r ; b ; r} s,X049V17O01 {r ; b ; r} X049V17O02,operand-renamed_same-structure,2
1147,49,18,,a {r ; b ; r} s,X049V18O01 {r ; b ; r} X049V18O02,operand-renamed_same-structure,2
1148,49,19,,a {r ; b ; r} s,X049V19O01 {r ; b ; r} X049V19O02,operand-renamed_same-structure,2
1149,49,20,,a {r ; b ; r} s,X049V20O01 {r ; b ; r} X049V20O02,operand-renamed_same-structure,2
1150,49,21,,a {r ; b ; r} s,X049V21O01 {r ; b ; r} X049V21O02,operand-renamed_same-structure,2
1151,49,22,,a {r ; b ; r} s,X049V22O01 {r ; b ; r} X049V22O02,operand-renamed_same-structure,2
1152,49,23,,a {r ; b ; r} s,X049V23O01 {r ; b ; r} X049V23O02,operand-renamed_same-structure,2
1153,49,24,,a {r ; b ; r} s,X049V24O01 {r ; b ; r} X049V24O02,operand-renamed_same-structure,2
1154,50,1,,a ; (r ; b ; r),X050V01O01 ; (X050V01O02 ; X050V01O03 ; X050V01O02),operand-renamed_same-structure,3
1155,50,2,,a ; (r ; b ; r),X050V02O01 ; (X050V02O02 ; X050V02O03 ; X050V02O02),operand-renamed_same-structure,3
1156,50,3,,a ; (r ; b ; r),X050V03O01 ; (X050V03O02 ; X050V03O03 ; X050V03O02),operand-renamed_same-structure,3
1157,50,4,,a ; (r ; b ; r),X050V04O01 ; (X050V04O02 ; X050V04O03 ; X050V04O02),operand-renamed_same-structure,3
1158,50,5,,a ; (r ; b ; r),X050V05O01 ; (X050V05O02 ; X050V05O03 ; X050V05O02),operand-renamed_same-structure,3
1159,50,6,,a ; (r ; b ; r),X050V06O01 ; (X050V06O02 ; X050V06O03 ; X050V06O02),operand-renamed_same-structure,3
1160,50,7,,a ; (r ; b ; r),X050V07O01 ; (X050V07O02 ; X050V07O03 ; X050V07O02),operand-renamed_same-structure,3
1161,50,8,,a ; (r ; b ; r),X050V08O01 ; (X050V08O02 ; X050V08O03 ; X050V08O02),operand-renamed_same-structure,3
1162,50,9,,a ; (r ; b ; r),X050V09O01 ; (X050V09O02 ; X050V09O03 ; X050V09O02),operand-renamed_same-structure,3
1163,50,10,,a ; (r ; b ; r),X050V10O01 ; (X050V10O02 ; X050V10O03 ; X050V10O02),operand-renamed_same-structure,3
1164,50,11,,a ; (r ; b ; r),X050V11O01 ; (X050V11O02 ; X050V11O03 ; X050V11O02),operand-renamed_same-structure,3
1165,50,12,,a ; (r ; b ; r),X050V12O01 ; (X050V12O02 ; X050V12O03 ; X050V12O02),operand-renamed_same-structure,3
1166,50,13,,a ; (r ; b ; r),X050V13O01 ; (X050V13O02 ; X050V13O03 ; X050V13O02),operand-renamed_same-structure,3
1167,50,14,,a ; (r ; b ; r),X050V14O01 ; (X050V14O02 ; X050V14O03 ; X050V14O02),operand-renamed_same-structure,3
1168,50,15,,a ; (r ; b ; r),X050V15O01 ; (X050V15O02 ; X050V15O03 ; X050V15O02),operand-renamed_same-structure,3
1169,50,16,,a ; (r ; b ; r),X050V16O01 ; (X050V16O02 ; X050V16O03 ; X050V16O02),operand-renamed_same-structure,3
1170,50,17,,a ; (r ; b ; r),X050V17O01 ; (X050V17O02 ; X050V17O03 ; X050V17O02),operand-renamed_same-structure,3
1171,50,18,,a ; (r ; b ; r),X050V18O01 ; (X050V18O02 ; X050V18O03 ; X050V18O02),operand-renamed_same-structure,3
1172,50,19,,a ; (r ; b ; r),X050V19O01 ; (X050V19O02 ; X050V19O03 ; X050V19O02),operand-renamed_same-structure,3
1173,50,20,,a ; (r ; b ; r),X050V20O01 ; (X050V20O02 ; X050V20O03 ; X050V20O02),operand-renamed_same-structure,3
1174,50,21,,a ; (r ; b ; r),X050V21O01 ; (X050V21O02 ; X050V21O03 ; X050V21O02),operand-renamed_same-structure,3
1175,50,22,,a ; (r ; b ; r),X050V22O01 ; (X050V22O02 ; X050V22O03 ; X050V22O02),operand-renamed_same-structure,3
1176,50,23,,a ; (r ; b ; r),X050V23O01 ; (X050V23O02 ; X050V23O03 ; X050V23O02),operand-renamed_same-structure,3
1177,50,24,,a ; (r ; b ; r),X050V24O01 ; (X050V24O02 ; X050V24O03 ; X050V24O02),operand-renamed_same-structure,3
1178,51,1,,a ; (r ∗ b),X051V01O01 ; (X051V01O02 ∗ X051V01O03),operand-renamed_same-structure,3
1179,51,2,,a ; (r ∗ b),X051V02O01 ; (X051V02O02 ∗ X051V02O03),operand-renamed_same-structure,3
1180,51,3,,a ; (r ∗ b),X051V03O01 ; (X051V03O02 ∗ X051V03O03),operand-renamed_same-structure,3
1181,51,4,,a ; (r ∗ b),X051V04O01 ; (X051V04O02 ∗ X051V04O03),operand-renamed_same-structure,3
1182,51,5,,a ; (r ∗ b),X051V05O01 ; (X051V05O02 ∗ X051V05O03),operand-renamed_same-structure,3
1183,51,6,,a ; (r ∗ b),X051V06O01 ; (X051V06O02 ∗ X051V06O03),operand-renamed_same-structure,3
1184,51,7,,a ; (r ∗ b),X051V07O01 ; (X051V07O02 ∗ X051V07O03),operand-renamed_same-structure,3
1185,51,8,,a ; (r ∗ b),X051V08O01 ; (X051V08O02 ∗ X051V08O03),operand-renamed_same-structure,3
1186,51,9,,a ; (r ∗ b),X051V09O01 ; (X051V09O02 ∗ X051V09O03),operand-renamed_same-structure,3
1187,51,10,,a ; (r ∗ b),X051V10O01 ; (X051V10O02 ∗ X051V10O03),operand-renamed_same-structure,3
1188,51,11,,a ; (r ∗ b),X051V11O01 ; (X051V11O02 ∗ X051V11O03),operand-renamed_same-structure,3
1189,51,12,,a ; (r ∗ b),X051V12O01 ; (X051V12O02 ∗ X051V12O03),operand-renamed_same-structure,3
1190,51,13,,a ; (r ∗ b),X051V13O01 ; (X051V13O02 ∗ X051V13O03),operand-renamed_same-structure,3
1191,51,14,,a ; (r ∗ b),X051V14O01 ; (X051V14O02 ∗ X051V14O03),operand-renamed_same-structure,3
1192,51,15,,a ; (r ∗ b),X051V15O01 ; (X051V15O02 ∗ X051V15O03),operand-renamed_same-structure,3
1193,51,16,,a ; (r ∗ b),X051V16O01 ; (X051V16O02 ∗ X051V16O03),operand-renamed_same-structure,3
1194,51,17,,a ; (r ∗ b),X051V17O01 ; (X051V17O02 ∗ X051V17O03),operand-renamed_same-structure,3
1195,51,18,,a ; (r ∗ b),X051V18O01 ; (X051V18O02 ∗ X051V18O03),operand-renamed_same-structure,3
1196,51,19,,a ; (r ∗ b),X051V19O01 ; (X051V19O02 ∗ X051V19O03),operand-renamed_same-structure,3
1197,51,20,,a ; (r ∗ b),X051V20O01 ; (X051V20O02 ∗ X051V20O03),operand-renamed_same-structure,3
1198,51,21,,a ; (r ∗ b),X051V21O01 ; (X051V21O02 ∗ X051V21O03),operand-renamed_same-structure,3
1199,51,22,,a ; (r ∗ b),X051V22O01 ; (X051V22O02 ∗ X051V22O03),operand-renamed_same-structure,3
1200,51,23,,a ; (r ∗ b),X051V23O01 ; (X051V23O02 ∗ X051V23O03),operand-renamed_same-structure,3
1201,52,1,,a · (b + c),X052V01O01 · (X052V01O02 + X052V01O03),operand-renamed_same-structure,3
1202,52,2,,a · (b + c),X052V02O01 · (X052V02O02 + X052V02O03),operand-renamed_same-structure,3
1203,52,3,,a · (b + c),X052V03O01 · (X052V03O02 + X052V03O03),operand-renamed_same-structure,3
1204,52,4,,a · (b + c),X052V04O01 · (X052V04O02 + X052V04O03),operand-renamed_same-structure,3
1205,52,5,,a · (b + c),X052V05O01 · (X052V05O02 + X052V05O03),operand-renamed_same-structure,3
1206,52,6,,a · (b + c),X052V06O01 · (X052V06O02 + X052V06O03),operand-renamed_same-structure,3
1207,52,7,,a · (b + c),X052V07O01 · (X052V07O02 + X052V07O03),operand-renamed_same-structure,3
1208,52,8,,a · (b + c),X052V08O01 · (X052V08O02 + X052V08O03),operand-renamed_same-structure,3
1209,52,9,,a · (b + c),X052V09O01 · (X052V09O02 + X052V09O03),operand-renamed_same-structure,3
1210,52,10,,a · (b + c),X052V10O01 · (X052V10O02 + X052V10O03),operand-renamed_same-structure,3
1211,52,11,,a · (b + c),X052V11O01 · (X052V11O02 + X052V11O03),operand-renamed_same-structure,3
1212,52,12,,a · (b + c),X052V12O01 · (X052V12O02 + X052V12O03),operand-renamed_same-structure,3
1213,52,13,,a · (b + c),X052V13O01 · (X052V13O02 + X052V13O03),operand-renamed_same-structure,3
1214,52,14,,a · (b + c),X052V14O01 · (X052V14O02 + X052V14O03),operand-renamed_same-structure,3
1215,52,15,,a · (b + c),X052V15O01 · (X052V15O02 + X052V15O03),operand-renamed_same-structure,3
1216,52,16,,a · (b + c),X052V16O01 · (X052V16O02 + X052V16O03),operand-renamed_same-structure,3
1217,52,17,,a · (b + c),X052V17O01 · (X052V17O02 + X052V17O03),operand-renamed_same-structure,3
1218,52,18,,a · (b + c),X052V18O01 · (X052V18O02 + X052V18O03),operand-renamed_same-structure,3
1219,52,19,,a · (b + c),X052V19O01 · (X052V19O02 + X052V19O03),operand-renamed_same-structure,3
1220,52,20,,a · (b + c),X052V20O01 · (X052V20O02 + X052V20O03),operand-renamed_same-structure,3
1221,52,21,,a · (b + c),X052V21O01 · (X052V21O02 + X052V21O03),operand-renamed_same-structure,3
1222,52,22,,a · (b + c),X052V22O01 · (X052V22O02 + X052V22O03),operand-renamed_same-structure,3
1223,52,23,,a · (b + c),X052V23O01 · (X052V23O02 + X052V23O03),operand-renamed_same-structure,3
1224,52,24,,a · (b + c),X052V24O01 · (X052V24O02 + X052V24O03),operand-renamed_same-structure,3
1225,53,1,,(a + b) · c,(X053V01O01 + X053V01O02) · X053V01O03,operand-renamed_same-structure,3
1226,53,2,,(a + b) · c,(X053V02O01 + X053V02O02) · X053V02O03,operand-renamed_same-structure,3
1227,53,3,,(a + b) · c,(X053V03O01 + X053V03O02) · X053V03O03,operand-renamed_same-structure,3
1228,53,4,,(a + b) · c,(X053V04O01 + X053V04O02) · X053V04O03,operand-renamed_same-structure,3
1229,53,5,,(a + b) · c,(X053V05O01 + X053V05O02) · X053V05O03,operand-renamed_same-structure,3
1230,53,6,,(a + b) · c,(X053V06O01 + X053V06O02) · X053V06O03,operand-renamed_same-structure,3
1231,53,7,,(a + b) · c,(X053V07O01 + X053V07O02) · X053V07O03,operand-renamed_same-structure,3
1232,53,8,,(a + b) · c,(X053V08O01 + X053V08O02) · X053V08O03,operand-renamed_same-structure,3
1233,53,9,,(a + b) · c,(X053V09O01 + X053V09O02) · X053V09O03,operand-renamed_same-structure,3
1234,53,10,,(a + b) · c,(X053V10O01 + X053V10O02) · X053V10O03,operand-renamed_same-structure,3
1235,53,11,,(a + b) · c,(X053V11O01 + X053V11O02) · X053V11O03,operand-renamed_same-structure,3
1236,53,12,,(a + b) · c,(X053V12O01 + X053V12O02) · X053V12O03,operand-renamed_same-structure,3
1237,53,13,,(a + b) · c,(X053V13O01 + X053V13O02) · X053V13O03,operand-renamed_same-structure,3
1238,53,14,,(a + b) · c,(X053V14O01 + X053V14O02) · X053V14O03,operand-renamed_same-structure,3
1239,53,15,,(a + b) · c,(X053V15O01 + X053V15O02) · X053V15O03,operand-renamed_same-structure,3
1240,53,16,,(a + b) · c,(X053V16O01 + X053V16O02) · X053V16O03,operand-renamed_same-structure,3
1241,53,17,,(a + b) · c,(X053V17O01 + X053V17O02) · X053V17O03,operand-renamed_same-structure,3
1242,53,18,,(a + b) · c,(X053V18O01 + X053V18O02) · X053V18O03,operand-renamed_same-structure,3
1243,53,19,,(a + b) · c,(X053V19O01 + X053V19O02) · X053V19O03,operand-renamed_same-structure,3
1244,53,20,,(a + b) · c,(X053V20O01 + X053V20O02) · X053V20O03,operand-renamed_same-structure,3
1245,53,21,,(a + b) · c,(X053V21O01 + X053V21O02) · X053V21O03,operand-renamed_same-structure,3
1246,53,22,,(a + b) · c,(X053V22O01 + X053V22O02) · X053V22O03,operand-renamed_same-structure,3
1247,53,23,,(a + b) · c,(X053V23O01 + X053V23O02) · X053V23O03,operand-renamed_same-structure,3
1248,53,24,,(a + b) · c,(X053V24O01 + X053V24O02) · X053V24O03,operand-renamed_same-structure,3
1249,54,1,,(a ∗ b) ; (c ∗ d),(X054V01O01 ∗ X054V01O02) ; (X054V01O03 ∗ X054V01O04),operand-renamed_same-structure,4
1250,54,2,,(a ∗ b) ; (c ∗ d),(X054V02O01 ∗ X054V02O02) ; (X054V02O03 ∗ X054V02O04),operand-renamed_same-structure,4
1251,54,3,,(a ∗ b) ; (c ∗ d),(X054V03O01 ∗ X054V03O02) ; (X054V03O03 ∗ X054V03O04),operand-renamed_same-structure,4
1252,54,4,,(a ∗ b) ; (c ∗ d),(X054V04O01 ∗ X054V04O02) ; (X054V04O03 ∗ X054V04O04),operand-renamed_same-structure,4
1253,54,5,,(a ∗ b) ; (c ∗ d),(X054V05O01 ∗ X054V05O02) ; (X054V05O03 ∗ X054V05O04),operand-renamed_same-structure,4
1254,54,6,,(a ∗ b) ; (c ∗ d),(X054V06O01 ∗ X054V06O02) ; (X054V06O03 ∗ X054V06O04),operand-renamed_same-structure,4
1255,54,7,,(a ∗ b) ; (c ∗ d),(X054V07O01 ∗ X054V07O02) ; (X054V07O03 ∗ X054V07O04),operand-renamed_same-structure,4
1256,54,8,,(a ∗ b) ; (c ∗ d),(X054V08O01 ∗ X054V08O02) ; (X054V08O03 ∗ X054V08O04),operand-renamed_same-structure,4
1257,54,9,,(a ∗ b) ; (c ∗ d),(X054V09O01 ∗ X054V09O02) ; (X054V09O03 ∗ X054V09O04),operand-renamed_same-structure,4
1258,54,10,,(a ∗ b) ; (c ∗ d),(X054V10O01 ∗ X054V10O02) ; (X054V10O03 ∗ X054V10O04),operand-renamed_same-structure,4
1259,54,11,,(a ∗ b) ; (c ∗ d),(X054V11O01 ∗ X054V11O02) ; (X054V11O03 ∗ X054V11O04),operand-renamed_same-structure,4
1260,54,12,,(a ∗ b) ; (c ∗ d),(X054V12O01 ∗ X054V12O02) ; (X054V12O03 ∗ X054V12O04),operand-renamed_same-structure,4
1261,54,13,,(a ∗ b) ; (c ∗ d),(X054V13O01 ∗ X054V13O02) ; (X054V13O03 ∗ X054V13O04),operand-renamed_same-structure,4
1262,54,14,,(a ∗ b) ; (c ∗ d),(X054V14O01 ∗ X054V14O02) ; (X054V14O03 ∗ X054V14O04),operand-renamed_same-structure,4
1263,54,15,,(a ∗ b) ; (c ∗ d),(X054V15O01 ∗ X054V15O02) ; (X054V15O03 ∗ X054V15O04),operand-renamed_same-structure,4
1264,54,16,,(a ∗ b) ; (c ∗ d),(X054V16O01 ∗ X054V16O02) ; (X054V16O03 ∗ X054V16O04),operand-renamed_same-structure,4
1265,54,17,,(a ∗ b) ; (c ∗ d),(X054V17O01 ∗ X054V17O02) ; (X054V17O03 ∗ X054V17O04),operand-renamed_same-structure,4
1266,54,18,,(a ∗ b) ; (c ∗ d),(X054V18O01 ∗ X054V18O02) ; (X054V18O03 ∗ X054V18O04),operand-renamed_same-structure,4
1267,54,19,,(a ∗ b) ; (c ∗ d),(X054V19O01 ∗ X054V19O02) ; (X054V19O03 ∗ X054V19O04),operand-renamed_same-structure,4
1268,54,20,,(a ∗ b) ; (c ∗ d),(X054V20O01 ∗ X054V20O02) ; (X054V20O03 ∗ X054V20O04),operand-renamed_same-structure,4
1269,54,21,,(a ∗ b) ; (c ∗ d),(X054V21O01 ∗ X054V21O02) ; (X054V21O03 ∗ X054V21O04),operand-renamed_same-structure,4
1270,54,22,,(a ∗ b) ; (c ∗ d),(X054V22O01 ∗ X054V22O02) ; (X054V22O03 ∗ X054V22O04),operand-renamed_same-structure,4
1271,54,23,,(a ∗ b) ; (c ∗ d),(X054V23O01 ∗ X054V23O02) ; (X054V23O03 ∗ X054V23O04),operand-renamed_same-structure,4
1272,55,1,,(a ; c) ∗ (b ; d),(X055V01O01 ; X055V01O02) ∗ (X055V01O03 ; X055V01O04),operand-renamed_same-structure,4
1273,55,2,,(a ; c) ∗ (b ; d),(X055V02O01 ; X055V02O02) ∗ (X055V02O03 ; X055V02O04),operand-renamed_same-structure,4
1274,55,3,,(a ; c) ∗ (b ; d),(X055V03O01 ; X055V03O02) ∗ (X055V03O03 ; X055V03O04),operand-renamed_same-structure,4
1275,55,4,,(a ; c) ∗ (b ; d),(X055V04O01 ; X055V04O02) ∗ (X055V04O03 ; X055V04O04),operand-renamed_same-structure,4
1276,55,5,,(a ; c) ∗ (b ; d),(X055V05O01 ; X055V05O02) ∗ (X055V05O03 ; X055V05O04),operand-renamed_same-structure,4
1277,55,6,,(a ; c) ∗ (b ; d),(X055V06O01 ; X055V06O02) ∗ (X055V06O03 ; X055V06O04),operand-renamed_same-structure,4
1278,55,7,,(a ; c) ∗ (b ; d),(X055V07O01 ; X055V07O02) ∗ (X055V07O03 ; X055V07O04),operand-renamed_same-structure,4
1279,55,8,,(a ; c) ∗ (b ; d),(X055V08O01 ; X055V08O02) ∗ (X055V08O03 ; X055V08O04),operand-renamed_same-structure,4
1280,55,9,,(a ; c) ∗ (b ; d),(X055V09O01 ; X055V09O02) ∗ (X055V09O03 ; X055V09O04),operand-renamed_same-structure,4
1281,55,10,,(a ; c) ∗ (b ; d),(X055V10O01 ; X055V10O02) ∗ (X055V10O03 ; X055V10O04),operand-renamed_same-structure,4
1282,55,11,,(a ; c) ∗ (b ; d),(X055V11O01 ; X055V11O02) ∗ (X055V11O03 ; X055V11O04),operand-renamed_same-structure,4
1283,55,12,,(a ; c) ∗ (b ; d),(X055V12O01 ; X055V12O02) ∗ (X055V12O03 ; X055V12O04),operand-renamed_same-structure,4
1284,55,13,,(a ; c) ∗ (b ; d),(X055V13O01 ; X055V13O02) ∗ (X055V13O03 ; X055V13O04),operand-renamed_same-structure,4
1285,55,14,,(a ; c) ∗ (b ; d),(X055V14O01 ; X055V14O02) ∗ (X055V14O03 ; X055V14O04),operand-renamed_same-structure,4
1286,55,15,,(a ; c) ∗ (b ; d),(X055V15O01 ; X055V15O02) ∗ (X055V15O03 ; X055V15O04),operand-renamed_same-structure,4
1287,55,16,,(a ; c) ∗ (b ; d),(X055V16O01 ; X055V16O02) ∗ (X055V16O03 ; X055V16O04),operand-renamed_same-structure,4
1288,55,17,,(a ; c) ∗ (b ; d),(X055V17O01 ; X055V17O02) ∗ (X055V17O03 ; X055V17O04),operand-renamed_same-structure,4
1289,55,18,,(a ; c) ∗ (b ; d),(X055V18O01 ; X055V18O02) ∗ (X055V18O03 ; X055V18O04),operand-renamed_same-structure,4
1290,55,19,,(a ; c) ∗ (b ; d),(X055V19O01 ; X055V19O02) ∗ (X055V19O03 ; X055V19O04),operand-renamed_same-structure,4
1291,55,20,,(a ; c) ∗ (b ; d),(X055V20O01 ; X055V20O02) ∗ (X055V20O03 ; X055V20O04),operand-renamed_same-structure,4
1292,55,21,,(a ; c) ∗ (b ; d),(X055V21O01 ; X055V21O02) ∗ (X055V21O03 ; X055V21O04),operand-renamed_same-structure,4
1293,55,22,,(a ; c) ∗ (b ; d),(X055V22O01 ; X055V22O02) ∗ (X055V22O03 ; X055V22O04),operand-renamed_same-structure,4
1294,55,23,,(a ; c) ∗ (b ; d),(X055V23O01 ; X055V23O02) ∗ (X055V23O03 ; X055V23O04),operand-renamed_same-structure,4
1295,56,1,,x+(y+z),X056V01O01+(X056V01O02+X056V01O03),operand-renamed_same-structure,3
1296,56,2,,x+(y+z),X056V02O01+(X056V02O02+X056V02O03),operand-renamed_same-structure,3
1297,56,3,,x+(y+z),X056V03O01+(X056V03O02+X056V03O03),operand-renamed_same-structure,3
1298,56,4,,x+(y+z),X056V04O01+(X056V04O02+X056V04O03),operand-renamed_same-structure,3
1299,56,5,,x+(y+z),X056V05O01+(X056V05O02+X056V05O03),operand-renamed_same-structure,3
1300,56,6,,x+(y+z),X056V06O01+(X056V06O02+X056V06O03),operand-renamed_same-structure,3
1301,56,7,,x+(y+z),X056V07O01+(X056V07O02+X056V07O03),operand-renamed_same-structure,3
1302,56,8,,x+(y+z),X056V08O01+(X056V08O02+X056V08O03),operand-renamed_same-structure,3
1303,56,9,,x+(y+z),X056V09O01+(X056V09O02+X056V09O03),operand-renamed_same-structure,3
1304,56,10,,x+(y+z),X056V10O01+(X056V10O02+X056V10O03),operand-renamed_same-structure,3
1305,56,11,,x+(y+z),X056V11O01+(X056V11O02+X056V11O03),operand-renamed_same-structure,3
1306,56,12,,x+(y+z),X056V12O01+(X056V12O02+X056V12O03),operand-renamed_same-structure,3
1307,56,13,,x+(y+z),X056V13O01+(X056V13O02+X056V13O03),operand-renamed_same-structure,3
1308,56,14,,x+(y+z),X056V14O01+(X056V14O02+X056V14O03),operand-renamed_same-structure,3
1309,56,15,,x+(y+z),X056V15O01+(X056V15O02+X056V15O03),operand-renamed_same-structure,3
1310,56,16,,x+(y+z),X056V16O01+(X056V16O02+X056V16O03),operand-renamed_same-structure,3
1311,56,17,,x+(y+z),X056V17O01+(X056V17O02+X056V17O03),operand-renamed_same-structure,3
1312,56,18,,x+(y+z),X056V18O01+(X056V18O02+X056V18O03),operand-renamed_same-structure,3
1313,56,19,,x+(y+z),X056V19O01+(X056V19O02+X056V19O03),operand-renamed_same-structure,3
1314,56,20,,x+(y+z),X056V20O01+(X056V20O02+X056V20O03),operand-renamed_same-structure,3
1315,56,21,,x+(y+z),X056V21O01+(X056V21O02+X056V21O03),operand-renamed_same-structure,3
1316,56,22,,x+(y+z),X056V22O01+(X056V22O02+X056V22O03),operand-renamed_same-structure,3
1317,56,23,,x+(y+z),X056V23O01+(X056V23O02+X056V23O03),operand-renamed_same-structure,3
1318,56,24,,x+(y+z),X056V24O01+(X056V24O02+X056V24O03),operand-renamed_same-structure,3
1319,57,1,,(x+y)+z,(X057V01O01+X057V01O02)+X057V01O03,operand-renamed_same-structure,3
1320,57,2,,(x+y)+z,(X057V02O01+X057V02O02)+X057V02O03,operand-renamed_same-structure,3
1321,57,3,,(x+y)+z,(X057V03O01+X057V03O02)+X057V03O03,operand-renamed_same-structure,3
1322,57,4,,(x+y)+z,(X057V04O01+X057V04O02)+X057V04O03,operand-renamed_same-structure,3
1323,57,5,,(x+y)+z,(X057V05O01+X057V05O02)+X057V05O03,operand-renamed_same-structure,3
1324,57,6,,(x+y)+z,(X057V06O01+X057V06O02)+X057V06O03,operand-renamed_same-structure,3
1325,57,7,,(x+y)+z,(X057V07O01+X057V07O02)+X057V07O03,operand-renamed_same-structure,3
1326,57,8,,(x+y)+z,(X057V08O01+X057V08O02)+X057V08O03,operand-renamed_same-structure,3
1327,57,9,,(x+y)+z,(X057V09O01+X057V09O02)+X057V09O03,operand-renamed_same-structure,3
1328,57,10,,(x+y)+z,(X057V10O01+X057V10O02)+X057V10O03,operand-renamed_same-structure,3
1329,57,11,,(x+y)+z,(X057V11O01+X057V11O02)+X057V11O03,operand-renamed_same-structure,3
1330,57,12,,(x+y)+z,(X057V12O01+X057V12O02)+X057V12O03,operand-renamed_same-structure,3
1331,57,13,,(x+y)+z,(X057V13O01+X057V13O02)+X057V13O03,operand-renamed_same-structure,3
1332,57,14,,(x+y)+z,(X057V14O01+X057V14O02)+X057V14O03,operand-renamed_same-structure,3
1333,57,15,,(x+y)+z,(X057V15O01+X057V15O02)+X057V15O03,operand-renamed_same-structure,3
1334,57,16,,(x+y)+z,(X057V16O01+X057V16O02)+X057V16O03,operand-renamed_same-structure,3
1335,57,17,,(x+y)+z,(X057V17O01+X057V17O02)+X057V17O03,operand-renamed_same-structure,3
1336,57,18,,(x+y)+z,(X057V18O01+X057V18O02)+X057V18O03,operand-renamed_same-structure,3
1337,57,19,,(x+y)+z,(X057V19O01+X057V19O02)+X057V19O03,operand-renamed_same-structure,3
1338,57,20,,(x+y)+z,(X057V20O01+X057V20O02)+X057V20O03,operand-renamed_same-structure,3
1339,57,21,,(x+y)+z,(X057V21O01+X057V21O02)+X057V21O03,operand-renamed_same-structure,3
1340,57,22,,(x+y)+z,(X057V22O01+X057V22O02)+X057V22O03,operand-renamed_same-structure,3
1341,57,23,,(x+y)+z,(X057V23O01+X057V23O02)+X057V23O03,operand-renamed_same-structure,3
1342,57,24,,(x+y)+z,(X057V24O01+X057V24O02)+X057V24O03,operand-renamed_same-structure,3
1343,58,1,,x;(y+z),X058V01O01;(X058V01O02+X058V01O03),operand-renamed_same-structure,3
1344,58,2,,x;(y+z),X058V02O01;(X058V02O02+X058V02O03),operand-renamed_same-structure,3
1345,58,3,,x;(y+z),X058V03O01;(X058V03O02+X058V03O03),operand-renamed_same-structure,3
1346,58,4,,x;(y+z),X058V04O01;(X058V04O02+X058V04O03),operand-renamed_same-structure,3
1347,58,5,,x;(y+z),X058V05O01;(X058V05O02+X058V05O03),operand-renamed_same-structure,3
1348,58,6,,x;(y+z),X058V06O01;(X058V06O02+X058V06O03),operand-renamed_same-structure,3
1349,58,7,,x;(y+z),X058V07O01;(X058V07O02+X058V07O03),operand-renamed_same-structure,3
1350,58,8,,x;(y+z),X058V08O01;(X058V08O02+X058V08O03),operand-renamed_same-structure,3
1351,58,9,,x;(y+z),X058V09O01;(X058V09O02+X058V09O03),operand-renamed_same-structure,3
1352,58,10,,x;(y+z),X058V10O01;(X058V10O02+X058V10O03),operand-renamed_same-structure,3
1353,58,11,,x;(y+z),X058V11O01;(X058V11O02+X058V11O03),operand-renamed_same-structure,3
1354,58,12,,x;(y+z),X058V12O01;(X058V12O02+X058V12O03),operand-renamed_same-structure,3
1355,58,13,,x;(y+z),X058V13O01;(X058V13O02+X058V13O03),operand-renamed_same-structure,3
1356,58,14,,x;(y+z),X058V14O01;(X058V14O02+X058V14O03),operand-renamed_same-structure,3
1357,58,15,,x;(y+z),X058V15O01;(X058V15O02+X058V15O03),operand-renamed_same-structure,3
1358,58,16,,x;(y+z),X058V16O01;(X058V16O02+X058V16O03),operand-renamed_same-structure,3
1359,58,17,,x;(y+z),X058V17O01;(X058V17O02+X058V17O03),operand-renamed_same-structure,3
1360,58,18,,x;(y+z),X058V18O01;(X058V18O02+X058V18O03),operand-renamed_same-structure,3
1361,58,19,,x;(y+z),X058V19O01;(X058V19O02+X058V19O03),operand-renamed_same-structure,3
1362,58,20,,x;(y+z),X058V20O01;(X058V20O02+X058V20O03),operand-renamed_same-structure,3
1363,58,21,,x;(y+z),X058V21O01;(X058V21O02+X058V21O03),operand-renamed_same-structure,3
1364,58,22,,x;(y+z),X058V22O01;(X058V22O02+X058V22O03),operand-renamed_same-structure,3
1365,58,23,,x;(y+z),X058V23O01;(X058V23O02+X058V23O03),operand-renamed_same-structure,3
1366,58,24,,x;(y+z),X058V24O01;(X058V24O02+X058V24O03),operand-renamed_same-structure,3
1367,59,1,,x;y+x;z,X059V01O01;X059V01O02+X059V01O01;X059V01O03,operand-renamed_same-structure,3
1368,59,2,,x;y+x;z,X059V02O01;X059V02O02+X059V02O01;X059V02O03,operand-renamed_same-structure,3
1369,59,3,,x;y+x;z,X059V03O01;X059V03O02+X059V03O01;X059V03O03,operand-renamed_same-structure,3
1370,59,4,,x;y+x;z,X059V04O01;X059V04O02+X059V04O01;X059V04O03,operand-renamed_same-structure,3
1371,59,5,,x;y+x;z,X059V05O01;X059V05O02+X059V05O01;X059V05O03,operand-renamed_same-structure,3
1372,59,6,,x;y+x;z,X059V06O01;X059V06O02+X059V06O01;X059V06O03,operand-renamed_same-structure,3
1373,59,7,,x;y+x;z,X059V07O01;X059V07O02+X059V07O01;X059V07O03,operand-renamed_same-structure,3
1374,59,8,,x;y+x;z,X059V08O01;X059V08O02+X059V08O01;X059V08O03,operand-renamed_same-structure,3
1375,59,9,,x;y+x;z,X059V09O01;X059V09O02+X059V09O01;X059V09O03,operand-renamed_same-structure,3
1376,59,10,,x;y+x;z,X059V10O01;X059V10O02+X059V10O01;X059V10O03,operand-renamed_same-structure,3
1377,59,11,,x;y+x;z,X059V11O01;X059V11O02+X059V11O01;X059V11O03,operand-renamed_same-structure,3
1378,59,12,,x;y+x;z,X059V12O01;X059V12O02+X059V12O01;X059V12O03,operand-renamed_same-structure,3
1379,59,13,,x;y+x;z,X059V13O01;X059V13O02+X059V13O01;X059V13O03,operand-renamed_same-structure,3
1380,59,14,,x;y+x;z,X059V14O01;X059V14O02+X059V14O01;X059V14O03,operand-renamed_same-structure,3
1381,59,15,,x;y+x;z,X059V15O01;X059V15O02+X059V15O01;X059V15O03,operand-renamed_same-structure,3
1382,59,16,,x;y+x;z,X059V16O01;X059V16O02+X059V16O01;X059V16O03,operand-renamed_same-structure,3
1383,59,17,,x;y+x;z,X059V17O01;X059V17O02+X059V17O01;X059V17O03,operand-renamed_same-structure,3
1384,59,18,,x;y+x;z,X059V18O01;X059V18O02+X059V18O01;X059V18O03,operand-renamed_same-structure,3
1385,59,19,,x;y+x;z,X059V19O01;X059V19O02+X059V19O01;X059V19O03,operand-renamed_same-structure,3
1386,59,20,,x;y+x;z,X059V20O01;X059V20O02+X059V20O01;X059V20O03,operand-renamed_same-structure,3
1387,59,21,,x;y+x;z,X059V21O01;X059V21O02+X059V21O01;X059V21O03,operand-renamed_same-structure,3
1388,59,22,,x;y+x;z,X059V22O01;X059V22O02+X059V22O01;X059V22O03,operand-renamed_same-structure,3
1389,59,23,,x;y+x;z,X059V23O01;X059V23O02+X059V23O01;X059V23O03,operand-renamed_same-structure,3
1390,60,1,,x*(y+z),X060V01O01*(X060V01O02+X060V01O03),operand-renamed_same-structure,3
1391,60,2,,x*(y+z),X060V02O01*(X060V02O02+X060V02O03),operand-renamed_same-structure,3
1392,60,3,,x*(y+z),X060V03O01*(X060V03O02+X060V03O03),operand-renamed_same-structure,3
1393,60,4,,x*(y+z),X060V04O01*(X060V04O02+X060V04O03),operand-renamed_same-structure,3
1394,60,5,,x*(y+z),X060V05O01*(X060V05O02+X060V05O03),operand-renamed_same-structure,3
1395,60,6,,x*(y+z),X060V06O01*(X060V06O02+X060V06O03),operand-renamed_same-structure,3
1396,60,7,,x*(y+z),X060V07O01*(X060V07O02+X060V07O03),operand-renamed_same-structure,3
1397,60,8,,x*(y+z),X060V08O01*(X060V08O02+X060V08O03),operand-renamed_same-structure,3
1398,60,9,,x*(y+z),X060V09O01*(X060V09O02+X060V09O03),operand-renamed_same-structure,3
1399,60,10,,x*(y+z),X060V10O01*(X060V10O02+X060V10O03),operand-renamed_same-structure,3
1400,60,11,,x*(y+z),X060V11O01*(X060V11O02+X060V11O03),operand-renamed_same-structure,3
1401,60,12,,x*(y+z),X060V12O01*(X060V12O02+X060V12O03),operand-renamed_same-structure,3
1402,60,13,,x*(y+z),X060V13O01*(X060V13O02+X060V13O03),operand-renamed_same-structure,3
1403,60,14,,x*(y+z),X060V14O01*(X060V14O02+X060V14O03),operand-renamed_same-structure,3
1404,60,15,,x*(y+z),X060V15O01*(X060V15O02+X060V15O03),operand-renamed_same-structure,3
1405,60,16,,x*(y+z),X060V16O01*(X060V16O02+X060V16O03),operand-renamed_same-structure,3
1406,60,17,,x*(y+z),X060V17O01*(X060V17O02+X060V17O03),operand-renamed_same-structure,3
1407,60,18,,x*(y+z),X060V18O01*(X060V18O02+X060V18O03),operand-renamed_same-structure,3
1408,60,19,,x*(y+z),X060V19O01*(X060V19O02+X060V19O03),operand-renamed_same-structure,3
1409,60,20,,x*(y+z),X060V20O01*(X060V20O02+X060V20O03),operand-renamed_same-structure,3
1410,60,21,,x*(y+z),X060V21O01*(X060V21O02+X060V21O03),operand-renamed_same-structure,3
1411,60,22,,x*(y+z),X060V22O01*(X060V22O02+X060V22O03),operand-renamed_same-structure,3
1412,60,23,,x*(y+z),X060V23O01*(X060V23O02+X060V23O03),operand-renamed_same-structure,3
1413,60,24,,x*(y+z),X060V24O01*(X060V24O02+X060V24O03),operand-renamed_same-structure,3
1414,61,1,,x*y+x*z,X061V01O01*X061V01O02+X061V01O01*X061V01O03,operand-renamed_same-structure,3
1415,61,2,,x*y+x*z,X061V02O01*X061V02O02+X061V02O01*X061V02O03,operand-renamed_same-structure,3
1416,61,3,,x*y+x*z,X061V03O01*X061V03O02+X061V03O01*X061V03O03,operand-renamed_same-structure,3
1417,61,4,,x*y+x*z,X061V04O01*X061V04O02+X061V04O01*X061V04O03,operand-renamed_same-structure,3
1418,61,5,,x*y+x*z,X061V05O01*X061V05O02+X061V05O01*X061V05O03,operand-renamed_same-structure,3
1419,61,6,,x*y+x*z,X061V06O01*X061V06O02+X061V06O01*X061V06O03,operand-renamed_same-structure,3
1420,61,7,,x*y+x*z,X061V07O01*X061V07O02+X061V07O01*X061V07O03,operand-renamed_same-structure,3
1421,61,8,,x*y+x*z,X061V08O01*X061V08O02+X061V08O01*X061V08O03,operand-renamed_same-structure,3
1422,61,9,,x*y+x*z,X061V09O01*X061V09O02+X061V09O01*X061V09O03,operand-renamed_same-structure,3
1423,61,10,,x*y+x*z,X061V10O01*X061V10O02+X061V10O01*X061V10O03,operand-renamed_same-structure,3
1424,61,11,,x*y+x*z,X061V11O01*X061V11O02+X061V11O01*X061V11O03,operand-renamed_same-structure,3
1425,61,12,,x*y+x*z,X061V12O01*X061V12O02+X061V12O01*X061V12O03,operand-renamed_same-structure,3
1426,61,13,,x*y+x*z,X061V13O01*X061V13O02+X061V13O01*X061V13O03,operand-renamed_same-structure,3
1427,61,14,,x*y+x*z,X061V14O01*X061V14O02+X061V14O01*X061V14O03,operand-renamed_same-structure,3
1428,61,15,,x*y+x*z,X061V15O01*X061V15O02+X061V15O01*X061V15O03,operand-renamed_same-structure,3
1429,61,16,,x*y+x*z,X061V16O01*X061V16O02+X061V16O01*X061V16O03,operand-renamed_same-structure,3
1430,61,17,,x*y+x*z,X061V17O01*X061V17O02+X061V17O01*X061V17O03,operand-renamed_same-structure,3
1431,61,18,,x*y+x*z,X061V18O01*X061V18O02+X061V18O01*X061V18O03,operand-renamed_same-structure,3
1432,61,19,,x*y+x*z,X061V19O01*X061V19O02+X061V19O01*X061V19O03,operand-renamed_same-structure,3
1433,61,20,,x*y+x*z,X061V20O01*X061V20O02+X061V20O01*X061V20O03,operand-renamed_same-structure,3
1434,61,21,,x*y+x*z,X061V21O01*X061V21O02+X061V21O01*X061V21O03,operand-renamed_same-structure,3
1435,61,22,,x*y+x*z,X061V22O01*X061V22O02+X061V22O01*X061V22O03,operand-renamed_same-structure,3
1436,61,23,,x*y+x*z,X061V23O01*X061V23O02+X061V23O01*X061V23O03,operand-renamed_same-structure,3
1437,61,24,,x*y+x*z,X061V24O01*X061V24O02+X061V24O01*X061V24O03,operand-renamed_same-structure,3
1438,62,1,,x*y,X062V01O01*X062V01O02,operand-renamed_same-structure,2
1439,62,2,,x*y,X062V02O01*X062V02O02,operand-renamed_same-structure,2
1440,62,3,,x*y,X062V03O01*X062V03O02,operand-renamed_same-structure,2
1441,62,4,,x*y,X062V04O01*X062V04O02,operand-renamed_same-structure,2
1442,62,5,,x*y,X062V05O01*X062V05O02,operand-renamed_same-structure,2
1443,62,6,,x*y,X062V06O01*X062V06O02,operand-renamed_same-structure,2
1444,62,7,,x*y,X062V07O01*X062V07O02,operand-renamed_same-structure,2
1445,62,8,,x*y,X062V08O01*X062V08O02,operand-renamed_same-structure,2
1446,62,9,,x*y,X062V09O01*X062V09O02,operand-renamed_same-structure,2
1447,62,10,,x*y,X062V10O01*X062V10O02,operand-renamed_same-structure,2
1448,62,11,,x*y,X062V11O01*X062V11O02,operand-renamed_same-structure,2
1449,62,12,,x*y,X062V12O01*X062V12O02,operand-renamed_same-structure,2
1450,62,13,,x*y,X062V13O01*X062V13O02,operand-renamed_same-structure,2
1451,62,14,,x*y,X062V14O01*X062V14O02,operand-renamed_same-structure,2
1452,62,15,,x*y,X062V15O01*X062V15O02,operand-renamed_same-structure,2
1453,62,16,,x*y,X062V16O01*X062V16O02,operand-renamed_same-structure,2
1454,62,17,,x*y,X062V17O01*X062V17O02,operand-renamed_same-structure,2
1455,62,18,,x*y,X062V18O01*X062V18O02,operand-renamed_same-structure,2
1456,62,19,,x*y,X062V19O01*X062V19O02,operand-renamed_same-structure,2
1457,62,20,,x*y,X062V20O01*X062V20O02,operand-renamed_same-structure,2
1458,62,21,,x*y,X062V21O01*X062V21O02,operand-renamed_same-structure,2
1459,62,22,,x*y,X062V22O01*X062V22O02,operand-renamed_same-structure,2
1460,62,23,,x*y,X062V23O01*X062V23O02,operand-renamed_same-structure,2
1461,62,24,,x*y,X062V24O01*X062V24O02,operand-renamed_same-structure,2
1462,63,1,,y*x,X063V01O01*X063V01O02,operand-renamed_same-structure,2
1463,63,2,,y*x,X063V02O01*X063V02O02,operand-renamed_same-structure,2
1464,63,3,,y*x,X063V03O01*X063V03O02,operand-renamed_same-structure,2
1465,63,4,,y*x,X063V04O01*X063V04O02,operand-renamed_same-structure,2
1466,63,5,,y*x,X063V05O01*X063V05O02,operand-renamed_same-structure,2
1467,63,6,,y*x,X063V06O01*X063V06O02,operand-renamed_same-structure,2
1468,63,7,,y*x,X063V07O01*X063V07O02,operand-renamed_same-structure,2
1469,63,8,,y*x,X063V08O01*X063V08O02,operand-renamed_same-structure,2
1470,63,9,,y*x,X063V09O01*X063V09O02,operand-renamed_same-structure,2
1471,63,10,,y*x,X063V10O01*X063V10O02,operand-renamed_same-structure,2
1472,63,11,,y*x,X063V11O01*X063V11O02,operand-renamed_same-structure,2
1473,63,12,,y*x,X063V12O01*X063V12O02,operand-renamed_same-structure,2
1474,63,13,,y*x,X063V13O01*X063V13O02,operand-renamed_same-structure,2
1475,63,14,,y*x,X063V14O01*X063V14O02,operand-renamed_same-structure,2
1476,63,15,,y*x,X063V15O01*X063V15O02,operand-renamed_same-structure,2
1477,63,16,,y*x,X063V16O01*X063V16O02,operand-renamed_same-structure,2
1478,63,17,,y*x,X063V17O01*X063V17O02,operand-renamed_same-structure,2
1479,63,18,,y*x,X063V18O01*X063V18O02,operand-renamed_same-structure,2
1480,63,19,,y*x,X063V19O01*X063V19O02,operand-renamed_same-structure,2
1481,63,20,,y*x,X063V20O01*X063V20O02,operand-renamed_same-structure,2
1482,63,21,,y*x,X063V21O01*X063V21O02,operand-renamed_same-structure,2
1483,63,22,,y*x,X063V22O01*X063V22O02,operand-renamed_same-structure,2
1484,63,23,,y*x,X063V23O01*X063V23O02,operand-renamed_same-structure,2
1485,63,24,,y*x,X063V24O01*X063V24O02,operand-renamed_same-structure,2
1486,64,1,2014-Developments in concurrent Kleene algebra,(p | q) ; (P|Q),(X064V01O01 | X064V01O02) ; (X064V01O03|X064V01O04),operand-renamed_same-structure,4
1487,64,2,2014-Developments in concurrent Kleene algebra,(p | q) ; (P|Q),(X064V02O01 | X064V02O02) ; (X064V02O03|X064V02O04),operand-renamed_same-structure,4
1488,64,3,2014-Developments in concurrent Kleene algebra,(p | q) ; (P|Q),(X064V03O01 | X064V03O02) ; (X064V03O03|X064V03O04),operand-renamed_same-structure,4
1489,64,4,2014-Developments in concurrent Kleene algebra,(p | q) ; (P|Q),(X064V04O01 | X064V04O02) ; (X064V04O03|X064V04O04),operand-renamed_same-structure,4
1490,64,5,2014-Developments in concurrent Kleene algebra,(p | q) ; (P|Q),(X064V05O01 | X064V05O02) ; (X064V05O03|X064V05O04),operand-renamed_same-structure,4
1491,64,6,2014-Developments in concurrent Kleene algebra,(p | q) ; (P|Q),(X064V06O01 | X064V06O02) ; (X064V06O03|X064V06O04),operand-renamed_same-structure,4
1492,64,7,2014-Developments in concurrent Kleene algebra,(p | q) ; (P|Q),(X064V07O01 | X064V07O02) ; (X064V07O03|X064V07O04),operand-renamed_same-structure,4
1493,64,8,2014-Developments in concurrent Kleene algebra,(p | q) ; (P|Q),(X064V08O01 | X064V08O02) ; (X064V08O03|X064V08O04),operand-renamed_same-structure,4
1494,64,9,2014-Developments in concurrent Kleene algebra,(p | q) ; (P|Q),(X064V09O01 | X064V09O02) ; (X064V09O03|X064V09O04),operand-renamed_same-structure,4
1495,64,10,2014-Developments in concurrent Kleene algebra,(p | q) ; (P|Q),(X064V10O01 | X064V10O02) ; (X064V10O03|X064V10O04),operand-renamed_same-structure,4
1496,64,11,2014-Developments in concurrent Kleene algebra,(p | q) ; (P|Q),(X064V11O01 | X064V11O02) ; (X064V11O03|X064V11O04),operand-renamed_same-structure,4
1497,64,12,2014-Developments in concurrent Kleene algebra,(p | q) ; (P|Q),(X064V12O01 | X064V12O02) ; (X064V12O03|X064V12O04),operand-renamed_same-structure,4
1498,64,13,2014-Developments in concurrent Kleene algebra,(p | q) ; (P|Q),(X064V13O01 | X064V13O02) ; (X064V13O03|X064V13O04),operand-renamed_same-structure,4
1499,64,14,2014-Developments in concurrent Kleene algebra,(p | q) ; (P|Q),(X064V14O01 | X064V14O02) ; (X064V14O03|X064V14O04),operand-renamed_same-structure,4
1500,64,15,2014-Developments in concurrent Kleene algebra,(p | q) ; (P|Q),(X064V15O01 | X064V15O02) ; (X064V15O03|X064V15O04),operand-renamed_same-structure,4
1501,64,16,2014-Developments in concurrent Kleene algebra,(p | q) ; (P|Q),(X064V16O01 | X064V16O02) ; (X064V16O03|X064V16O04),operand-renamed_same-structure,4
1502,64,17,2014-Developments in concurrent Kleene algebra,(p | q) ; (P|Q),(X064V17O01 | X064V17O02) ; (X064V17O03|X064V17O04),operand-renamed_same-structure,4
1503,64,18,2014-Developments in concurrent Kleene algebra,(p | q) ; (P|Q),(X064V18O01 | X064V18O02) ; (X064V18O03|X064V18O04),operand-renamed_same-structure,4
1504,64,19,2014-Developments in concurrent Kleene algebra,(p | q) ; (P|Q),(X064V19O01 | X064V19O02) ; (X064V19O03|X064V19O04),operand-renamed_same-structure,4
1505,64,20,2014-Developments in concurrent Kleene algebra,(p | q) ; (P|Q),(X064V20O01 | X064V20O02) ; (X064V20O03|X064V20O04),operand-renamed_same-structure,4
1506,64,21,2014-Developments in concurrent Kleene algebra,(p | q) ; (P|Q),(X064V21O01 | X064V21O02) ; (X064V21O03|X064V21O04),operand-renamed_same-structure,4
1507,64,22,2014-Developments in concurrent Kleene algebra,(p | q) ; (P|Q),(X064V22O01 | X064V22O02) ; (X064V22O03|X064V22O04),operand-renamed_same-structure,4
1508,64,23,2014-Developments in concurrent Kleene algebra,(p | q) ; (P|Q),(X064V23O01 | X064V23O02) ; (X064V23O03|X064V23O04),operand-renamed_same-structure,4
1509,65,1,,(p ; p ′ )|(q ; q ′ ),(X065V01O01 ; X065V01O01 ′ )|(X065V01O02 ; X065V01O02 ′ ),operand-renamed_same-structure,2
1510,65,2,,(p ; p ′ )|(q ; q ′ ),(X065V02O01 ; X065V02O01 ′ )|(X065V02O02 ; X065V02O02 ′ ),operand-renamed_same-structure,2
1511,65,3,,(p ; p ′ )|(q ; q ′ ),(X065V03O01 ; X065V03O01 ′ )|(X065V03O02 ; X065V03O02 ′ ),operand-renamed_same-structure,2
1512,65,4,,(p ; p ′ )|(q ; q ′ ),(X065V04O01 ; X065V04O01 ′ )|(X065V04O02 ; X065V04O02 ′ ),operand-renamed_same-structure,2
1513,65,5,,(p ; p ′ )|(q ; q ′ ),(X065V05O01 ; X065V05O01 ′ )|(X065V05O02 ; X065V05O02 ′ ),operand-renamed_same-structure,2
1514,65,6,,(p ; p ′ )|(q ; q ′ ),(X065V06O01 ; X065V06O01 ′ )|(X065V06O02 ; X065V06O02 ′ ),operand-renamed_same-structure,2
1515,65,7,,(p ; p ′ )|(q ; q ′ ),(X065V07O01 ; X065V07O01 ′ )|(X065V07O02 ; X065V07O02 ′ ),operand-renamed_same-structure,2
1516,65,8,,(p ; p ′ )|(q ; q ′ ),(X065V08O01 ; X065V08O01 ′ )|(X065V08O02 ; X065V08O02 ′ ),operand-renamed_same-structure,2
1517,65,9,,(p ; p ′ )|(q ; q ′ ),(X065V09O01 ; X065V09O01 ′ )|(X065V09O02 ; X065V09O02 ′ ),operand-renamed_same-structure,2
1518,65,10,,(p ; p ′ )|(q ; q ′ ),(X065V10O01 ; X065V10O01 ′ )|(X065V10O02 ; X065V10O02 ′ ),operand-renamed_same-structure,2
1519,65,11,,(p ; p ′ )|(q ; q ′ ),(X065V11O01 ; X065V11O01 ′ )|(X065V11O02 ; X065V11O02 ′ ),operand-renamed_same-structure,2
1520,65,12,,(p ; p ′ )|(q ; q ′ ),(X065V12O01 ; X065V12O01 ′ )|(X065V12O02 ; X065V12O02 ′ ),operand-renamed_same-structure,2
1521,65,13,,(p ; p ′ )|(q ; q ′ ),(X065V13O01 ; X065V13O01 ′ )|(X065V13O02 ; X065V13O02 ′ ),operand-renamed_same-structure,2
1522,65,14,,(p ; p ′ )|(q ; q ′ ),(X065V14O01 ; X065V14O01 ′ )|(X065V14O02 ; X065V14O02 ′ ),operand-renamed_same-structure,2
1523,65,15,,(p ; p ′ )|(q ; q ′ ),(X065V15O01 ; X065V15O01 ′ )|(X065V15O02 ; X065V15O02 ′ ),operand-renamed_same-structure,2
1524,65,16,,(p ; p ′ )|(q ; q ′ ),(X065V16O01 ; X065V16O01 ′ )|(X065V16O02 ; X065V16O02 ′ ),operand-renamed_same-structure,2
1525,65,17,,(p ; p ′ )|(q ; q ′ ),(X065V17O01 ; X065V17O01 ′ )|(X065V17O02 ; X065V17O02 ′ ),operand-renamed_same-structure,2
1526,65,18,,(p ; p ′ )|(q ; q ′ ),(X065V18O01 ; X065V18O01 ′ )|(X065V18O02 ; X065V18O02 ′ ),operand-renamed_same-structure,2
1527,65,19,,(p ; p ′ )|(q ; q ′ ),(X065V19O01 ; X065V19O01 ′ )|(X065V19O02 ; X065V19O02 ′ ),operand-renamed_same-structure,2
1528,65,20,,(p ; p ′ )|(q ; q ′ ),(X065V20O01 ; X065V20O01 ′ )|(X065V20O02 ; X065V20O02 ′ ),operand-renamed_same-structure,2
1529,65,21,,(p ; p ′ )|(q ; q ′ ),(X065V21O01 ; X065V21O01 ′ )|(X065V21O02 ; X065V21O02 ′ ),operand-renamed_same-structure,2
1530,65,22,,(p ; p ′ )|(q ; q ′ ),(X065V22O01 ; X065V22O01 ′ )|(X065V22O02 ; X065V22O02 ′ ),operand-renamed_same-structure,2
1531,65,23,,(p ; p ′ )|(q ; q ′ ),(X065V23O01 ; X065V23O01 ′ )|(X065V23O02 ; X065V23O02 ′ ),operand-renamed_same-structure,2
1532,65,24,,(p ; p ′ )|(q ; q ′ ),(X065V24O01 ; X065V24O01 ′ )|(X065V24O02 ; X065V24O02 ′ ),operand-renamed_same-structure,2
1533,66,1,,p ; (q ; r ∪ r ; q),X066V01O01 ; (X066V01O02 ; X066V01O03 ∪ X066V01O03 ; X066V01O02),operand-renamed_same-structure,3
1534,66,2,,p ; (q ; r ∪ r ; q),X066V02O01 ; (X066V02O02 ; X066V02O03 ∪ X066V02O03 ; X066V02O02),operand-renamed_same-structure,3
1535,66,3,,p ; (q ; r ∪ r ; q),X066V03O01 ; (X066V03O02 ; X066V03O03 ∪ X066V03O03 ; X066V03O02),operand-renamed_same-structure,3
1536,66,4,,p ; (q ; r ∪ r ; q),X066V04O01 ; (X066V04O02 ; X066V04O03 ∪ X066V04O03 ; X066V04O02),operand-renamed_same-structure,3
1537,66,5,,p ; (q ; r ∪ r ; q),X066V05O01 ; (X066V05O02 ; X066V05O03 ∪ X066V05O03 ; X066V05O02),operand-renamed_same-structure,3
1538,66,6,,p ; (q ; r ∪ r ; q),X066V06O01 ; (X066V06O02 ; X066V06O03 ∪ X066V06O03 ; X066V06O02),operand-renamed_same-structure,3
1539,66,7,,p ; (q ; r ∪ r ; q),X066V07O01 ; (X066V07O02 ; X066V07O03 ∪ X066V07O03 ; X066V07O02),operand-renamed_same-structure,3
1540,66,8,,p ; (q ; r ∪ r ; q),X066V08O01 ; (X066V08O02 ; X066V08O03 ∪ X066V08O03 ; X066V08O02),operand-renamed_same-structure,3
1541,66,9,,p ; (q ; r ∪ r ; q),X066V09O01 ; (X066V09O02 ; X066V09O03 ∪ X066V09O03 ; X066V09O02),operand-renamed_same-structure,3
1542,66,10,,p ; (q ; r ∪ r ; q),X066V10O01 ; (X066V10O02 ; X066V10O03 ∪ X066V10O03 ; X066V10O02),operand-renamed_same-structure,3
1543,66,11,,p ; (q ; r ∪ r ; q),X066V11O01 ; (X066V11O02 ; X066V11O03 ∪ X066V11O03 ; X066V11O02),operand-renamed_same-structure,3
1544,66,12,,p ; (q ; r ∪ r ; q),X066V12O01 ; (X066V12O02 ; X066V12O03 ∪ X066V12O03 ; X066V12O02),operand-renamed_same-structure,3
1545,66,13,,p ; (q ; r ∪ r ; q),X066V13O01 ; (X066V13O02 ; X066V13O03 ∪ X066V13O03 ; X066V13O02),operand-renamed_same-structure,3
1546,66,14,,p ; (q ; r ∪ r ; q),X066V14O01 ; (X066V14O02 ; X066V14O03 ∪ X066V14O03 ; X066V14O02),operand-renamed_same-structure,3
1547,66,15,,p ; (q ; r ∪ r ; q),X066V15O01 ; (X066V15O02 ; X066V15O03 ∪ X066V15O03 ; X066V15O02),operand-renamed_same-structure,3
1548,66,16,,p ; (q ; r ∪ r ; q),X066V16O01 ; (X066V16O02 ; X066V16O03 ∪ X066V16O03 ; X066V16O02),operand-renamed_same-structure,3
1549,66,17,,p ; (q ; r ∪ r ; q),X066V17O01 ; (X066V17O02 ; X066V17O03 ∪ X066V17O03 ; X066V17O02),operand-renamed_same-structure,3
1550,66,18,,p ; (q ; r ∪ r ; q),X066V18O01 ; (X066V18O02 ; X066V18O03 ∪ X066V18O03 ; X066V18O02),operand-renamed_same-structure,3
1551,66,19,,p ; (q ; r ∪ r ; q),X066V19O01 ; (X066V19O02 ; X066V19O03 ∪ X066V19O03 ; X066V19O02),operand-renamed_same-structure,3
1552,66,20,,p ; (q ; r ∪ r ; q),X066V20O01 ; (X066V20O02 ; X066V20O03 ∪ X066V20O03 ; X066V20O02),operand-renamed_same-structure,3
1553,66,21,,p ; (q ; r ∪ r ; q),X066V21O01 ; (X066V21O02 ; X066V21O03 ∪ X066V21O03 ; X066V21O02),operand-renamed_same-structure,3
1554,66,22,,p ; (q ; r ∪ r ; q),X066V22O01 ; (X066V22O02 ; X066V22O03 ∪ X066V22O03 ; X066V22O02),operand-renamed_same-structure,3
1555,66,23,,p ; (q ; r ∪ r ; q),X066V23O01 ; (X066V23O02 ; X066V23O03 ∪ X066V23O03 ; X066V23O02),operand-renamed_same-structure,3
1556,67,1,2018-Concurrent Kleene algebra: Free model and completeness,(e|| f) · (g||h),(X067V01O01|| X067V01O02) · (X067V01O03||X067V01O04),operand-renamed_same-structure,4
1557,67,2,2018-Concurrent Kleene algebra: Free model and completeness,(e|| f) · (g||h),(X067V02O01|| X067V02O02) · (X067V02O03||X067V02O04),operand-renamed_same-structure,4
1558,67,3,2018-Concurrent Kleene algebra: Free model and completeness,(e|| f) · (g||h),(X067V03O01|| X067V03O02) · (X067V03O03||X067V03O04),operand-renamed_same-structure,4
1559,67,4,2018-Concurrent Kleene algebra: Free model and completeness,(e|| f) · (g||h),(X067V04O01|| X067V04O02) · (X067V04O03||X067V04O04),operand-renamed_same-structure,4
1560,67,5,2018-Concurrent Kleene algebra: Free model and completeness,(e|| f) · (g||h),(X067V05O01|| X067V05O02) · (X067V05O03||X067V05O04),operand-renamed_same-structure,4
1561,67,6,2018-Concurrent Kleene algebra: Free model and completeness,(e|| f) · (g||h),(X067V06O01|| X067V06O02) · (X067V06O03||X067V06O04),operand-renamed_same-structure,4
1562,67,7,2018-Concurrent Kleene algebra: Free model and completeness,(e|| f) · (g||h),(X067V07O01|| X067V07O02) · (X067V07O03||X067V07O04),operand-renamed_same-structure,4
1563,67,8,2018-Concurrent Kleene algebra: Free model and completeness,(e|| f) · (g||h),(X067V08O01|| X067V08O02) · (X067V08O03||X067V08O04),operand-renamed_same-structure,4
1564,67,9,2018-Concurrent Kleene algebra: Free model and completeness,(e|| f) · (g||h),(X067V09O01|| X067V09O02) · (X067V09O03||X067V09O04),operand-renamed_same-structure,4
1565,67,10,2018-Concurrent Kleene algebra: Free model and completeness,(e|| f) · (g||h),(X067V10O01|| X067V10O02) · (X067V10O03||X067V10O04),operand-renamed_same-structure,4
1566,67,11,2018-Concurrent Kleene algebra: Free model and completeness,(e|| f) · (g||h),(X067V11O01|| X067V11O02) · (X067V11O03||X067V11O04),operand-renamed_same-structure,4
1567,67,12,2018-Concurrent Kleene algebra: Free model and completeness,(e|| f) · (g||h),(X067V12O01|| X067V12O02) · (X067V12O03||X067V12O04),operand-renamed_same-structure,4
1568,67,13,2018-Concurrent Kleene algebra: Free model and completeness,(e|| f) · (g||h),(X067V13O01|| X067V13O02) · (X067V13O03||X067V13O04),operand-renamed_same-structure,4
1569,67,14,2018-Concurrent Kleene algebra: Free model and completeness,(e|| f) · (g||h),(X067V14O01|| X067V14O02) · (X067V14O03||X067V14O04),operand-renamed_same-structure,4
1570,67,15,2018-Concurrent Kleene algebra: Free model and completeness,(e|| f) · (g||h),(X067V15O01|| X067V15O02) · (X067V15O03||X067V15O04),operand-renamed_same-structure,4
1571,67,16,2018-Concurrent Kleene algebra: Free model and completeness,(e|| f) · (g||h),(X067V16O01|| X067V16O02) · (X067V16O03||X067V16O04),operand-renamed_same-structure,4
1572,67,17,2018-Concurrent Kleene algebra: Free model and completeness,(e|| f) · (g||h),(X067V17O01|| X067V17O02) · (X067V17O03||X067V17O04),operand-renamed_same-structure,4
1573,67,18,2018-Concurrent Kleene algebra: Free model and completeness,(e|| f) · (g||h),(X067V18O01|| X067V18O02) · (X067V18O03||X067V18O04),operand-renamed_same-structure,4
1574,67,19,2018-Concurrent Kleene algebra: Free model and completeness,(e|| f) · (g||h),(X067V19O01|| X067V19O02) · (X067V19O03||X067V19O04),operand-renamed_same-structure,4
1575,67,20,2018-Concurrent Kleene algebra: Free model and completeness,(e|| f) · (g||h),(X067V20O01|| X067V20O02) · (X067V20O03||X067V20O04),operand-renamed_same-structure,4
1576,67,21,2018-Concurrent Kleene algebra: Free model and completeness,(e|| f) · (g||h),(X067V21O01|| X067V21O02) · (X067V21O03||X067V21O04),operand-renamed_same-structure,4
1577,67,22,2018-Concurrent Kleene algebra: Free model and completeness,(e|| f) · (g||h),(X067V22O01|| X067V22O02) · (X067V22O03||X067V22O04),operand-renamed_same-structure,4
1578,67,23,2018-Concurrent Kleene algebra: Free model and completeness,(e|| f) · (g||h),(X067V23O01|| X067V23O02) · (X067V23O03||X067V23O04),operand-renamed_same-structure,4
1579,68,1,,(e · g) (f · h),(X068V01O01 · X068V01O02) (X068V01O03 · X068V01O04),operand-renamed_same-structure,4
1580,68,2,,(e · g) (f · h),(X068V02O01 · X068V02O02) (X068V02O03 · X068V02O04),operand-renamed_same-structure,4
1581,68,3,,(e · g) (f · h),(X068V03O01 · X068V03O02) (X068V03O03 · X068V03O04),operand-renamed_same-structure,4
1582,68,4,,(e · g) (f · h),(X068V04O01 · X068V04O02) (X068V04O03 · X068V04O04),operand-renamed_same-structure,4
1583,68,5,,(e · g) (f · h),(X068V05O01 · X068V05O02) (X068V05O03 · X068V05O04),operand-renamed_same-structure,4
1584,68,6,,(e · g) (f · h),(X068V06O01 · X068V06O02) (X068V06O03 · X068V06O04),operand-renamed_same-structure,4
1585,68,7,,(e · g) (f · h),(X068V07O01 · X068V07O02) (X068V07O03 · X068V07O04),operand-renamed_same-structure,4
1586,68,8,,(e · g) (f · h),(X068V08O01 · X068V08O02) (X068V08O03 · X068V08O04),operand-renamed_same-structure,4
1587,68,9,,(e · g) (f · h),(X068V09O01 · X068V09O02) (X068V09O03 · X068V09O04),operand-renamed_same-structure,4
1588,68,10,,(e · g) (f · h),(X068V10O01 · X068V10O02) (X068V10O03 · X068V10O04),operand-renamed_same-structure,4
1589,68,11,,(e · g) (f · h),(X068V11O01 · X068V11O02) (X068V11O03 · X068V11O04),operand-renamed_same-structure,4
1590,68,12,,(e · g) (f · h),(X068V12O01 · X068V12O02) (X068V12O03 · X068V12O04),operand-renamed_same-structure,4
1591,68,13,,(e · g) (f · h),(X068V13O01 · X068V13O02) (X068V13O03 · X068V13O04),operand-renamed_same-structure,4
1592,68,14,,(e · g) (f · h),(X068V14O01 · X068V14O02) (X068V14O03 · X068V14O04),operand-renamed_same-structure,4
1593,68,15,,(e · g) (f · h),(X068V15O01 · X068V15O02) (X068V15O03 · X068V15O04),operand-renamed_same-structure,4
1594,68,16,,(e · g) (f · h),(X068V16O01 · X068V16O02) (X068V16O03 · X068V16O04),operand-renamed_same-structure,4
1595,68,17,,(e · g) (f · h),(X068V17O01 · X068V17O02) (X068V17O03 · X068V17O04),operand-renamed_same-structure,4
1596,68,18,,(e · g) (f · h),(X068V18O01 · X068V18O02) (X068V18O03 · X068V18O04),operand-renamed_same-structure,4
1597,68,19,,(e · g) (f · h),(X068V19O01 · X068V19O02) (X068V19O03 · X068V19O04),operand-renamed_same-structure,4
1598,68,20,,(e · g) (f · h),(X068V20O01 · X068V20O02) (X068V20O03 · X068V20O04),operand-renamed_same-structure,4
1599,68,21,,(e · g) (f · h),(X068V21O01 · X068V21O02) (X068V21O03 · X068V21O04),operand-renamed_same-structure,4
1600,68,22,,(e · g) (f · h),(X068V22O01 · X068V22O02) (X068V22O03 · X068V22O04),operand-renamed_same-structure,4
1601,68,23,,(e · g) (f · h),(X068V23O01 · X068V23O02) (X068V23O03 · X068V23O04),operand-renamed_same-structure,4
1602,68,24,,(e · g) (f · h),(X068V24O01 · X068V24O02) (X068V24O03 · X068V24O04),operand-renamed_same-structure,4
1603,69,1,,(e + f) ↓,(X069V01O01 + X069V01O02) ↓,operand-renamed_same-structure,2
1604,69,2,,(e + f) ↓,(X069V02O01 + X069V02O02) ↓,operand-renamed_same-structure,2
1605,69,3,,(e + f) ↓,(X069V03O01 + X069V03O02) ↓,operand-renamed_same-structure,2
1606,69,4,,(e + f) ↓,(X069V04O01 + X069V04O02) ↓,operand-renamed_same-structure,2
1607,69,5,,(e + f) ↓,(X069V05O01 + X069V05O02) ↓,operand-renamed_same-structure,2
1608,69,6,,(e + f) ↓,(X069V06O01 + X069V06O02) ↓,operand-renamed_same-structure,2
1609,69,7,,(e + f) ↓,(X069V07O01 + X069V07O02) ↓,operand-renamed_same-structure,2
1610,69,8,,(e + f) ↓,(X069V08O01 + X069V08O02) ↓,operand-renamed_same-structure,2
1611,69,9,,(e + f) ↓,(X069V09O01 + X069V09O02) ↓,operand-renamed_same-structure,2
1612,69,10,,(e + f) ↓,(X069V10O01 + X069V10O02) ↓,operand-renamed_same-structure,2
1613,69,11,,(e + f) ↓,(X069V11O01 + X069V11O02) ↓,operand-renamed_same-structure,2
1614,69,12,,(e + f) ↓,(X069V12O01 + X069V12O02) ↓,operand-renamed_same-structure,2
1615,69,13,,(e + f) ↓,(X069V13O01 + X069V13O02) ↓,operand-renamed_same-structure,2
1616,69,14,,(e + f) ↓,(X069V14O01 + X069V14O02) ↓,operand-renamed_same-structure,2
1617,69,15,,(e + f) ↓,(X069V15O01 + X069V15O02) ↓,operand-renamed_same-structure,2
1618,69,16,,(e + f) ↓,(X069V16O01 + X069V16O02) ↓,operand-renamed_same-structure,2
1619,69,17,,(e + f) ↓,(X069V17O01 + X069V17O02) ↓,operand-renamed_same-structure,2
1620,69,18,,(e + f) ↓,(X069V18O01 + X069V18O02) ↓,operand-renamed_same-structure,2
1621,69,19,,(e + f) ↓,(X069V19O01 + X069V19O02) ↓,operand-renamed_same-structure,2
1622,69,20,,(e + f) ↓,(X069V20O01 + X069V20O02) ↓,operand-renamed_same-structure,2
1623,69,21,,(e + f) ↓,(X069V21O01 + X069V21O02) ↓,operand-renamed_same-structure,2
1624,69,22,,(e + f) ↓,(X069V22O01 + X069V22O02) ↓,operand-renamed_same-structure,2
1625,69,23,,(e + f) ↓,(X069V23O01 + X069V23O02) ↓,operand-renamed_same-structure,2
1626,70,1,,e↓ + f↓,X070V01O01↓ + X070V01O02↓,operand-renamed_same-structure,2
1627,70,2,,e↓ + f↓,X070V02O01↓ + X070V02O02↓,operand-renamed_same-structure,2
1628,70,3,,e↓ + f↓,X070V03O01↓ + X070V03O02↓,operand-renamed_same-structure,2
1629,70,4,,e↓ + f↓,X070V04O01↓ + X070V04O02↓,operand-renamed_same-structure,2
1630,70,5,,e↓ + f↓,X070V05O01↓ + X070V05O02↓,operand-renamed_same-structure,2
1631,70,6,,e↓ + f↓,X070V06O01↓ + X070V06O02↓,operand-renamed_same-structure,2
1632,70,7,,e↓ + f↓,X070V07O01↓ + X070V07O02↓,operand-renamed_same-structure,2
1633,70,8,,e↓ + f↓,X070V08O01↓ + X070V08O02↓,operand-renamed_same-structure,2
1634,70,9,,e↓ + f↓,X070V09O01↓ + X070V09O02↓,operand-renamed_same-structure,2
1635,70,10,,e↓ + f↓,X070V10O01↓ + X070V10O02↓,operand-renamed_same-structure,2
1636,70,11,,e↓ + f↓,X070V11O01↓ + X070V11O02↓,operand-renamed_same-structure,2
1637,70,12,,e↓ + f↓,X070V12O01↓ + X070V12O02↓,operand-renamed_same-structure,2
1638,70,13,,e↓ + f↓,X070V13O01↓ + X070V13O02↓,operand-renamed_same-structure,2
1639,70,14,,e↓ + f↓,X070V14O01↓ + X070V14O02↓,operand-renamed_same-structure,2
1640,70,15,,e↓ + f↓,X070V15O01↓ + X070V15O02↓,operand-renamed_same-structure,2
1641,70,16,,e↓ + f↓,X070V16O01↓ + X070V16O02↓,operand-renamed_same-structure,2
1642,70,17,,e↓ + f↓,X070V17O01↓ + X070V17O02↓,operand-renamed_same-structure,2
1643,70,18,,e↓ + f↓,X070V18O01↓ + X070V18O02↓,operand-renamed_same-structure,2
1644,70,19,,e↓ + f↓,X070V19O01↓ + X070V19O02↓,operand-renamed_same-structure,2
1645,70,20,,e↓ + f↓,X070V20O01↓ + X070V20O02↓,operand-renamed_same-structure,2
1646,70,21,,e↓ + f↓,X070V21O01↓ + X070V21O02↓,operand-renamed_same-structure,2
1647,70,22,,e↓ + f↓,X070V22O01↓ + X070V22O02↓,operand-renamed_same-structure,2
1648,70,23,,e↓ + f↓,X070V23O01↓ + X070V23O02↓,operand-renamed_same-structure,2
1649,70,24,,e↓ + f↓,X070V24O01↓ + X070V24O02↓,operand-renamed_same-structure,2
1650,71,1,,(U ∪ V)↓,(X071V01O01 ∪ X071V01O02)↓,operand-renamed_same-structure,2
1651,71,2,,(U ∪ V)↓,(X071V02O01 ∪ X071V02O02)↓,operand-renamed_same-structure,2
1652,71,3,,(U ∪ V)↓,(X071V03O01 ∪ X071V03O02)↓,operand-renamed_same-structure,2
1653,71,4,,(U ∪ V)↓,(X071V04O01 ∪ X071V04O02)↓,operand-renamed_same-structure,2
1654,71,5,,(U ∪ V)↓,(X071V05O01 ∪ X071V05O02)↓,operand-renamed_same-structure,2
1655,71,6,,(U ∪ V)↓,(X071V06O01 ∪ X071V06O02)↓,operand-renamed_same-structure,2
1656,71,7,,(U ∪ V)↓,(X071V07O01 ∪ X071V07O02)↓,operand-renamed_same-structure,2
1657,71,8,,(U ∪ V)↓,(X071V08O01 ∪ X071V08O02)↓,operand-renamed_same-structure,2
1658,71,9,,(U ∪ V)↓,(X071V09O01 ∪ X071V09O02)↓,operand-renamed_same-structure,2
1659,71,10,,(U ∪ V)↓,(X071V10O01 ∪ X071V10O02)↓,operand-renamed_same-structure,2
1660,71,11,,(U ∪ V)↓,(X071V11O01 ∪ X071V11O02)↓,operand-renamed_same-structure,2
1661,71,12,,(U ∪ V)↓,(X071V12O01 ∪ X071V12O02)↓,operand-renamed_same-structure,2
1662,71,13,,(U ∪ V)↓,(X071V13O01 ∪ X071V13O02)↓,operand-renamed_same-structure,2
1663,71,14,,(U ∪ V)↓,(X071V14O01 ∪ X071V14O02)↓,operand-renamed_same-structure,2
1664,71,15,,(U ∪ V)↓,(X071V15O01 ∪ X071V15O02)↓,operand-renamed_same-structure,2
1665,71,16,,(U ∪ V)↓,(X071V16O01 ∪ X071V16O02)↓,operand-renamed_same-structure,2
1666,71,17,,(U ∪ V)↓,(X071V17O01 ∪ X071V17O02)↓,operand-renamed_same-structure,2
1667,71,18,,(U ∪ V)↓,(X071V18O01 ∪ X071V18O02)↓,operand-renamed_same-structure,2
1668,71,19,,(U ∪ V)↓,(X071V19O01 ∪ X071V19O02)↓,operand-renamed_same-structure,2
1669,71,20,,(U ∪ V)↓,(X071V20O01 ∪ X071V20O02)↓,operand-renamed_same-structure,2
1670,71,21,,(U ∪ V)↓,(X071V21O01 ∪ X071V21O02)↓,operand-renamed_same-structure,2
1671,71,22,,(U ∪ V)↓,(X071V22O01 ∪ X071V22O02)↓,operand-renamed_same-structure,2
1672,71,23,,(U ∪ V)↓,(X071V23O01 ∪ X071V23O02)↓,operand-renamed_same-structure,2
1673,71,24,,(U ∪ V)↓,(X071V24O01 ∪ X071V24O02)↓,operand-renamed_same-structure,2
1674,72,1,,U↓ ∪ V↓,X072V01O01↓ ∪ X072V01O02↓,operand-renamed_same-structure,2
1675,72,2,,U↓ ∪ V↓,X072V02O01↓ ∪ X072V02O02↓,operand-renamed_same-structure,2
1676,72,3,,U↓ ∪ V↓,X072V03O01↓ ∪ X072V03O02↓,operand-renamed_same-structure,2
1677,72,4,,U↓ ∪ V↓,X072V04O01↓ ∪ X072V04O02↓,operand-renamed_same-structure,2
1678,72,5,,U↓ ∪ V↓,X072V05O01↓ ∪ X072V05O02↓,operand-renamed_same-structure,2
1679,72,6,,U↓ ∪ V↓,X072V06O01↓ ∪ X072V06O02↓,operand-renamed_same-structure,2
1680,72,7,,U↓ ∪ V↓,X072V07O01↓ ∪ X072V07O02↓,operand-renamed_same-structure,2
1681,72,8,,U↓ ∪ V↓,X072V08O01↓ ∪ X072V08O02↓,operand-renamed_same-structure,2
1682,72,9,,U↓ ∪ V↓,X072V09O01↓ ∪ X072V09O02↓,operand-renamed_same-structure,2
1683,72,10,,U↓ ∪ V↓,X072V10O01↓ ∪ X072V10O02↓,operand-renamed_same-structure,2
1684,72,11,,U↓ ∪ V↓,X072V11O01↓ ∪ X072V11O02↓,operand-renamed_same-structure,2
1685,72,12,,U↓ ∪ V↓,X072V12O01↓ ∪ X072V12O02↓,operand-renamed_same-structure,2
1686,72,13,,U↓ ∪ V↓,X072V13O01↓ ∪ X072V13O02↓,operand-renamed_same-structure,2
1687,72,14,,U↓ ∪ V↓,X072V14O01↓ ∪ X072V14O02↓,operand-renamed_same-structure,2
1688,72,15,,U↓ ∪ V↓,X072V15O01↓ ∪ X072V15O02↓,operand-renamed_same-structure,2
1689,72,16,,U↓ ∪ V↓,X072V16O01↓ ∪ X072V16O02↓,operand-renamed_same-structure,2
1690,72,17,,U↓ ∪ V↓,X072V17O01↓ ∪ X072V17O02↓,operand-renamed_same-structure,2
1691,72,18,,U↓ ∪ V↓,X072V18O01↓ ∪ X072V18O02↓,operand-renamed_same-structure,2
1692,72,19,,U↓ ∪ V↓,X072V19O01↓ ∪ X072V19O02↓,operand-renamed_same-structure,2
1693,72,20,,U↓ ∪ V↓,X072V20O01↓ ∪ X072V20O02↓,operand-renamed_same-structure,2
1694,72,21,,U↓ ∪ V↓,X072V21O01↓ ∪ X072V21O02↓,operand-renamed_same-structure,2
1695,72,22,,U↓ ∪ V↓,X072V22O01↓ ∪ X072V22O02↓,operand-renamed_same-structure,2
1696,72,23,,U↓ ∪ V↓,X072V23O01↓ ∪ X072V23O02↓,operand-renamed_same-structure,2
1697,73,1,,(U · V)↓,(X073V01O01 · X073V01O02)↓,operand-renamed_same-structure,2
1698,73,2,,(U · V)↓,(X073V02O01 · X073V02O02)↓,operand-renamed_same-structure,2
1699,73,3,,(U · V)↓,(X073V03O01 · X073V03O02)↓,operand-renamed_same-structure,2
1700,73,4,,(U · V)↓,(X073V04O01 · X073V04O02)↓,operand-renamed_same-structure,2
1701,73,5,,(U · V)↓,(X073V05O01 · X073V05O02)↓,operand-renamed_same-structure,2
1702,73,6,,(U · V)↓,(X073V06O01 · X073V06O02)↓,operand-renamed_same-structure,2
1703,73,7,,(U · V)↓,(X073V07O01 · X073V07O02)↓,operand-renamed_same-structure,2
1704,73,8,,(U · V)↓,(X073V08O01 · X073V08O02)↓,operand-renamed_same-structure,2
1705,73,9,,(U · V)↓,(X073V09O01 · X073V09O02)↓,operand-renamed_same-structure,2
1706,73,10,,(U · V)↓,(X073V10O01 · X073V10O02)↓,operand-renamed_same-structure,2
1707,73,11,,(U · V)↓,(X073V11O01 · X073V11O02)↓,operand-renamed_same-structure,2
1708,73,12,,(U · V)↓,(X073V12O01 · X073V12O02)↓,operand-renamed_same-structure,2
1709,73,13,,(U · V)↓,(X073V13O01 · X073V13O02)↓,operand-renamed_same-structure,2
1710,73,14,,(U · V)↓,(X073V14O01 · X073V14O02)↓,operand-renamed_same-structure,2
1711,73,15,,(U · V)↓,(X073V15O01 · X073V15O02)↓,operand-renamed_same-structure,2
1712,73,16,,(U · V)↓,(X073V16O01 · X073V16O02)↓,operand-renamed_same-structure,2
1713,73,17,,(U · V)↓,(X073V17O01 · X073V17O02)↓,operand-renamed_same-structure,2
1714,73,18,,(U · V)↓,(X073V18O01 · X073V18O02)↓,operand-renamed_same-structure,2
1715,73,19,,(U · V)↓,(X073V19O01 · X073V19O02)↓,operand-renamed_same-structure,2
1716,73,20,,(U · V)↓,(X073V20O01 · X073V20O02)↓,operand-renamed_same-structure,2
1717,73,21,,(U · V)↓,(X073V21O01 · X073V21O02)↓,operand-renamed_same-structure,2
1718,73,22,,(U · V)↓,(X073V22O01 · X073V22O02)↓,operand-renamed_same-structure,2
1719,73,23,,(U · V)↓,(X073V23O01 · X073V23O02)↓,operand-renamed_same-structure,2
1720,74,1,,U↓ · V↓,X074V01O01↓ · X074V01O02↓,operand-renamed_same-structure,2
1721,74,2,,U↓ · V↓,X074V02O01↓ · X074V02O02↓,operand-renamed_same-structure,2
1722,74,3,,U↓ · V↓,X074V03O01↓ · X074V03O02↓,operand-renamed_same-structure,2
1723,74,4,,U↓ · V↓,X074V04O01↓ · X074V04O02↓,operand-renamed_same-structure,2
1724,74,5,,U↓ · V↓,X074V05O01↓ · X074V05O02↓,operand-renamed_same-structure,2
1725,74,6,,U↓ · V↓,X074V06O01↓ · X074V06O02↓,operand-renamed_same-structure,2
1726,74,7,,U↓ · V↓,X074V07O01↓ · X074V07O02↓,operand-renamed_same-structure,2
1727,74,8,,U↓ · V↓,X074V08O01↓ · X074V08O02↓,operand-renamed_same-structure,2
1728,74,9,,U↓ · V↓,X074V09O01↓ · X074V09O02↓,operand-renamed_same-structure,2
1729,74,10,,U↓ · V↓,X074V10O01↓ · X074V10O02↓,operand-renamed_same-structure,2
1730,74,11,,U↓ · V↓,X074V11O01↓ · X074V11O02↓,operand-renamed_same-structure,2
1731,74,12,,U↓ · V↓,X074V12O01↓ · X074V12O02↓,operand-renamed_same-structure,2
1732,74,13,,U↓ · V↓,X074V13O01↓ · X074V13O02↓,operand-renamed_same-structure,2
1733,74,14,,U↓ · V↓,X074V14O01↓ · X074V14O02↓,operand-renamed_same-structure,2
1734,74,15,,U↓ · V↓,X074V15O01↓ · X074V15O02↓,operand-renamed_same-structure,2
1735,74,16,,U↓ · V↓,X074V16O01↓ · X074V16O02↓,operand-renamed_same-structure,2
1736,74,17,,U↓ · V↓,X074V17O01↓ · X074V17O02↓,operand-renamed_same-structure,2
1737,74,18,,U↓ · V↓,X074V18O01↓ · X074V18O02↓,operand-renamed_same-structure,2
1738,74,19,,U↓ · V↓,X074V19O01↓ · X074V19O02↓,operand-renamed_same-structure,2
1739,74,20,,U↓ · V↓,X074V20O01↓ · X074V20O02↓,operand-renamed_same-structure,2
1740,74,21,,U↓ · V↓,X074V21O01↓ · X074V21O02↓,operand-renamed_same-structure,2
1741,74,22,,U↓ · V↓,X074V22O01↓ · X074V22O02↓,operand-renamed_same-structure,2
1742,74,23,,U↓ · V↓,X074V23O01↓ · X074V23O02↓,operand-renamed_same-structure,2
1743,74,24,,U↓ · V↓,X074V24O01↓ · X074V24O02↓,operand-renamed_same-structure,2
1744,75,1,,(a · b + b · a)|| c,(X075V01O01 · X075V01O02 + X075V01O02 · X075V01O01)|| X075V01O03,operand-renamed_same-structure,3
1745,75,2,,(a · b + b · a)|| c,(X075V02O01 · X075V02O02 + X075V02O02 · X075V02O01)|| X075V02O03,operand-renamed_same-structure,3
1746,75,3,,(a · b + b · a)|| c,(X075V03O01 · X075V03O02 + X075V03O02 · X075V03O01)|| X075V03O03,operand-renamed_same-structure,3
1747,75,4,,(a · b + b · a)|| c,(X075V04O01 · X075V04O02 + X075V04O02 · X075V04O01)|| X075V04O03,operand-renamed_same-structure,3
1748,75,5,,(a · b + b · a)|| c,(X075V05O01 · X075V05O02 + X075V05O02 · X075V05O01)|| X075V05O03,operand-renamed_same-structure,3
1749,75,6,,(a · b + b · a)|| c,(X075V06O01 · X075V06O02 + X075V06O02 · X075V06O01)|| X075V06O03,operand-renamed_same-structure,3
1750,75,7,,(a · b + b · a)|| c,(X075V07O01 · X075V07O02 + X075V07O02 · X075V07O01)|| X075V07O03,operand-renamed_same-structure,3
1751,75,8,,(a · b + b · a)|| c,(X075V08O01 · X075V08O02 + X075V08O02 · X075V08O01)|| X075V08O03,operand-renamed_same-structure,3
1752,75,9,,(a · b + b · a)|| c,(X075V09O01 · X075V09O02 + X075V09O02 · X075V09O01)|| X075V09O03,operand-renamed_same-structure,3
1753,75,10,,(a · b + b · a)|| c,(X075V10O01 · X075V10O02 + X075V10O02 · X075V10O01)|| X075V10O03,operand-renamed_same-structure,3
1754,75,11,,(a · b + b · a)|| c,(X075V11O01 · X075V11O02 + X075V11O02 · X075V11O01)|| X075V11O03,operand-renamed_same-structure,3
1755,75,12,,(a · b + b · a)|| c,(X075V12O01 · X075V12O02 + X075V12O02 · X075V12O01)|| X075V12O03,operand-renamed_same-structure,3
1756,75,13,,(a · b + b · a)|| c,(X075V13O01 · X075V13O02 + X075V13O02 · X075V13O01)|| X075V13O03,operand-renamed_same-structure,3
1757,75,14,,(a · b + b · a)|| c,(X075V14O01 · X075V14O02 + X075V14O02 · X075V14O01)|| X075V14O03,operand-renamed_same-structure,3
1758,75,15,,(a · b + b · a)|| c,(X075V15O01 · X075V15O02 + X075V15O02 · X075V15O01)|| X075V15O03,operand-renamed_same-structure,3
1759,75,16,,(a · b + b · a)|| c,(X075V16O01 · X075V16O02 + X075V16O02 · X075V16O01)|| X075V16O03,operand-renamed_same-structure,3
1760,75,17,,(a · b + b · a)|| c,(X075V17O01 · X075V17O02 + X075V17O02 · X075V17O01)|| X075V17O03,operand-renamed_same-structure,3
1761,75,18,,(a · b + b · a)|| c,(X075V18O01 · X075V18O02 + X075V18O02 · X075V18O01)|| X075V18O03,operand-renamed_same-structure,3
1762,75,19,,(a · b + b · a)|| c,(X075V19O01 · X075V19O02 + X075V19O02 · X075V19O01)|| X075V19O03,operand-renamed_same-structure,3
1763,75,20,,(a · b + b · a)|| c,(X075V20O01 · X075V20O02 + X075V20O02 · X075V20O01)|| X075V20O03,operand-renamed_same-structure,3
1764,75,21,,(a · b + b · a)|| c,(X075V21O01 · X075V21O02 + X075V21O02 · X075V21O01)|| X075V21O03,operand-renamed_same-structure,3
1765,75,22,,(a · b + b · a)|| c,(X075V22O01 · X075V22O02 + X075V22O02 · X075V22O01)|| X075V22O03,operand-renamed_same-structure,3
1766,75,23,,(a · b + b · a)|| c,(X075V23O01 · X075V23O02 + X075V23O02 · X075V23O01)|| X075V23O03,operand-renamed_same-structure,3
1767,75,24,,(a · b + b · a)|| c,(X075V24O01 · X075V24O02 + X075V24O02 · X075V24O01)|| X075V24O03,operand-renamed_same-structure,3
1768,76,1,,a · a* + a · a* · x(a*||1) + a*· x(a · a*|| 1),X076V01O01 · X076V01O01* + X076V01O01 · X076V01O01* · X076V01O02(X076V01O01*||707600103) + X076V01O01*· X076V01O02(X076V01O01 · X076V01O01*|| 707600103),operand-renamed_same-structure,3
1769,76,2,,a · a* + a · a* · x(a*||1) + a*· x(a · a*|| 1),X076V02O01 · X076V02O01* + X076V02O01 · X076V02O01* · X076V02O02(X076V02O01*||707600203) + X076V02O01*· X076V02O02(X076V02O01 · X076V02O01*|| 707600203),operand-renamed_same-structure,3
1770,76,3,,a · a* + a · a* · x(a*||1) + a*· x(a · a*|| 1),X076V03O01 · X076V03O01* + X076V03O01 · X076V03O01* · X076V03O02(X076V03O01*||707600303) + X076V03O01*· X076V03O02(X076V03O01 · X076V03O01*|| 707600303),operand-renamed_same-structure,3
1771,76,4,,a · a* + a · a* · x(a*||1) + a*· x(a · a*|| 1),X076V04O01 · X076V04O01* + X076V04O01 · X076V04O01* · X076V04O02(X076V04O01*||707600403) + X076V04O01*· X076V04O02(X076V04O01 · X076V04O01*|| 707600403),operand-renamed_same-structure,3
1772,76,5,,a · a* + a · a* · x(a*||1) + a*· x(a · a*|| 1),X076V05O01 · X076V05O01* + X076V05O01 · X076V05O01* · X076V05O02(X076V05O01*||707600503) + X076V05O01*· X076V05O02(X076V05O01 · X076V05O01*|| 707600503),operand-renamed_same-structure,3
1773,76,6,,a · a* + a · a* · x(a*||1) + a*· x(a · a*|| 1),X076V06O01 · X076V06O01* + X076V06O01 · X076V06O01* · X076V06O02(X076V06O01*||707600603) + X076V06O01*· X076V06O02(X076V06O01 · X076V06O01*|| 707600603),operand-renamed_same-structure,3
1774,76,7,,a · a* + a · a* · x(a*||1) + a*· x(a · a*|| 1),X076V07O01 · X076V07O01* + X076V07O01 · X076V07O01* · X076V07O02(X076V07O01*||707600703) + X076V07O01*· X076V07O02(X076V07O01 · X076V07O01*|| 707600703),operand-renamed_same-structure,3
1775,76,8,,a · a* + a · a* · x(a*||1) + a*· x(a · a*|| 1),X076V08O01 · X076V08O01* + X076V08O01 · X076V08O01* · X076V08O02(X076V08O01*||707600803) + X076V08O01*· X076V08O02(X076V08O01 · X076V08O01*|| 707600803),operand-renamed_same-structure,3
1776,76,9,,a · a* + a · a* · x(a*||1) + a*· x(a · a*|| 1),X076V09O01 · X076V09O01* + X076V09O01 · X076V09O01* · X076V09O02(X076V09O01*||707600903) + X076V09O01*· X076V09O02(X076V09O01 · X076V09O01*|| 707600903),operand-renamed_same-structure,3
1777,76,10,,a · a* + a · a* · x(a*||1) + a*· x(a · a*|| 1),X076V10O01 · X076V10O01* + X076V10O01 · X076V10O01* · X076V10O02(X076V10O01*||707601003) + X076V10O01*· X076V10O02(X076V10O01 · X076V10O01*|| 707601003),operand-renamed_same-structure,3
1778,76,11,,a · a* + a · a* · x(a*||1) + a*· x(a · a*|| 1),X076V11O01 · X076V11O01* + X076V11O01 · X076V11O01* · X076V11O02(X076V11O01*||707601103) + X076V11O01*· X076V11O02(X076V11O01 · X076V11O01*|| 707601103),operand-renamed_same-structure,3
1779,76,12,,a · a* + a · a* · x(a*||1) + a*· x(a · a*|| 1),X076V12O01 · X076V12O01* + X076V12O01 · X076V12O01* · X076V12O02(X076V12O01*||707601203) + X076V12O01*· X076V12O02(X076V12O01 · X076V12O01*|| 707601203),operand-renamed_same-structure,3
1780,76,13,,a · a* + a · a* · x(a*||1) + a*· x(a · a*|| 1),X076V13O01 · X076V13O01* + X076V13O01 · X076V13O01* · X076V13O02(X076V13O01*||707601303) + X076V13O01*· X076V13O02(X076V13O01 · X076V13O01*|| 707601303),operand-renamed_same-structure,3
1781,76,14,,a · a* + a · a* · x(a*||1) + a*· x(a · a*|| 1),X076V14O01 · X076V14O01* + X076V14O01 · X076V14O01* · X076V14O02(X076V14O01*||707601403) + X076V14O01*· X076V14O02(X076V14O01 · X076V14O01*|| 707601403),operand-renamed_same-structure,3
1782,76,15,,a · a* + a · a* · x(a*||1) + a*· x(a · a*|| 1),X076V15O01 · X076V15O01* + X076V15O01 · X076V15O01* · X076V15O02(X076V15O01*||707601503) + X076V15O01*· X076V15O02(X076V15O01 · X076V15O01*|| 707601503),operand-renamed_same-structure,3
1783,76,16,,a · a* + a · a* · x(a*||1) + a*· x(a · a*|| 1),X076V16O01 · X076V16O01* + X076V16O01 · X076V16O01* · X076V16O02(X076V16O01*||707601603) + X076V16O01*· X076V16O02(X076V16O01 · X076V16O01*|| 707601603),operand-renamed_same-structure,3
1784,76,17,,a · a* + a · a* · x(a*||1) + a*· x(a · a*|| 1),X076V17O01 · X076V17O01* + X076V17O01 · X076V17O01* · X076V17O02(X076V17O01*||707601703) + X076V17O01*· X076V17O02(X076V17O01 · X076V17O01*|| 707601703),operand-renamed_same-structure,3
1785,76,18,,a · a* + a · a* · x(a*||1) + a*· x(a · a*|| 1),X076V18O01 · X076V18O01* + X076V18O01 · X076V18O01* · X076V18O02(X076V18O01*||707601803) + X076V18O01*· X076V18O02(X076V18O01 · X076V18O01*|| 707601803),operand-renamed_same-structure,3
1786,76,19,,a · a* + a · a* · x(a*||1) + a*· x(a · a*|| 1),X076V19O01 · X076V19O01* + X076V19O01 · X076V19O01* · X076V19O02(X076V19O01*||707601903) + X076V19O01*· X076V19O02(X076V19O01 · X076V19O01*|| 707601903),operand-renamed_same-structure,3
1787,76,20,,a · a* + a · a* · x(a*||1) + a*· x(a · a*|| 1),X076V20O01 · X076V20O01* + X076V20O01 · X076V20O01* · X076V20O02(X076V20O01*||707602003) + X076V20O01*· X076V20O02(X076V20O01 · X076V20O01*|| 707602003),operand-renamed_same-structure,3
1788,76,21,,a · a* + a · a* · x(a*||1) + a*· x(a · a*|| 1),X076V21O01 · X076V21O01* + X076V21O01 · X076V21O01* · X076V21O02(X076V21O01*||707602103) + X076V21O01*· X076V21O02(X076V21O01 · X076V21O01*|| 707602103),operand-renamed_same-structure,3
1789,76,22,,a · a* + a · a* · x(a*||1) + a*· x(a · a*|| 1),X076V22O01 · X076V22O01* + X076V22O01 · X076V22O01* · X076V22O02(X076V22O01*||707602203) + X076V22O01*· X076V22O02(X076V22O01 · X076V22O01*|| 707602203),operand-renamed_same-structure,3
1790,76,23,,a · a* + a · a* · x(a*||1) + a*· x(a · a*|| 1),X076V23O01 · X076V23O01* + X076V23O01 · X076V23O01* · X076V23O02(X076V23O01*||707602303) + X076V23O01*· X076V23O02(X076V23O01 · X076V23O01*|| 707602303),operand-renamed_same-structure,3
1791,77,1,,a* + a* · a · x(a*||1) + a*· x(a · a*||1),X077V01O01* + X077V01O01* · X077V01O01 · X077V01O02(X077V01O01*||707700103) + X077V01O01*· X077V01O02(X077V01O01 · X077V01O01*||707700103),operand-renamed_same-structure,3
1792,77,2,,a* + a* · a · x(a*||1) + a*· x(a · a*||1),X077V02O01* + X077V02O01* · X077V02O01 · X077V02O02(X077V02O01*||707700203) + X077V02O01*· X077V02O02(X077V02O01 · X077V02O01*||707700203),operand-renamed_same-structure,3
1793,77,3,,a* + a* · a · x(a*||1) + a*· x(a · a*||1),X077V03O01* + X077V03O01* · X077V03O01 · X077V03O02(X077V03O01*||707700303) + X077V03O01*· X077V03O02(X077V03O01 · X077V03O01*||707700303),operand-renamed_same-structure,3
1794,77,4,,a* + a* · a · x(a*||1) + a*· x(a · a*||1),X077V04O01* + X077V04O01* · X077V04O01 · X077V04O02(X077V04O01*||707700403) + X077V04O01*· X077V04O02(X077V04O01 · X077V04O01*||707700403),operand-renamed_same-structure,3
1795,77,5,,a* + a* · a · x(a*||1) + a*· x(a · a*||1),X077V05O01* + X077V05O01* · X077V05O01 · X077V05O02(X077V05O01*||707700503) + X077V05O01*· X077V05O02(X077V05O01 · X077V05O01*||707700503),operand-renamed_same-structure,3
1796,77,6,,a* + a* · a · x(a*||1) + a*· x(a · a*||1),X077V06O01* + X077V06O01* · X077V06O01 · X077V06O02(X077V06O01*||707700603) + X077V06O01*· X077V06O02(X077V06O01 · X077V06O01*||707700603),operand-renamed_same-structure,3
1797,77,7,,a* + a* · a · x(a*||1) + a*· x(a · a*||1),X077V07O01* + X077V07O01* · X077V07O01 · X077V07O02(X077V07O01*||707700703) + X077V07O01*· X077V07O02(X077V07O01 · X077V07O01*||707700703),operand-renamed_same-structure,3
1798,77,8,,a* + a* · a · x(a*||1) + a*· x(a · a*||1),X077V08O01* + X077V08O01* · X077V08O01 · X077V08O02(X077V08O01*||707700803) + X077V08O01*· X077V08O02(X077V08O01 · X077V08O01*||707700803),operand-renamed_same-structure,3
1799,77,9,,a* + a* · a · x(a*||1) + a*· x(a · a*||1),X077V09O01* + X077V09O01* · X077V09O01 · X077V09O02(X077V09O01*||707700903) + X077V09O01*· X077V09O02(X077V09O01 · X077V09O01*||707700903),operand-renamed_same-structure,3
1800,77,10,,a* + a* · a · x(a*||1) + a*· x(a · a*||1),X077V10O01* + X077V10O01* · X077V10O01 · X077V10O02(X077V10O01*||707701003) + X077V10O01*· X077V10O02(X077V10O01 · X077V10O01*||707701003),operand-renamed_same-structure,3
1801,77,11,,a* + a* · a · x(a*||1) + a*· x(a · a*||1),X077V11O01* + X077V11O01* · X077V11O01 · X077V11O02(X077V11O01*||707701103) + X077V11O01*· X077V11O02(X077V11O01 · X077V11O01*||707701103),operand-renamed_same-structure,3
1802,77,12,,a* + a* · a · x(a*||1) + a*· x(a · a*||1),X077V12O01* + X077V12O01* · X077V12O01 · X077V12O02(X077V12O01*||707701203) + X077V12O01*· X077V12O02(X077V12O01 · X077V12O01*||707701203),operand-renamed_same-structure,3
1803,77,13,,a* + a* · a · x(a*||1) + a*· x(a · a*||1),X077V13O01* + X077V13O01* · X077V13O01 · X077V13O02(X077V13O01*||707701303) + X077V13O01*· X077V13O02(X077V13O01 · X077V13O01*||707701303),operand-renamed_same-structure,3
1804,77,14,,a* + a* · a · x(a*||1) + a*· x(a · a*||1),X077V14O01* + X077V14O01* · X077V14O01 · X077V14O02(X077V14O01*||707701403) + X077V14O01*· X077V14O02(X077V14O01 · X077V14O01*||707701403),operand-renamed_same-structure,3
1805,77,15,,a* + a* · a · x(a*||1) + a*· x(a · a*||1),X077V15O01* + X077V15O01* · X077V15O01 · X077V15O02(X077V15O01*||707701503) + X077V15O01*· X077V15O02(X077V15O01 · X077V15O01*||707701503),operand-renamed_same-structure,3
1806,77,16,,a* + a* · a · x(a*||1) + a*· x(a · a*||1),X077V16O01* + X077V16O01* · X077V16O01 · X077V16O02(X077V16O01*||707701603) + X077V16O01*· X077V16O02(X077V16O01 · X077V16O01*||707701603),operand-renamed_same-structure,3
1807,77,17,,a* + a* · a · x(a*||1) + a*· x(a · a*||1),X077V17O01* + X077V17O01* · X077V17O01 · X077V17O02(X077V17O01*||707701703) + X077V17O01*· X077V17O02(X077V17O01 · X077V17O01*||707701703),operand-renamed_same-structure,3
1808,77,18,,a* + a* · a · x(a*||1) + a*· x(a · a*||1),X077V18O01* + X077V18O01* · X077V18O01 · X077V18O02(X077V18O01*||707701803) + X077V18O01*· X077V18O02(X077V18O01 · X077V18O01*||707701803),operand-renamed_same-structure,3
1809,77,19,,a* + a* · a · x(a*||1) + a*· x(a · a*||1),X077V19O01* + X077V19O01* · X077V19O01 · X077V19O02(X077V19O01*||707701903) + X077V19O01*· X077V19O02(X077V19O01 · X077V19O01*||707701903),operand-renamed_same-structure,3
1810,77,20,,a* + a* · a · x(a*||1) + a*· x(a · a*||1),X077V20O01* + X077V20O01* · X077V20O01 · X077V20O02(X077V20O01*||707702003) + X077V20O01*· X077V20O02(X077V20O01 · X077V20O01*||707702003),operand-renamed_same-structure,3
1811,77,21,,a* + a* · a · x(a*||1) + a*· x(a · a*||1),X077V21O01* + X077V21O01* · X077V21O01 · X077V21O02(X077V21O01*||707702103) + X077V21O01*· X077V21O02(X077V21O01 · X077V21O01*||707702103),operand-renamed_same-structure,3
1812,77,22,,a* + a* · a · x(a*||1) + a*· x(a · a*||1),X077V22O01* + X077V22O01* · X077V22O01 · X077V22O02(X077V22O01*||707702203) + X077V22O01*· X077V22O02(X077V22O01 · X077V22O01*||707702203),operand-renamed_same-structure,3
1813,77,23,,a* + a* · a · x(a*||1) + a*· x(a · a*||1),X077V23O01* + X077V23O01* · X077V23O01 · X077V23O02(X077V23O01*||707702303) + X077V23O01*· X077V23O02(X077V23O01 · X077V23O01*||707702303),operand-renamed_same-structure,3
1814,77,24,,a* + a* · a · x(a*||1) + a*· x(a · a*||1),X077V24O01* + X077V24O01* · X077V24O01 · X077V24O02(X077V24O01*||707702403) + X077V24O01*· X077V24O02(X077V24O01 · X077V24O01*||707702403),operand-renamed_same-structure,3
1815,78,1,,(a*||b) · a* + a · a* · x(a*||b),(X078V01O01*||X078V01O02) · X078V01O01* + X078V01O01 · X078V01O01* · X078V01O03(X078V01O01*||X078V01O02),operand-renamed_same-structure,3
1816,78,2,,(a*||b) · a* + a · a* · x(a*||b),(X078V02O01*||X078V02O02) · X078V02O01* + X078V02O01 · X078V02O01* · X078V02O03(X078V02O01*||X078V02O02),operand-renamed_same-structure,3
1817,78,3,,(a*||b) · a* + a · a* · x(a*||b),(X078V03O01*||X078V03O02) · X078V03O01* + X078V03O01 · X078V03O01* · X078V03O03(X078V03O01*||X078V03O02),operand-renamed_same-structure,3
1818,78,4,,(a*||b) · a* + a · a* · x(a*||b),(X078V04O01*||X078V04O02) · X078V04O01* + X078V04O01 · X078V04O01* · X078V04O03(X078V04O01*||X078V04O02),operand-renamed_same-structure,3
1819,78,5,,(a*||b) · a* + a · a* · x(a*||b),(X078V05O01*||X078V05O02) · X078V05O01* + X078V05O01 · X078V05O01* · X078V05O03(X078V05O01*||X078V05O02),operand-renamed_same-structure,3
1820,78,6,,(a*||b) · a* + a · a* · x(a*||b),(X078V06O01*||X078V06O02) · X078V06O01* + X078V06O01 · X078V06O01* · X078V06O03(X078V06O01*||X078V06O02),operand-renamed_same-structure,3
1821,78,7,,(a*||b) · a* + a · a* · x(a*||b),(X078V07O01*||X078V07O02) · X078V07O01* + X078V07O01 · X078V07O01* · X078V07O03(X078V07O01*||X078V07O02),operand-renamed_same-structure,3
1822,78,8,,(a*||b) · a* + a · a* · x(a*||b),(X078V08O01*||X078V08O02) · X078V08O01* + X078V08O01 · X078V08O01* · X078V08O03(X078V08O01*||X078V08O02),operand-renamed_same-structure,3
1823,78,9,,(a*||b) · a* + a · a* · x(a*||b),(X078V09O01*||X078V09O02) · X078V09O01* + X078V09O01 · X078V09O01* · X078V09O03(X078V09O01*||X078V09O02),operand-renamed_same-structure,3
1824,78,10,,(a*||b) · a* + a · a* · x(a*||b),(X078V10O01*||X078V10O02) · X078V10O01* + X078V10O01 · X078V10O01* · X078V10O03(X078V10O01*||X078V10O02),operand-renamed_same-structure,3
1825,78,11,,(a*||b) · a* + a · a* · x(a*||b),(X078V11O01*||X078V11O02) · X078V11O01* + X078V11O01 · X078V11O01* · X078V11O03(X078V11O01*||X078V11O02),operand-renamed_same-structure,3
1826,78,12,,(a*||b) · a* + a · a* · x(a*||b),(X078V12O01*||X078V12O02) · X078V12O01* + X078V12O01 · X078V12O01* · X078V12O03(X078V12O01*||X078V12O02),operand-renamed_same-structure,3
1827,78,13,,(a*||b) · a* + a · a* · x(a*||b),(X078V13O01*||X078V13O02) · X078V13O01* + X078V13O01 · X078V13O01* · X078V13O03(X078V13O01*||X078V13O02),operand-renamed_same-structure,3
1828,78,14,,(a*||b) · a* + a · a* · x(a*||b),(X078V14O01*||X078V14O02) · X078V14O01* + X078V14O01 · X078V14O01* · X078V14O03(X078V14O01*||X078V14O02),operand-renamed_same-structure,3
1829,78,15,,(a*||b) · a* + a · a* · x(a*||b),(X078V15O01*||X078V15O02) · X078V15O01* + X078V15O01 · X078V15O01* · X078V15O03(X078V15O01*||X078V15O02),operand-renamed_same-structure,3
1830,78,16,,(a*||b) · a* + a · a* · x(a*||b),(X078V16O01*||X078V16O02) · X078V16O01* + X078V16O01 · X078V16O01* · X078V16O03(X078V16O01*||X078V16O02),operand-renamed_same-structure,3
1831,78,17,,(a*||b) · a* + a · a* · x(a*||b),(X078V17O01*||X078V17O02) · X078V17O01* + X078V17O01 · X078V17O01* · X078V17O03(X078V17O01*||X078V17O02),operand-renamed_same-structure,3
1832,78,18,,(a*||b) · a* + a · a* · x(a*||b),(X078V18O01*||X078V18O02) · X078V18O01* + X078V18O01 · X078V18O01* · X078V18O03(X078V18O01*||X078V18O02),operand-renamed_same-structure,3
1833,78,19,,(a*||b) · a* + a · a* · x(a*||b),(X078V19O01*||X078V19O02) · X078V19O01* + X078V19O01 · X078V19O01* · X078V19O03(X078V19O01*||X078V19O02),operand-renamed_same-structure,3
1834,78,20,,(a*||b) · a* + a · a* · x(a*||b),(X078V20O01*||X078V20O02) · X078V20O01* + X078V20O01 · X078V20O01* · X078V20O03(X078V20O01*||X078V20O02),operand-renamed_same-structure,3
1835,78,21,,(a*||b) · a* + a · a* · x(a*||b),(X078V21O01*||X078V21O02) · X078V21O01* + X078V21O01 · X078V21O01* · X078V21O03(X078V21O01*||X078V21O02),operand-renamed_same-structure,3
1836,78,22,,(a*||b) · a* + a · a* · x(a*||b),(X078V22O01*||X078V22O02) · X078V22O01* + X078V22O01 · X078V22O01* · X078V22O03(X078V22O01*||X078V22O02),operand-renamed_same-structure,3
1837,78,23,,(a*||b) · a* + a · a* · x(a*||b),(X078V23O01*||X078V23O02) · X078V23O01* + X078V23O01 · X078V23O01* · X078V23O03(X078V23O01*||X078V23O02),operand-renamed_same-structure,3
1838,78,24,,(a*||b) · a* + a · a* · x(a*||b),(X078V24O01*||X078V24O02) · X078V24O01* + X078V24O01 · X078V24O01* · X078V24O03(X078V24O01*||X078V24O02),operand-renamed_same-structure,3
1839,79,1,2020-Partially Observable Concurrent Kleene Algebra,(α || 1) · (1 || a) · (β || 1),(X079V01O01 || 707900102) · (707900102 || X079V01O03) · (X079V01O04 || 707900102),operand-renamed_same-structure,4
1840,79,2,2020-Partially Observable Concurrent Kleene Algebra,(α || 1) · (1 || a) · (β || 1),(X079V02O01 || 707900202) · (707900202 || X079V02O03) · (X079V02O04 || 707900202),operand-renamed_same-structure,4
1841,79,3,2020-Partially Observable Concurrent Kleene Algebra,(α || 1) · (1 || a) · (β || 1),(X079V03O01 || 707900302) · (707900302 || X079V03O03) · (X079V03O04 || 707900302),operand-renamed_same-structure,4
1842,79,4,2020-Partially Observable Concurrent Kleene Algebra,(α || 1) · (1 || a) · (β || 1),(X079V04O01 || 707900402) · (707900402 || X079V04O03) · (X079V04O04 || 707900402),operand-renamed_same-structure,4
1843,79,5,2020-Partially Observable Concurrent Kleene Algebra,(α || 1) · (1 || a) · (β || 1),(X079V05O01 || 707900502) · (707900502 || X079V05O03) · (X079V05O04 || 707900502),operand-renamed_same-structure,4
1844,79,6,2020-Partially Observable Concurrent Kleene Algebra,(α || 1) · (1 || a) · (β || 1),(X079V06O01 || 707900602) · (707900602 || X079V06O03) · (X079V06O04 || 707900602),operand-renamed_same-structure,4
1845,79,7,2020-Partially Observable Concurrent Kleene Algebra,(α || 1) · (1 || a) · (β || 1),(X079V07O01 || 707900702) · (707900702 || X079V07O03) · (X079V07O04 || 707900702),operand-renamed_same-structure,4
1846,79,8,2020-Partially Observable Concurrent Kleene Algebra,(α || 1) · (1 || a) · (β || 1),(X079V08O01 || 707900802) · (707900802 || X079V08O03) · (X079V08O04 || 707900802),operand-renamed_same-structure,4
1847,79,9,2020-Partially Observable Concurrent Kleene Algebra,(α || 1) · (1 || a) · (β || 1),(X079V09O01 || 707900902) · (707900902 || X079V09O03) · (X079V09O04 || 707900902),operand-renamed_same-structure,4
1848,79,10,2020-Partially Observable Concurrent Kleene Algebra,(α || 1) · (1 || a) · (β || 1),(X079V10O01 || 707901002) · (707901002 || X079V10O03) · (X079V10O04 || 707901002),operand-renamed_same-structure,4
1849,79,11,2020-Partially Observable Concurrent Kleene Algebra,(α || 1) · (1 || a) · (β || 1),(X079V11O01 || 707901102) · (707901102 || X079V11O03) · (X079V11O04 || 707901102),operand-renamed_same-structure,4
1850,79,12,2020-Partially Observable Concurrent Kleene Algebra,(α || 1) · (1 || a) · (β || 1),(X079V12O01 || 707901202) · (707901202 || X079V12O03) · (X079V12O04 || 707901202),operand-renamed_same-structure,4
1851,79,13,2020-Partially Observable Concurrent Kleene Algebra,(α || 1) · (1 || a) · (β || 1),(X079V13O01 || 707901302) · (707901302 || X079V13O03) · (X079V13O04 || 707901302),operand-renamed_same-structure,4
1852,79,14,2020-Partially Observable Concurrent Kleene Algebra,(α || 1) · (1 || a) · (β || 1),(X079V14O01 || 707901402) · (707901402 || X079V14O03) · (X079V14O04 || 707901402),operand-renamed_same-structure,4
1853,79,15,2020-Partially Observable Concurrent Kleene Algebra,(α || 1) · (1 || a) · (β || 1),(X079V15O01 || 707901502) · (707901502 || X079V15O03) · (X079V15O04 || 707901502),operand-renamed_same-structure,4
1854,79,16,2020-Partially Observable Concurrent Kleene Algebra,(α || 1) · (1 || a) · (β || 1),(X079V16O01 || 707901602) · (707901602 || X079V16O03) · (X079V16O04 || 707901602),operand-renamed_same-structure,4
1855,79,17,2020-Partially Observable Concurrent Kleene Algebra,(α || 1) · (1 || a) · (β || 1),(X079V17O01 || 707901702) · (707901702 || X079V17O03) · (X079V17O04 || 707901702),operand-renamed_same-structure,4
1856,79,18,2020-Partially Observable Concurrent Kleene Algebra,(α || 1) · (1 || a) · (β || 1),(X079V18O01 || 707901802) · (707901802 || X079V18O03) · (X079V18O04 || 707901802),operand-renamed_same-structure,4
1857,79,19,2020-Partially Observable Concurrent Kleene Algebra,(α || 1) · (1 || a) · (β || 1),(X079V19O01 || 707901902) · (707901902 || X079V19O03) · (X079V19O04 || 707901902),operand-renamed_same-structure,4
1858,79,20,2020-Partially Observable Concurrent Kleene Algebra,(α || 1) · (1 || a) · (β || 1),(X079V20O01 || 707902002) · (707902002 || X079V20O03) · (X079V20O04 || 707902002),operand-renamed_same-structure,4
1859,79,21,2020-Partially Observable Concurrent Kleene Algebra,(α || 1) · (1 || a) · (β || 1),(X079V21O01 || 707902102) · (707902102 || X079V21O03) · (X079V21O04 || 707902102),operand-renamed_same-structure,4
1860,79,22,2020-Partially Observable Concurrent Kleene Algebra,(α || 1) · (1 || a) · (β || 1),(X079V22O01 || 707902202) · (707902202 || X079V22O03) · (X079V22O04 || 707902202),operand-renamed_same-structure,4
1861,79,23,2020-Partially Observable Concurrent Kleene Algebra,(α || 1) · (1 || a) · (β || 1),(X079V23O01 || 707902302) · (707902302 || X079V23O03) · (X079V23O04 || 707902302),operand-renamed_same-structure,4
1862,79,24,2020-Partially Observable Concurrent Kleene Algebra,(α || 1) · (1 || a) · (β || 1),(X079V24O01 || 707902402) · (707902402 || X079V24O03) · (X079V24O04 || 707902402),operand-renamed_same-structure,4
1863,80,1,,(α || 1) · ((1 · β) || (α · 1)),(X080V01O01 || 708000102) · ((708000102 · X080V01O03) || (X080V01O01 · 708000102)),operand-renamed_same-structure,3
1864,80,2,,(α || 1) · ((1 · β) || (α · 1)),(X080V02O01 || 708000202) · ((708000202 · X080V02O03) || (X080V02O01 · 708000202)),operand-renamed_same-structure,3
1865,80,3,,(α || 1) · ((1 · β) || (α · 1)),(X080V03O01 || 708000302) · ((708000302 · X080V03O03) || (X080V03O01 · 708000302)),operand-renamed_same-structure,3
1866,80,4,,(α || 1) · ((1 · β) || (α · 1)),(X080V04O01 || 708000402) · ((708000402 · X080V04O03) || (X080V04O01 · 708000402)),operand-renamed_same-structure,3
1867,80,5,,(α || 1) · ((1 · β) || (α · 1)),(X080V05O01 || 708000502) · ((708000502 · X080V05O03) || (X080V05O01 · 708000502)),operand-renamed_same-structure,3
1868,80,6,,(α || 1) · ((1 · β) || (α · 1)),(X080V06O01 || 708000602) · ((708000602 · X080V06O03) || (X080V06O01 · 708000602)),operand-renamed_same-structure,3
1869,80,7,,(α || 1) · ((1 · β) || (α · 1)),(X080V07O01 || 708000702) · ((708000702 · X080V07O03) || (X080V07O01 · 708000702)),operand-renamed_same-structure,3
1870,80,8,,(α || 1) · ((1 · β) || (α · 1)),(X080V08O01 || 708000802) · ((708000802 · X080V08O03) || (X080V08O01 · 708000802)),operand-renamed_same-structure,3
1871,80,9,,(α || 1) · ((1 · β) || (α · 1)),(X080V09O01 || 708000902) · ((708000902 · X080V09O03) || (X080V09O01 · 708000902)),operand-renamed_same-structure,3
1872,80,10,,(α || 1) · ((1 · β) || (α · 1)),(X080V10O01 || 708001002) · ((708001002 · X080V10O03) || (X080V10O01 · 708001002)),operand-renamed_same-structure,3
1873,80,11,,(α || 1) · ((1 · β) || (α · 1)),(X080V11O01 || 708001102) · ((708001102 · X080V11O03) || (X080V11O01 · 708001102)),operand-renamed_same-structure,3
1874,80,12,,(α || 1) · ((1 · β) || (α · 1)),(X080V12O01 || 708001202) · ((708001202 · X080V12O03) || (X080V12O01 · 708001202)),operand-renamed_same-structure,3
1875,80,13,,(α || 1) · ((1 · β) || (α · 1)),(X080V13O01 || 708001302) · ((708001302 · X080V13O03) || (X080V13O01 · 708001302)),operand-renamed_same-structure,3
1876,80,14,,(α || 1) · ((1 · β) || (α · 1)),(X080V14O01 || 708001402) · ((708001402 · X080V14O03) || (X080V14O01 · 708001402)),operand-renamed_same-structure,3
1877,80,15,,(α || 1) · ((1 · β) || (α · 1)),(X080V15O01 || 708001502) · ((708001502 · X080V15O03) || (X080V15O01 · 708001502)),operand-renamed_same-structure,3
1878,80,16,,(α || 1) · ((1 · β) || (α · 1)),(X080V16O01 || 708001602) · ((708001602 · X080V16O03) || (X080V16O01 · 708001602)),operand-renamed_same-structure,3
1879,80,17,,(α || 1) · ((1 · β) || (α · 1)),(X080V17O01 || 708001702) · ((708001702 · X080V17O03) || (X080V17O01 · 708001702)),operand-renamed_same-structure,3
1880,80,18,,(α || 1) · ((1 · β) || (α · 1)),(X080V18O01 || 708001802) · ((708001802 · X080V18O03) || (X080V18O01 · 708001802)),operand-renamed_same-structure,3
1881,80,19,,(α || 1) · ((1 · β) || (α · 1)),(X080V19O01 || 708001902) · ((708001902 · X080V19O03) || (X080V19O01 · 708001902)),operand-renamed_same-structure,3
1882,80,20,,(α || 1) · ((1 · β) || (α · 1)),(X080V20O01 || 708002002) · ((708002002 · X080V20O03) || (X080V20O01 · 708002002)),operand-renamed_same-structure,3
1883,80,21,,(α || 1) · ((1 · β) || (α · 1)),(X080V21O01 || 708002102) · ((708002102 · X080V21O03) || (X080V21O01 · 708002102)),operand-renamed_same-structure,3
1884,80,22,,(α || 1) · ((1 · β) || (α · 1)),(X080V22O01 || 708002202) · ((708002202 · X080V22O03) || (X080V22O01 · 708002202)),operand-renamed_same-structure,3
1885,80,23,,(α || 1) · ((1 · β) || (α · 1)),(X080V23O01 || 708002302) · ((708002302 · X080V23O03) || (X080V23O01 · 708002302)),operand-renamed_same-structure,3
1886,80,24,,(α || 1) · ((1 · β) || (α · 1)),(X080V24O01 || 708002402) · ((708002402 · X080V24O03) || (X080V24O01 · 708002402)),operand-renamed_same-structure,3
1887,81,1,,(α · β) || (1 · α),(X081V01O01 · X081V01O02) || (708100103 · X081V01O01),operand-renamed_same-structure,3
1888,81,2,,(α · β) || (1 · α),(X081V02O01 · X081V02O02) || (708100203 · X081V02O01),operand-renamed_same-structure,3
1889,81,3,,(α · β) || (1 · α),(X081V03O01 · X081V03O02) || (708100303 · X081V03O01),operand-renamed_same-structure,3
1890,81,4,,(α · β) || (1 · α),(X081V04O01 · X081V04O02) || (708100403 · X081V04O01),operand-renamed_same-structure,3
1891,81,5,,(α · β) || (1 · α),(X081V05O01 · X081V05O02) || (708100503 · X081V05O01),operand-renamed_same-structure,3
1892,81,6,,(α · β) || (1 · α),(X081V06O01 · X081V06O02) || (708100603 · X081V06O01),operand-renamed_same-structure,3
1893,81,7,,(α · β) || (1 · α),(X081V07O01 · X081V07O02) || (708100703 · X081V07O01),operand-renamed_same-structure,3
1894,81,8,,(α · β) || (1 · α),(X081V08O01 · X081V08O02) || (708100803 · X081V08O01),operand-renamed_same-structure,3
1895,81,9,,(α · β) || (1 · α),(X081V09O01 · X081V09O02) || (708100903 · X081V09O01),operand-renamed_same-structure,3
1896,81,10,,(α · β) || (1 · α),(X081V10O01 · X081V10O02) || (708101003 · X081V10O01),operand-renamed_same-structure,3
1897,81,11,,(α · β) || (1 · α),(X081V11O01 · X081V11O02) || (708101103 · X081V11O01),operand-renamed_same-structure,3
1898,81,12,,(α · β) || (1 · α),(X081V12O01 · X081V12O02) || (708101203 · X081V12O01),operand-renamed_same-structure,3
1899,81,13,,(α · β) || (1 · α),(X081V13O01 · X081V13O02) || (708101303 · X081V13O01),operand-renamed_same-structure,3
1900,81,14,,(α · β) || (1 · α),(X081V14O01 · X081V14O02) || (708101403 · X081V14O01),operand-renamed_same-structure,3
1901,81,15,,(α · β) || (1 · α),(X081V15O01 · X081V15O02) || (708101503 · X081V15O01),operand-renamed_same-structure,3
1902,81,16,,(α · β) || (1 · α),(X081V16O01 · X081V16O02) || (708101603 · X081V16O01),operand-renamed_same-structure,3
1903,81,17,,(α · β) || (1 · α),(X081V17O01 · X081V17O02) || (708101703 · X081V17O01),operand-renamed_same-structure,3
1904,81,18,,(α · β) || (1 · α),(X081V18O01 · X081V18O02) || (708101803 · X081V18O01),operand-renamed_same-structure,3
1905,81,19,,(α · β) || (1 · α),(X081V19O01 · X081V19O02) || (708101903 · X081V19O01),operand-renamed_same-structure,3
1906,81,20,,(α · β) || (1 · α),(X081V20O01 · X081V20O02) || (708102003 · X081V20O01),operand-renamed_same-structure,3
1907,81,21,,(α · β) || (1 · α),(X081V21O01 · X081V21O02) || (708102103 · X081V21O01),operand-renamed_same-structure,3
1908,81,22,,(α · β) || (1 · α),(X081V22O01 · X081V22O02) || (708102203 · X081V22O01),operand-renamed_same-structure,3
1909,81,23,,(α · β) || (1 · α),(X081V23O01 · X081V23O02) || (708102303 · X081V23O01),operand-renamed_same-structure,3
1910,81,24,,(α · β) || (1 · α),(X081V24O01 · X081V24O02) || (708102403 · X081V24O01),operand-renamed_same-structure,3
1911,82,1,,(α · β) || α,(X082V01O01 · X082V01O02) || X082V01O01,operand-renamed_same-structure,2
1912,82,2,,(α · β) || α,(X082V02O01 · X082V02O02) || X082V02O01,operand-renamed_same-structure,2
1913,82,3,,(α · β) || α,(X082V03O01 · X082V03O02) || X082V03O01,operand-renamed_same-structure,2
1914,82,4,,(α · β) || α,(X082V04O01 · X082V04O02) || X082V04O01,operand-renamed_same-structure,2
1915,82,5,,(α · β) || α,(X082V05O01 · X082V05O02) || X082V05O01,operand-renamed_same-structure,2
1916,82,6,,(α · β) || α,(X082V06O01 · X082V06O02) || X082V06O01,operand-renamed_same-structure,2
1917,82,7,,(α · β) || α,(X082V07O01 · X082V07O02) || X082V07O01,operand-renamed_same-structure,2
1918,82,8,,(α · β) || α,(X082V08O01 · X082V08O02) || X082V08O01,operand-renamed_same-structure,2
1919,82,9,,(α · β) || α,(X082V09O01 · X082V09O02) || X082V09O01,operand-renamed_same-structure,2
1920,82,10,,(α · β) || α,(X082V10O01 · X082V10O02) || X082V10O01,operand-renamed_same-structure,2
1921,82,11,,(α · β) || α,(X082V11O01 · X082V11O02) || X082V11O01,operand-renamed_same-structure,2
1922,82,12,,(α · β) || α,(X082V12O01 · X082V12O02) || X082V12O01,operand-renamed_same-structure,2
1923,82,13,,(α · β) || α,(X082V13O01 · X082V13O02) || X082V13O01,operand-renamed_same-structure,2
1924,82,14,,(α · β) || α,(X082V14O01 · X082V14O02) || X082V14O01,operand-renamed_same-structure,2
1925,82,15,,(α · β) || α,(X082V15O01 · X082V15O02) || X082V15O01,operand-renamed_same-structure,2
1926,82,16,,(α · β) || α,(X082V16O01 · X082V16O02) || X082V16O01,operand-renamed_same-structure,2
1927,82,17,,(α · β) || α,(X082V17O01 · X082V17O02) || X082V17O01,operand-renamed_same-structure,2
1928,82,18,,(α · β) || α,(X082V18O01 · X082V18O02) || X082V18O01,operand-renamed_same-structure,2
1929,82,19,,(α · β) || α,(X082V19O01 · X082V19O02) || X082V19O01,operand-renamed_same-structure,2
1930,82,20,,(α · β) || α,(X082V20O01 · X082V20O02) || X082V20O01,operand-renamed_same-structure,2
1931,82,21,,(α · β) || α,(X082V21O01 · X082V21O02) || X082V21O01,operand-renamed_same-structure,2
1932,82,22,,(α · β) || α,(X082V22O01 · X082V22O02) || X082V22O01,operand-renamed_same-structure,2
1933,82,23,,(α · β) || α,(X082V23O01 · X082V23O02) || X082V23O01,operand-renamed_same-structure,2
1934,83,1,2015-Concurrent Kleene algebra with tests and branching automata,(x||y)(z||w),(X083V01O01||X083V01O02)(X083V01O03||X083V01O04),operand-renamed_same-structure,4
1935,83,2,2015-Concurrent Kleene algebra with tests and branching automata,(x||y)(z||w),(X083V02O01||X083V02O02)(X083V02O03||X083V02O04),operand-renamed_same-structure,4
1936,83,3,2015-Concurrent Kleene algebra with tests and branching automata,(x||y)(z||w),(X083V03O01||X083V03O02)(X083V03O03||X083V03O04),operand-renamed_same-structure,4
1937,83,4,2015-Concurrent Kleene algebra with tests and branching automata,(x||y)(z||w),(X083V04O01||X083V04O02)(X083V04O03||X083V04O04),operand-renamed_same-structure,4
1938,83,5,2015-Concurrent Kleene algebra with tests and branching automata,(x||y)(z||w),(X083V05O01||X083V05O02)(X083V05O03||X083V05O04),operand-renamed_same-structure,4
1939,83,6,2015-Concurrent Kleene algebra with tests and branching automata,(x||y)(z||w),(X083V06O01||X083V06O02)(X083V06O03||X083V06O04),operand-renamed_same-structure,4
1940,83,7,2015-Concurrent Kleene algebra with tests and branching automata,(x||y)(z||w),(X083V07O01||X083V07O02)(X083V07O03||X083V07O04),operand-renamed_same-structure,4
1941,83,8,2015-Concurrent Kleene algebra with tests and branching automata,(x||y)(z||w),(X083V08O01||X083V08O02)(X083V08O03||X083V08O04),operand-renamed_same-structure,4
1942,83,9,2015-Concurrent Kleene algebra with tests and branching automata,(x||y)(z||w),(X083V09O01||X083V09O02)(X083V09O03||X083V09O04),operand-renamed_same-structure,4
1943,83,10,2015-Concurrent Kleene algebra with tests and branching automata,(x||y)(z||w),(X083V10O01||X083V10O02)(X083V10O03||X083V10O04),operand-renamed_same-structure,4
1944,83,11,2015-Concurrent Kleene algebra with tests and branching automata,(x||y)(z||w),(X083V11O01||X083V11O02)(X083V11O03||X083V11O04),operand-renamed_same-structure,4
1945,83,12,2015-Concurrent Kleene algebra with tests and branching automata,(x||y)(z||w),(X083V12O01||X083V12O02)(X083V12O03||X083V12O04),operand-renamed_same-structure,4
1946,83,13,2015-Concurrent Kleene algebra with tests and branching automata,(x||y)(z||w),(X083V13O01||X083V13O02)(X083V13O03||X083V13O04),operand-renamed_same-structure,4
1947,83,14,2015-Concurrent Kleene algebra with tests and branching automata,(x||y)(z||w),(X083V14O01||X083V14O02)(X083V14O03||X083V14O04),operand-renamed_same-structure,4
1948,83,15,2015-Concurrent Kleene algebra with tests and branching automata,(x||y)(z||w),(X083V15O01||X083V15O02)(X083V15O03||X083V15O04),operand-renamed_same-structure,4
1949,83,16,2015-Concurrent Kleene algebra with tests and branching automata,(x||y)(z||w),(X083V16O01||X083V16O02)(X083V16O03||X083V16O04),operand-renamed_same-structure,4
1950,83,17,2015-Concurrent Kleene algebra with tests and branching automata,(x||y)(z||w),(X083V17O01||X083V17O02)(X083V17O03||X083V17O04),operand-renamed_same-structure,4
1951,83,18,2015-Concurrent Kleene algebra with tests and branching automata,(x||y)(z||w),(X083V18O01||X083V18O02)(X083V18O03||X083V18O04),operand-renamed_same-structure,4
1952,83,19,2015-Concurrent Kleene algebra with tests and branching automata,(x||y)(z||w),(X083V19O01||X083V19O02)(X083V19O03||X083V19O04),operand-renamed_same-structure,4
1953,83,20,2015-Concurrent Kleene algebra with tests and branching automata,(x||y)(z||w),(X083V20O01||X083V20O02)(X083V20O03||X083V20O04),operand-renamed_same-structure,4
1954,83,21,2015-Concurrent Kleene algebra with tests and branching automata,(x||y)(z||w),(X083V21O01||X083V21O02)(X083V21O03||X083V21O04),operand-renamed_same-structure,4
1955,83,22,2015-Concurrent Kleene algebra with tests and branching automata,(x||y)(z||w),(X083V22O01||X083V22O02)(X083V22O03||X083V22O04),operand-renamed_same-structure,4
1956,83,23,2015-Concurrent Kleene algebra with tests and branching automata,(x||y)(z||w),(X083V23O01||X083V23O02)(X083V23O03||X083V23O04),operand-renamed_same-structure,4
1957,83,24,2015-Concurrent Kleene algebra with tests and branching automata,(x||y)(z||w),(X083V24O01||X083V24O02)(X083V24O03||X083V24O04),operand-renamed_same-structure,4
1958,84,1,,(xz)||(yw),(X084V01O01)||(X084V01O02),operand-renamed_same-structure,2
1959,84,2,,(xz)||(yw),(X084V02O01)||(X084V02O02),operand-renamed_same-structure,2
1960,84,3,,(xz)||(yw),(X084V03O01)||(X084V03O02),operand-renamed_same-structure,2
1961,84,4,,(xz)||(yw),(X084V04O01)||(X084V04O02),operand-renamed_same-structure,2
1962,84,5,,(xz)||(yw),(X084V05O01)||(X084V05O02),operand-renamed_same-structure,2
1963,84,6,,(xz)||(yw),(X084V06O01)||(X084V06O02),operand-renamed_same-structure,2
1964,84,7,,(xz)||(yw),(X084V07O01)||(X084V07O02),operand-renamed_same-structure,2
1965,84,8,,(xz)||(yw),(X084V08O01)||(X084V08O02),operand-renamed_same-structure,2
1966,84,9,,(xz)||(yw),(X084V09O01)||(X084V09O02),operand-renamed_same-structure,2
1967,84,10,,(xz)||(yw),(X084V10O01)||(X084V10O02),operand-renamed_same-structure,2
1968,84,11,,(xz)||(yw),(X084V11O01)||(X084V11O02),operand-renamed_same-structure,2
1969,84,12,,(xz)||(yw),(X084V12O01)||(X084V12O02),operand-renamed_same-structure,2
1970,84,13,,(xz)||(yw),(X084V13O01)||(X084V13O02),operand-renamed_same-structure,2
1971,84,14,,(xz)||(yw),(X084V14O01)||(X084V14O02),operand-renamed_same-structure,2
1972,84,15,,(xz)||(yw),(X084V15O01)||(X084V15O02),operand-renamed_same-structure,2
1973,84,16,,(xz)||(yw),(X084V16O01)||(X084V16O02),operand-renamed_same-structure,2
1974,84,17,,(xz)||(yw),(X084V17O01)||(X084V17O02),operand-renamed_same-structure,2
1975,84,18,,(xz)||(yw),(X084V18O01)||(X084V18O02),operand-renamed_same-structure,2
1976,84,19,,(xz)||(yw),(X084V19O01)||(X084V19O02),operand-renamed_same-structure,2
1977,84,20,,(xz)||(yw),(X084V20O01)||(X084V20O02),operand-renamed_same-structure,2
1978,84,21,,(xz)||(yw),(X084V21O01)||(X084V21O02),operand-renamed_same-structure,2
1979,84,22,,(xz)||(yw),(X084V22O01)||(X084V22O02),operand-renamed_same-structure,2
1980,84,23,,(xz)||(yw),(X084V23O01)||(X084V23O02),operand-renamed_same-structure,2
1981,84,24,,(xz)||(yw),(X084V24O01)||(X084V24O02),operand-renamed_same-structure,2
1982,85,1,,b + a.(a||b)∗.b.a,X085V01O01 + X085V01O02.(X085V01O02||X085V01O01)∗.X085V01O01.X085V01O02,operand-renamed_same-structure,2
1983,85,2,,b + a.(a||b)∗.b.a,X085V02O01 + X085V02O02.(X085V02O02||X085V02O01)∗.X085V02O01.X085V02O02,operand-renamed_same-structure,2
1984,85,3,,b + a.(a||b)∗.b.a,X085V03O01 + X085V03O02.(X085V03O02||X085V03O01)∗.X085V03O01.X085V03O02,operand-renamed_same-structure,2
1985,85,4,,b + a.(a||b)∗.b.a,X085V04O01 + X085V04O02.(X085V04O02||X085V04O01)∗.X085V04O01.X085V04O02,operand-renamed_same-structure,2
1986,85,5,,b + a.(a||b)∗.b.a,X085V05O01 + X085V05O02.(X085V05O02||X085V05O01)∗.X085V05O01.X085V05O02,operand-renamed_same-structure,2
1987,85,6,,b + a.(a||b)∗.b.a,X085V06O01 + X085V06O02.(X085V06O02||X085V06O01)∗.X085V06O01.X085V06O02,operand-renamed_same-structure,2
1988,85,7,,b + a.(a||b)∗.b.a,X085V07O01 + X085V07O02.(X085V07O02||X085V07O01)∗.X085V07O01.X085V07O02,operand-renamed_same-structure,2
1989,85,8,,b + a.(a||b)∗.b.a,X085V08O01 + X085V08O02.(X085V08O02||X085V08O01)∗.X085V08O01.X085V08O02,operand-renamed_same-structure,2
1990,85,9,,b + a.(a||b)∗.b.a,X085V09O01 + X085V09O02.(X085V09O02||X085V09O01)∗.X085V09O01.X085V09O02,operand-renamed_same-structure,2
1991,85,10,,b + a.(a||b)∗.b.a,X085V10O01 + X085V10O02.(X085V10O02||X085V10O01)∗.X085V10O01.X085V10O02,operand-renamed_same-structure,2
1992,85,11,,b + a.(a||b)∗.b.a,X085V11O01 + X085V11O02.(X085V11O02||X085V11O01)∗.X085V11O01.X085V11O02,operand-renamed_same-structure,2
1993,85,12,,b + a.(a||b)∗.b.a,X085V12O01 + X085V12O02.(X085V12O02||X085V12O01)∗.X085V12O01.X085V12O02,operand-renamed_same-structure,2
1994,85,13,,b + a.(a||b)∗.b.a,X085V13O01 + X085V13O02.(X085V13O02||X085V13O01)∗.X085V13O01.X085V13O02,operand-renamed_same-structure,2
1995,85,14,,b + a.(a||b)∗.b.a,X085V14O01 + X085V14O02.(X085V14O02||X085V14O01)∗.X085V14O01.X085V14O02,operand-renamed_same-structure,2
1996,85,15,,b + a.(a||b)∗.b.a,X085V15O01 + X085V15O02.(X085V15O02||X085V15O01)∗.X085V15O01.X085V15O02,operand-renamed_same-structure,2
1997,85,16,,b + a.(a||b)∗.b.a,X085V16O01 + X085V16O02.(X085V16O02||X085V16O01)∗.X085V16O01.X085V16O02,operand-renamed_same-structure,2
1998,85,17,,b + a.(a||b)∗.b.a,X085V17O01 + X085V17O02.(X085V17O02||X085V17O01)∗.X085V17O01.X085V17O02,operand-renamed_same-structure,2
1999,85,18,,b + a.(a||b)∗.b.a,X085V18O01 + X085V18O02.(X085V18O02||X085V18O01)∗.X085V18O01.X085V18O02,operand-renamed_same-structure,2
2000,85,19,,b + a.(a||b)∗.b.a,X085V19O01 + X085V19O02.(X085V19O02||X085V19O01)∗.X085V19O01.X085V19O02,operand-renamed_same-structure,2
2001,85,20,,b + a.(a||b)∗.b.a,X085V20O01 + X085V20O02.(X085V20O02||X085V20O01)∗.X085V20O01.X085V20O02,operand-renamed_same-structure,2
2002,85,21,,b + a.(a||b)∗.b.a,X085V21O01 + X085V21O02.(X085V21O02||X085V21O01)∗.X085V21O01.X085V21O02,operand-renamed_same-structure,2
2003,85,22,,b + a.(a||b)∗.b.a,X085V22O01 + X085V22O02.(X085V22O02||X085V22O01)∗.X085V22O01.X085V22O02,operand-renamed_same-structure,2
2004,85,23,,b + a.(a||b)∗.b.a,X085V23O01 + X085V23O02.(X085V23O02||X085V23O01)∗.X085V23O01.X085V23O02,operand-renamed_same-structure,2
2005,86,1,,(α.p.β|γ.q.δ)|λ.r.μ,(X086V01O01.X086V01O02.X086V01O03|X086V01O04.X086V01O05.X086V01O06)|X086V01O07.X086V01O08.X086V01O09,operand-renamed_same-structure,9
2006,86,2,,(α.p.β|γ.q.δ)|λ.r.μ,(X086V02O01.X086V02O02.X086V02O03|X086V02O04.X086V02O05.X086V02O06)|X086V02O07.X086V02O08.X086V02O09,operand-renamed_same-structure,9
2007,86,3,,(α.p.β|γ.q.δ)|λ.r.μ,(X086V03O01.X086V03O02.X086V03O03|X086V03O04.X086V03O05.X086V03O06)|X086V03O07.X086V03O08.X086V03O09,operand-renamed_same-structure,9
2008,86,4,,(α.p.β|γ.q.δ)|λ.r.μ,(X086V04O01.X086V04O02.X086V04O03|X086V04O04.X086V04O05.X086V04O06)|X086V04O07.X086V04O08.X086V04O09,operand-renamed_same-structure,9
2009,86,5,,(α.p.β|γ.q.δ)|λ.r.μ,(X086V05O01.X086V05O02.X086V05O03|X086V05O04.X086V05O05.X086V05O06)|X086V05O07.X086V05O08.X086V05O09,operand-renamed_same-structure,9
2010,86,6,,(α.p.β|γ.q.δ)|λ.r.μ,(X086V06O01.X086V06O02.X086V06O03|X086V06O04.X086V06O05.X086V06O06)|X086V06O07.X086V06O08.X086V06O09,operand-renamed_same-structure,9
2011,86,7,,(α.p.β|γ.q.δ)|λ.r.μ,(X086V07O01.X086V07O02.X086V07O03|X086V07O04.X086V07O05.X086V07O06)|X086V07O07.X086V07O08.X086V07O09,operand-renamed_same-structure,9
2012,86,8,,(α.p.β|γ.q.δ)|λ.r.μ,(X086V08O01.X086V08O02.X086V08O03|X086V08O04.X086V08O05.X086V08O06)|X086V08O07.X086V08O08.X086V08O09,operand-renamed_same-structure,9
2013,86,9,,(α.p.β|γ.q.δ)|λ.r.μ,(X086V09O01.X086V09O02.X086V09O03|X086V09O04.X086V09O05.X086V09O06)|X086V09O07.X086V09O08.X086V09O09,operand-renamed_same-structure,9
2014,86,10,,(α.p.β|γ.q.δ)|λ.r.μ,(X086V10O01.X086V10O02.X086V10O03|X086V10O04.X086V10O05.X086V10O06)|X086V10O07.X086V10O08.X086V10O09,operand-renamed_same-structure,9
2015,86,11,,(α.p.β|γ.q.δ)|λ.r.μ,(X086V11O01.X086V11O02.X086V11O03|X086V11O04.X086V11O05.X086V11O06)|X086V11O07.X086V11O08.X086V11O09,operand-renamed_same-structure,9
2016,86,12,,(α.p.β|γ.q.δ)|λ.r.μ,(X086V12O01.X086V12O02.X086V12O03|X086V12O04.X086V12O05.X086V12O06)|X086V12O07.X086V12O08.X086V12O09,operand-renamed_same-structure,9
2017,86,13,,(α.p.β|γ.q.δ)|λ.r.μ,(X086V13O01.X086V13O02.X086V13O03|X086V13O04.X086V13O05.X086V13O06)|X086V13O07.X086V13O08.X086V13O09,operand-renamed_same-structure,9
2018,86,14,,(α.p.β|γ.q.δ)|λ.r.μ,(X086V14O01.X086V14O02.X086V14O03|X086V14O04.X086V14O05.X086V14O06)|X086V14O07.X086V14O08.X086V14O09,operand-renamed_same-structure,9
2019,86,15,,(α.p.β|γ.q.δ)|λ.r.μ,(X086V15O01.X086V15O02.X086V15O03|X086V15O04.X086V15O05.X086V15O06)|X086V15O07.X086V15O08.X086V15O09,operand-renamed_same-structure,9
2020,86,16,,(α.p.β|γ.q.δ)|λ.r.μ,(X086V16O01.X086V16O02.X086V16O03|X086V16O04.X086V16O05.X086V16O06)|X086V16O07.X086V16O08.X086V16O09,operand-renamed_same-structure,9
2021,86,17,,(α.p.β|γ.q.δ)|λ.r.μ,(X086V17O01.X086V17O02.X086V17O03|X086V17O04.X086V17O05.X086V17O06)|X086V17O07.X086V17O08.X086V17O09,operand-renamed_same-structure,9
2022,86,18,,(α.p.β|γ.q.δ)|λ.r.μ,(X086V18O01.X086V18O02.X086V18O03|X086V18O04.X086V18O05.X086V18O06)|X086V18O07.X086V18O08.X086V18O09,operand-renamed_same-structure,9
2023,86,19,,(α.p.β|γ.q.δ)|λ.r.μ,(X086V19O01.X086V19O02.X086V19O03|X086V19O04.X086V19O05.X086V19O06)|X086V19O07.X086V19O08.X086V19O09,operand-renamed_same-structure,9
2024,86,20,,(α.p.β|γ.q.δ)|λ.r.μ,(X086V20O01.X086V20O02.X086V20O03|X086V20O04.X086V20O05.X086V20O06)|X086V20O07.X086V20O08.X086V20O09,operand-renamed_same-structure,9
2025,86,21,,(α.p.β|γ.q.δ)|λ.r.μ,(X086V21O01.X086V21O02.X086V21O03|X086V21O04.X086V21O05.X086V21O06)|X086V21O07.X086V21O08.X086V21O09,operand-renamed_same-structure,9
2026,86,22,,(α.p.β|γ.q.δ)|λ.r.μ,(X086V22O01.X086V22O02.X086V22O03|X086V22O04.X086V22O05.X086V22O06)|X086V22O07.X086V22O08.X086V22O09,operand-renamed_same-structure,9
2027,86,23,,(α.p.β|γ.q.δ)|λ.r.μ,(X086V23O01.X086V23O02.X086V23O03|X086V23O04.X086V23O05.X086V23O06)|X086V23O07.X086V23O08.X086V23O09,operand-renamed_same-structure,9
2028,86,24,,(α.p.β|γ.q.δ)|λ.r.μ,(X086V24O01.X086V24O02.X086V24O03|X086V24O04.X086V24O05.X086V24O06)|X086V24O07.X086V24O08.X086V24O09,operand-renamed_same-structure,9
2029,87,1,,α.p.β|(γ.q.δ|λ.r.μ),X087V01O01.X087V01O02.X087V01O03|(X087V01O04.X087V01O05.X087V01O06|X087V01O07.X087V01O08.X087V01O09),operand-renamed_same-structure,9
2030,87,2,,α.p.β|(γ.q.δ|λ.r.μ),X087V02O01.X087V02O02.X087V02O03|(X087V02O04.X087V02O05.X087V02O06|X087V02O07.X087V02O08.X087V02O09),operand-renamed_same-structure,9
2031,87,3,,α.p.β|(γ.q.δ|λ.r.μ),X087V03O01.X087V03O02.X087V03O03|(X087V03O04.X087V03O05.X087V03O06|X087V03O07.X087V03O08.X087V03O09),operand-renamed_same-structure,9
2032,87,4,,α.p.β|(γ.q.δ|λ.r.μ),X087V04O01.X087V04O02.X087V04O03|(X087V04O04.X087V04O05.X087V04O06|X087V04O07.X087V04O08.X087V04O09),operand-renamed_same-structure,9
2033,87,5,,α.p.β|(γ.q.δ|λ.r.μ),X087V05O01.X087V05O02.X087V05O03|(X087V05O04.X087V05O05.X087V05O06|X087V05O07.X087V05O08.X087V05O09),operand-renamed_same-structure,9
2034,87,6,,α.p.β|(γ.q.δ|λ.r.μ),X087V06O01.X087V06O02.X087V06O03|(X087V06O04.X087V06O05.X087V06O06|X087V06O07.X087V06O08.X087V06O09),operand-renamed_same-structure,9
2035,87,7,,α.p.β|(γ.q.δ|λ.r.μ),X087V07O01.X087V07O02.X087V07O03|(X087V07O04.X087V07O05.X087V07O06|X087V07O07.X087V07O08.X087V07O09),operand-renamed_same-structure,9
2036,87,8,,α.p.β|(γ.q.δ|λ.r.μ),X087V08O01.X087V08O02.X087V08O03|(X087V08O04.X087V08O05.X087V08O06|X087V08O07.X087V08O08.X087V08O09),operand-renamed_same-structure,9
2037,87,9,,α.p.β|(γ.q.δ|λ.r.μ),X087V09O01.X087V09O02.X087V09O03|(X087V09O04.X087V09O05.X087V09O06|X087V09O07.X087V09O08.X087V09O09),operand-renamed_same-structure,9
2038,87,10,,α.p.β|(γ.q.δ|λ.r.μ),X087V10O01.X087V10O02.X087V10O03|(X087V10O04.X087V10O05.X087V10O06|X087V10O07.X087V10O08.X087V10O09),operand-renamed_same-structure,9
2039,87,11,,α.p.β|(γ.q.δ|λ.r.μ),X087V11O01.X087V11O02.X087V11O03|(X087V11O04.X087V11O05.X087V11O06|X087V11O07.X087V11O08.X087V11O09),operand-renamed_same-structure,9
2040,87,12,,α.p.β|(γ.q.δ|λ.r.μ),X087V12O01.X087V12O02.X087V12O03|(X087V12O04.X087V12O05.X087V12O06|X087V12O07.X087V12O08.X087V12O09),operand-renamed_same-structure,9
2041,87,13,,α.p.β|(γ.q.δ|λ.r.μ),X087V13O01.X087V13O02.X087V13O03|(X087V13O04.X087V13O05.X087V13O06|X087V13O07.X087V13O08.X087V13O09),operand-renamed_same-structure,9
2042,87,14,,α.p.β|(γ.q.δ|λ.r.μ),X087V14O01.X087V14O02.X087V14O03|(X087V14O04.X087V14O05.X087V14O06|X087V14O07.X087V14O08.X087V14O09),operand-renamed_same-structure,9
2043,87,15,,α.p.β|(γ.q.δ|λ.r.μ),X087V15O01.X087V15O02.X087V15O03|(X087V15O04.X087V15O05.X087V15O06|X087V15O07.X087V15O08.X087V15O09),operand-renamed_same-structure,9
2044,87,16,,α.p.β|(γ.q.δ|λ.r.μ),X087V16O01.X087V16O02.X087V16O03|(X087V16O04.X087V16O05.X087V16O06|X087V16O07.X087V16O08.X087V16O09),operand-renamed_same-structure,9
2045,87,17,,α.p.β|(γ.q.δ|λ.r.μ),X087V17O01.X087V17O02.X087V17O03|(X087V17O04.X087V17O05.X087V17O06|X087V17O07.X087V17O08.X087V17O09),operand-renamed_same-structure,9
2046,87,18,,α.p.β|(γ.q.δ|λ.r.μ),X087V18O01.X087V18O02.X087V18O03|(X087V18O04.X087V18O05.X087V18O06|X087V18O07.X087V18O08.X087V18O09),operand-renamed_same-structure,9
2047,87,19,,α.p.β|(γ.q.δ|λ.r.μ),X087V19O01.X087V19O02.X087V19O03|(X087V19O04.X087V19O05.X087V19O06|X087V19O07.X087V19O08.X087V19O09),operand-renamed_same-structure,9
2048,87,20,,α.p.β|(γ.q.δ|λ.r.μ),X087V20O01.X087V20O02.X087V20O03|(X087V20O04.X087V20O05.X087V20O06|X087V20O07.X087V20O08.X087V20O09),operand-renamed_same-structure,9
2049,87,21,,α.p.β|(γ.q.δ|λ.r.μ),X087V21O01.X087V21O02.X087V21O03|(X087V21O04.X087V21O05.X087V21O06|X087V21O07.X087V21O08.X087V21O09),operand-renamed_same-structure,9
2050,87,22,,α.p.β|(γ.q.δ|λ.r.μ),X087V22O01.X087V22O02.X087V22O03|(X087V22O04.X087V22O05.X087V22O06|X087V22O07.X087V22O08.X087V22O09),operand-renamed_same-structure,9
2051,87,23,,α.p.β|(γ.q.δ|λ.r.μ),X087V23O01.X087V23O02.X087V23O03|(X087V23O04.X087V23O05.X087V23O06|X087V23O07.X087V23O08.X087V23O09),operand-renamed_same-structure,9
2052,88,1,,p(b(p1q1||p2q2||p3q3||p4q4)q) ∗1br,X088V01O01(X088V01O02(X088V01O03||X088V01O04||X088V01O05||X088V01O06)X088V01O07) ∗708800108X088V01O09,operand-renamed_same-structure,9
2053,88,2,,p(b(p1q1||p2q2||p3q3||p4q4)q) ∗1br,X088V02O01(X088V02O02(X088V02O03||X088V02O04||X088V02O05||X088V02O06)X088V02O07) ∗708800208X088V02O09,operand-renamed_same-structure,9
2054,88,3,,p(b(p1q1||p2q2||p3q3||p4q4)q) ∗1br,X088V03O01(X088V03O02(X088V03O03||X088V03O04||X088V03O05||X088V03O06)X088V03O07) ∗708800308X088V03O09,operand-renamed_same-structure,9
2055,88,4,,p(b(p1q1||p2q2||p3q3||p4q4)q) ∗1br,X088V04O01(X088V04O02(X088V04O03||X088V04O04||X088V04O05||X088V04O06)X088V04O07) ∗708800408X088V04O09,operand-renamed_same-structure,9
2056,88,5,,p(b(p1q1||p2q2||p3q3||p4q4)q) ∗1br,X088V05O01(X088V05O02(X088V05O03||X088V05O04||X088V05O05||X088V05O06)X088V05O07) ∗708800508X088V05O09,operand-renamed_same-structure,9
2057,88,6,,p(b(p1q1||p2q2||p3q3||p4q4)q) ∗1br,X088V06O01(X088V06O02(X088V06O03||X088V06O04||X088V06O05||X088V06O06)X088V06O07) ∗708800608X088V06O09,operand-renamed_same-structure,9
2058,88,7,,p(b(p1q1||p2q2||p3q3||p4q4)q) ∗1br,X088V07O01(X088V07O02(X088V07O03||X088V07O04||X088V07O05||X088V07O06)X088V07O07) ∗708800708X088V07O09,operand-renamed_same-structure,9
2059,88,8,,p(b(p1q1||p2q2||p3q3||p4q4)q) ∗1br,X088V08O01(X088V08O02(X088V08O03||X088V08O04||X088V08O05||X088V08O06)X088V08O07) ∗708800808X088V08O09,operand-renamed_same-structure,9
2060,88,9,,p(b(p1q1||p2q2||p3q3||p4q4)q) ∗1br,X088V09O01(X088V09O02(X088V09O03||X088V09O04||X088V09O05||X088V09O06)X088V09O07) ∗708800908X088V09O09,operand-renamed_same-structure,9
2061,88,10,,p(b(p1q1||p2q2||p3q3||p4q4)q) ∗1br,X088V10O01(X088V10O02(X088V10O03||X088V10O04||X088V10O05||X088V10O06)X088V10O07) ∗708801008X088V10O09,operand-renamed_same-structure,9
2062,88,11,,p(b(p1q1||p2q2||p3q3||p4q4)q) ∗1br,X088V11O01(X088V11O02(X088V11O03||X088V11O04||X088V11O05||X088V11O06)X088V11O07) ∗708801108X088V11O09,operand-renamed_same-structure,9
2063,88,12,,p(b(p1q1||p2q2||p3q3||p4q4)q) ∗1br,X088V12O01(X088V12O02(X088V12O03||X088V12O04||X088V12O05||X088V12O06)X088V12O07) ∗708801208X088V12O09,operand-renamed_same-structure,9
2064,88,13,,p(b(p1q1||p2q2||p3q3||p4q4)q) ∗1br,X088V13O01(X088V13O02(X088V13O03||X088V13O04||X088V13O05||X088V13O06)X088V13O07) ∗708801308X088V13O09,operand-renamed_same-structure,9
2065,88,14,,p(b(p1q1||p2q2||p3q3||p4q4)q) ∗1br,X088V14O01(X088V14O02(X088V14O03||X088V14O04||X088V14O05||X088V14O06)X088V14O07) ∗708801408X088V14O09,operand-renamed_same-structure,9
2066,88,15,,p(b(p1q1||p2q2||p3q3||p4q4)q) ∗1br,X088V15O01(X088V15O02(X088V15O03||X088V15O04||X088V15O05||X088V15O06)X088V15O07) ∗708801508X088V15O09,operand-renamed_same-structure,9
2067,88,16,,p(b(p1q1||p2q2||p3q3||p4q4)q) ∗1br,X088V16O01(X088V16O02(X088V16O03||X088V16O04||X088V16O05||X088V16O06)X088V16O07) ∗708801608X088V16O09,operand-renamed_same-structure,9
2068,88,17,,p(b(p1q1||p2q2||p3q3||p4q4)q) ∗1br,X088V17O01(X088V17O02(X088V17O03||X088V17O04||X088V17O05||X088V17O06)X088V17O07) ∗708801708X088V17O09,operand-renamed_same-structure,9
2069,88,18,,p(b(p1q1||p2q2||p3q3||p4q4)q) ∗1br,X088V18O01(X088V18O02(X088V18O03||X088V18O04||X088V18O05||X088V18O06)X088V18O07) ∗708801808X088V18O09,operand-renamed_same-structure,9
2070,88,19,,p(b(p1q1||p2q2||p3q3||p4q4)q) ∗1br,X088V19O01(X088V19O02(X088V19O03||X088V19O04||X088V19O05||X088V19O06)X088V19O07) ∗708801908X088V19O09,operand-renamed_same-structure,9
2071,88,20,,p(b(p1q1||p2q2||p3q3||p4q4)q) ∗1br,X088V20O01(X088V20O02(X088V20O03||X088V20O04||X088V20O05||X088V20O06)X088V20O07) ∗708802008X088V20O09,operand-renamed_same-structure,9
2072,88,21,,p(b(p1q1||p2q2||p3q3||p4q4)q) ∗1br,X088V21O01(X088V21O02(X088V21O03||X088V21O04||X088V21O05||X088V21O06)X088V21O07) ∗708802108X088V21O09,operand-renamed_same-structure,9
2073,88,22,,p(b(p1q1||p2q2||p3q3||p4q4)q) ∗1br,X088V22O01(X088V22O02(X088V22O03||X088V22O04||X088V22O05||X088V22O06)X088V22O07) ∗708802208X088V22O09,operand-renamed_same-structure,9
2074,88,23,,p(b(p1q1||p2q2||p3q3||p4q4)q) ∗1br,X088V23O01(X088V23O02(X088V23O03||X088V23O04||X088V23O05||X088V23O06)X088V23O07) ∗708802308X088V23O09,operand-renamed_same-structure,9
2075,88,24,,p(b(p1q1||p2q2||p3q3||p4q4)q) ∗1br,X088V24O01(X088V24O02(X088V24O03||X088V24O04||X088V24O05||X088V24O06)X088V24O07) ∗708802408X088V24O09,operand-renamed_same-structure,9
2076,89,1,,"(a,b)à (c,d)","(X089V01O01,X089V01O02)à (X089V01O03,X089V01O04)",operand-renamed_same-structure,4
2077,89,2,,"(a,b)à (c,d)","(X089V02O01,X089V02O02)à (X089V02O03,X089V02O04)",operand-renamed_same-structure,4
2078,89,3,,"(a,b)à (c,d)","(X089V03O01,X089V03O02)à (X089V03O03,X089V03O04)",operand-renamed_same-structure,4
2079,89,4,,"(a,b)à (c,d)","(X089V04O01,X089V04O02)à (X089V04O03,X089V04O04)",operand-renamed_same-structure,4
2080,89,5,,"(a,b)à (c,d)","(X089V05O01,X089V05O02)à (X089V05O03,X089V05O04)",operand-renamed_same-structure,4
2081,89,6,,"(a,b)à (c,d)","(X089V06O01,X089V06O02)à (X089V06O03,X089V06O04)",operand-renamed_same-structure,4
2082,89,7,,"(a,b)à (c,d)","(X089V07O01,X089V07O02)à (X089V07O03,X089V07O04)",operand-renamed_same-structure,4
2083,89,8,,"(a,b)à (c,d)","(X089V08O01,X089V08O02)à (X089V08O03,X089V08O04)",operand-renamed_same-structure,4
2084,89,9,,"(a,b)à (c,d)","(X089V09O01,X089V09O02)à (X089V09O03,X089V09O04)",operand-renamed_same-structure,4
2085,89,10,,"(a,b)à (c,d)","(X089V10O01,X089V10O02)à (X089V10O03,X089V10O04)",operand-renamed_same-structure,4
2086,89,11,,"(a,b)à (c,d)","(X089V11O01,X089V11O02)à (X089V11O03,X089V11O04)",operand-renamed_same-structure,4
2087,89,12,,"(a,b)à (c,d)","(X089V12O01,X089V12O02)à (X089V12O03,X089V12O04)",operand-renamed_same-structure,4
2088,89,13,,"(a,b)à (c,d)","(X089V13O01,X089V13O02)à (X089V13O03,X089V13O04)",operand-renamed_same-structure,4
2089,89,14,,"(a,b)à (c,d)","(X089V14O01,X089V14O02)à (X089V14O03,X089V14O04)",operand-renamed_same-structure,4
2090,89,15,,"(a,b)à (c,d)","(X089V15O01,X089V15O02)à (X089V15O03,X089V15O04)",operand-renamed_same-structure,4
2091,89,16,,"(a,b)à (c,d)","(X089V16O01,X089V16O02)à (X089V16O03,X089V16O04)",operand-renamed_same-structure,4
2092,89,17,,"(a,b)à (c,d)","(X089V17O01,X089V17O02)à (X089V17O03,X089V17O04)",operand-renamed_same-structure,4
2093,89,18,,"(a,b)à (c,d)","(X089V18O01,X089V18O02)à (X089V18O03,X089V18O04)",operand-renamed_same-structure,4
2094,89,19,,"(a,b)à (c,d)","(X089V19O01,X089V19O02)à (X089V19O03,X089V19O04)",operand-renamed_same-structure,4
2095,89,20,,"(a,b)à (c,d)","(X089V20O01,X089V20O02)à (X089V20O03,X089V20O04)",operand-renamed_same-structure,4
2096,89,21,,"(a,b)à (c,d)","(X089V21O01,X089V21O02)à (X089V21O03,X089V21O04)",operand-renamed_same-structure,4
2097,89,22,,"(a,b)à (c,d)","(X089V22O01,X089V22O02)à (X089V22O03,X089V22O04)",operand-renamed_same-structure,4
2098,89,23,,"(a,b)à (c,d)","(X089V23O01,X089V23O02)à (X089V23O03,X089V23O04)",operand-renamed_same-structure,4
2099,89,24,,"(a,b)à (c,d)","(X089V24O01,X089V24O02)à (X089V24O03,X089V24O04)",operand-renamed_same-structure,4
2100,90,1,,"(a,b) | (c,d)","(X090V01O01,X090V01O02) | (X090V01O03,X090V01O04)",operand-renamed_same-structure,4
2101,90,2,,"(a,b) | (c,d)","(X090V02O01,X090V02O02) | (X090V02O03,X090V02O04)",operand-renamed_same-structure,4
2102,90,3,,"(a,b) | (c,d)","(X090V03O01,X090V03O02) | (X090V03O03,X090V03O04)",operand-renamed_same-structure,4
2103,90,4,,"(a,b) | (c,d)","(X090V04O01,X090V04O02) | (X090V04O03,X090V04O04)",operand-renamed_same-structure,4
2104,90,5,,"(a,b) | (c,d)","(X090V05O01,X090V05O02) | (X090V05O03,X090V05O04)",operand-renamed_same-structure,4
2105,90,6,,"(a,b) | (c,d)","(X090V06O01,X090V06O02) | (X090V06O03,X090V06O04)",operand-renamed_same-structure,4
2106,90,7,,"(a,b) | (c,d)","(X090V07O01,X090V07O02) | (X090V07O03,X090V07O04)",operand-renamed_same-structure,4
2107,90,8,,"(a,b) | (c,d)","(X090V08O01,X090V08O02) | (X090V08O03,X090V08O04)",operand-renamed_same-structure,4
2108,90,9,,"(a,b) | (c,d)","(X090V09O01,X090V09O02) | (X090V09O03,X090V09O04)",operand-renamed_same-structure,4
2109,90,10,,"(a,b) | (c,d)","(X090V10O01,X090V10O02) | (X090V10O03,X090V10O04)",operand-renamed_same-structure,4
2110,90,11,,"(a,b) | (c,d)","(X090V11O01,X090V11O02) | (X090V11O03,X090V11O04)",operand-renamed_same-structure,4
2111,90,12,,"(a,b) | (c,d)","(X090V12O01,X090V12O02) | (X090V12O03,X090V12O04)",operand-renamed_same-structure,4
2112,90,13,,"(a,b) | (c,d)","(X090V13O01,X090V13O02) | (X090V13O03,X090V13O04)",operand-renamed_same-structure,4
2113,90,14,,"(a,b) | (c,d)","(X090V14O01,X090V14O02) | (X090V14O03,X090V14O04)",operand-renamed_same-structure,4
2114,90,15,,"(a,b) | (c,d)","(X090V15O01,X090V15O02) | (X090V15O03,X090V15O04)",operand-renamed_same-structure,4
2115,90,16,,"(a,b) | (c,d)","(X090V16O01,X090V16O02) | (X090V16O03,X090V16O04)",operand-renamed_same-structure,4
2116,90,17,,"(a,b) | (c,d)","(X090V17O01,X090V17O02) | (X090V17O03,X090V17O04)",operand-renamed_same-structure,4
2117,90,18,,"(a,b) | (c,d)","(X090V18O01,X090V18O02) | (X090V18O03,X090V18O04)",operand-renamed_same-structure,4
2118,90,19,,"(a,b) | (c,d)","(X090V19O01,X090V19O02) | (X090V19O03,X090V19O04)",operand-renamed_same-structure,4
2119,90,20,,"(a,b) | (c,d)","(X090V20O01,X090V20O02) | (X090V20O03,X090V20O04)",operand-renamed_same-structure,4
2120,90,21,,"(a,b) | (c,d)","(X090V21O01,X090V21O02) | (X090V21O03,X090V21O04)",operand-renamed_same-structure,4
2121,90,22,,"(a,b) | (c,d)","(X090V22O01,X090V22O02) | (X090V22O03,X090V22O04)",operand-renamed_same-structure,4
2122,90,23,,"(a,b) | (c,d)","(X090V23O01,X090V23O02) | (X090V23O03,X090V23O04)",operand-renamed_same-structure,4
2123,90,24,,"(a,b) | (c,d)","(X090V24O01,X090V24O02) | (X090V24O03,X090V24O04)",operand-renamed_same-structure,4
2124,91,1,2019-Random Test Generation from Regular Expressions for Graphical User Interface (GUI) Testing,(xy(t+z)*),(X091V01O01(X091V01O02+X091V01O03)*),operand-renamed_same-structure,3
2125,91,2,2019-Random Test Generation from Regular Expressions for Graphical User Interface (GUI) Testing,(xy(t+z)*),(X091V02O01(X091V02O02+X091V02O03)*),operand-renamed_same-structure,3
2126,91,3,2019-Random Test Generation from Regular Expressions for Graphical User Interface (GUI) Testing,(xy(t+z)*),(X091V03O01(X091V03O02+X091V03O03)*),operand-renamed_same-structure,3
2127,91,4,2019-Random Test Generation from Regular Expressions for Graphical User Interface (GUI) Testing,(xy(t+z)*),(X091V04O01(X091V04O02+X091V04O03)*),operand-renamed_same-structure,3
2128,91,5,2019-Random Test Generation from Regular Expressions for Graphical User Interface (GUI) Testing,(xy(t+z)*),(X091V05O01(X091V05O02+X091V05O03)*),operand-renamed_same-structure,3
2129,91,6,2019-Random Test Generation from Regular Expressions for Graphical User Interface (GUI) Testing,(xy(t+z)*),(X091V06O01(X091V06O02+X091V06O03)*),operand-renamed_same-structure,3
2130,91,7,2019-Random Test Generation from Regular Expressions for Graphical User Interface (GUI) Testing,(xy(t+z)*),(X091V07O01(X091V07O02+X091V07O03)*),operand-renamed_same-structure,3
2131,91,8,2019-Random Test Generation from Regular Expressions for Graphical User Interface (GUI) Testing,(xy(t+z)*),(X091V08O01(X091V08O02+X091V08O03)*),operand-renamed_same-structure,3
2132,91,9,2019-Random Test Generation from Regular Expressions for Graphical User Interface (GUI) Testing,(xy(t+z)*),(X091V09O01(X091V09O02+X091V09O03)*),operand-renamed_same-structure,3
2133,91,10,2019-Random Test Generation from Regular Expressions for Graphical User Interface (GUI) Testing,(xy(t+z)*),(X091V10O01(X091V10O02+X091V10O03)*),operand-renamed_same-structure,3
2134,91,11,2019-Random Test Generation from Regular Expressions for Graphical User Interface (GUI) Testing,(xy(t+z)*),(X091V11O01(X091V11O02+X091V11O03)*),operand-renamed_same-structure,3
2135,91,12,2019-Random Test Generation from Regular Expressions for Graphical User Interface (GUI) Testing,(xy(t+z)*),(X091V12O01(X091V12O02+X091V12O03)*),operand-renamed_same-structure,3
2136,91,13,2019-Random Test Generation from Regular Expressions for Graphical User Interface (GUI) Testing,(xy(t+z)*),(X091V13O01(X091V13O02+X091V13O03)*),operand-renamed_same-structure,3
2137,91,14,2019-Random Test Generation from Regular Expressions for Graphical User Interface (GUI) Testing,(xy(t+z)*),(X091V14O01(X091V14O02+X091V14O03)*),operand-renamed_same-structure,3
2138,91,15,2019-Random Test Generation from Regular Expressions for Graphical User Interface (GUI) Testing,(xy(t+z)*),(X091V15O01(X091V15O02+X091V15O03)*),operand-renamed_same-structure,3
2139,91,16,2019-Random Test Generation from Regular Expressions for Graphical User Interface (GUI) Testing,(xy(t+z)*),(X091V16O01(X091V16O02+X091V16O03)*),operand-renamed_same-structure,3
2140,91,17,2019-Random Test Generation from Regular Expressions for Graphical User Interface (GUI) Testing,(xy(t+z)*),(X091V17O01(X091V17O02+X091V17O03)*),operand-renamed_same-structure,3
2141,91,18,2019-Random Test Generation from Regular Expressions for Graphical User Interface (GUI) Testing,(xy(t+z)*),(X091V18O01(X091V18O02+X091V18O03)*),operand-renamed_same-structure,3
2142,91,19,2019-Random Test Generation from Regular Expressions for Graphical User Interface (GUI) Testing,(xy(t+z)*),(X091V19O01(X091V19O02+X091V19O03)*),operand-renamed_same-structure,3
2143,91,20,2019-Random Test Generation from Regular Expressions for Graphical User Interface (GUI) Testing,(xy(t+z)*),(X091V20O01(X091V20O02+X091V20O03)*),operand-renamed_same-structure,3
2144,91,21,2019-Random Test Generation from Regular Expressions for Graphical User Interface (GUI) Testing,(xy(t+z)*),(X091V21O01(X091V21O02+X091V21O03)*),operand-renamed_same-structure,3
2145,91,22,2019-Random Test Generation from Regular Expressions for Graphical User Interface (GUI) Testing,(xy(t+z)*),(X091V22O01(X091V22O02+X091V22O03)*),operand-renamed_same-structure,3
2146,91,23,2019-Random Test Generation from Regular Expressions for Graphical User Interface (GUI) Testing,(xy(t+z)*),(X091V23O01(X091V23O02+X091V23O03)*),operand-renamed_same-structure,3
2147,92,1,,(kz(u(y(xl+l)+l)+l)+ku(y(xl+l)+l)+ky(xl+l)+kxl+uyzv+uzyv+zyuv+kl+yzuv)(kz(u(y(xl+l)+l)+l)+ku(y(xl+l)+l)+ky(xl+l)+kxl+kl)*,(X092V01O01(X092V01O02(X092V01O03(X092V01O04+X092V01O05)+X092V01O05)+X092V01O05)+X092V01O06(X092V01O03(X092V01O04+X092V01O05)+X092V01O05)+X092V01O07(X092V01O04+X092V01O05)+X092V01O08+X092V01O09+X092V01O10+X092V01O11+X092V01O12+X092V01O13)(X092V01O01(X092V01O02(X092V01O03(X092V01O04+X092V01O05)+X092V01O05)+X092V01O05)+X092V01O06(X092V01O03(X092V01O04+X092V01O05)+X092V01O05)+X092V01O07(X092V01O04+X092V01O05)+X092V01O08+X092V01O12)*,operand-renamed_same-structure,13
2148,92,2,,(kz(u(y(xl+l)+l)+l)+ku(y(xl+l)+l)+ky(xl+l)+kxl+uyzv+uzyv+zyuv+kl+yzuv)(kz(u(y(xl+l)+l)+l)+ku(y(xl+l)+l)+ky(xl+l)+kxl+kl)*,(X092V02O01(X092V02O02(X092V02O03(X092V02O04+X092V02O05)+X092V02O05)+X092V02O05)+X092V02O06(X092V02O03(X092V02O04+X092V02O05)+X092V02O05)+X092V02O07(X092V02O04+X092V02O05)+X092V02O08+X092V02O09+X092V02O10+X092V02O11+X092V02O12+X092V02O13)(X092V02O01(X092V02O02(X092V02O03(X092V02O04+X092V02O05)+X092V02O05)+X092V02O05)+X092V02O06(X092V02O03(X092V02O04+X092V02O05)+X092V02O05)+X092V02O07(X092V02O04+X092V02O05)+X092V02O08+X092V02O12)*,operand-renamed_same-structure,13
2149,92,3,,(kz(u(y(xl+l)+l)+l)+ku(y(xl+l)+l)+ky(xl+l)+kxl+uyzv+uzyv+zyuv+kl+yzuv)(kz(u(y(xl+l)+l)+l)+ku(y(xl+l)+l)+ky(xl+l)+kxl+kl)*,(X092V03O01(X092V03O02(X092V03O03(X092V03O04+X092V03O05)+X092V03O05)+X092V03O05)+X092V03O06(X092V03O03(X092V03O04+X092V03O05)+X092V03O05)+X092V03O07(X092V03O04+X092V03O05)+X092V03O08+X092V03O09+X092V03O10+X092V03O11+X092V03O12+X092V03O13)(X092V03O01(X092V03O02(X092V03O03(X092V03O04+X092V03O05)+X092V03O05)+X092V03O05)+X092V03O06(X092V03O03(X092V03O04+X092V03O05)+X092V03O05)+X092V03O07(X092V03O04+X092V03O05)+X092V03O08+X092V03O12)*,operand-renamed_same-structure,13
2150,92,4,,(kz(u(y(xl+l)+l)+l)+ku(y(xl+l)+l)+ky(xl+l)+kxl+uyzv+uzyv+zyuv+kl+yzuv)(kz(u(y(xl+l)+l)+l)+ku(y(xl+l)+l)+ky(xl+l)+kxl+kl)*,(X092V04O01(X092V04O02(X092V04O03(X092V04O04+X092V04O05)+X092V04O05)+X092V04O05)+X092V04O06(X092V04O03(X092V04O04+X092V04O05)+X092V04O05)+X092V04O07(X092V04O04+X092V04O05)+X092V04O08+X092V04O09+X092V04O10+X092V04O11+X092V04O12+X092V04O13)(X092V04O01(X092V04O02(X092V04O03(X092V04O04+X092V04O05)+X092V04O05)+X092V04O05)+X092V04O06(X092V04O03(X092V04O04+X092V04O05)+X092V04O05)+X092V04O07(X092V04O04+X092V04O05)+X092V04O08+X092V04O12)*,operand-renamed_same-structure,13
2151,92,5,,(kz(u(y(xl+l)+l)+l)+ku(y(xl+l)+l)+ky(xl+l)+kxl+uyzv+uzyv+zyuv+kl+yzuv)(kz(u(y(xl+l)+l)+l)+ku(y(xl+l)+l)+ky(xl+l)+kxl+kl)*,(X092V05O01(X092V05O02(X092V05O03(X092V05O04+X092V05O05)+X092V05O05)+X092V05O05)+X092V05O06(X092V05O03(X092V05O04+X092V05O05)+X092V05O05)+X092V05O07(X092V05O04+X092V05O05)+X092V05O08+X092V05O09+X092V05O10+X092V05O11+X092V05O12+X092V05O13)(X092V05O01(X092V05O02(X092V05O03(X092V05O04+X092V05O05)+X092V05O05)+X092V05O05)+X092V05O06(X092V05O03(X092V05O04+X092V05O05)+X092V05O05)+X092V05O07(X092V05O04+X092V05O05)+X092V05O08+X092V05O12)*,operand-renamed_same-structure,13
2152,92,6,,(kz(u(y(xl+l)+l)+l)+ku(y(xl+l)+l)+ky(xl+l)+kxl+uyzv+uzyv+zyuv+kl+yzuv)(kz(u(y(xl+l)+l)+l)+ku(y(xl+l)+l)+ky(xl+l)+kxl+kl)*,(X092V06O01(X092V06O02(X092V06O03(X092V06O04+X092V06O05)+X092V06O05)+X092V06O05)+X092V06O06(X092V06O03(X092V06O04+X092V06O05)+X092V06O05)+X092V06O07(X092V06O04+X092V06O05)+X092V06O08+X092V06O09+X092V06O10+X092V06O11+X092V06O12+X092V06O13)(X092V06O01(X092V06O02(X092V06O03(X092V06O04+X092V06O05)+X092V06O05)+X092V06O05)+X092V06O06(X092V06O03(X092V06O04+X092V06O05)+X092V06O05)+X092V06O07(X092V06O04+X092V06O05)+X092V06O08+X092V06O12)*,operand-renamed_same-structure,13
2153,92,7,,(kz(u(y(xl+l)+l)+l)+ku(y(xl+l)+l)+ky(xl+l)+kxl+uyzv+uzyv+zyuv+kl+yzuv)(kz(u(y(xl+l)+l)+l)+ku(y(xl+l)+l)+ky(xl+l)+kxl+kl)*,(X092V07O01(X092V07O02(X092V07O03(X092V07O04+X092V07O05)+X092V07O05)+X092V07O05)+X092V07O06(X092V07O03(X092V07O04+X092V07O05)+X092V07O05)+X092V07O07(X092V07O04+X092V07O05)+X092V07O08+X092V07O09+X092V07O10+X092V07O11+X092V07O12+X092V07O13)(X092V07O01(X092V07O02(X092V07O03(X092V07O04+X092V07O05)+X092V07O05)+X092V07O05)+X092V07O06(X092V07O03(X092V07O04+X092V07O05)+X092V07O05)+X092V07O07(X092V07O04+X092V07O05)+X092V07O08+X092V07O12)*,operand-renamed_same-structure,13
2154,92,8,,(kz(u(y(xl+l)+l)+l)+ku(y(xl+l)+l)+ky(xl+l)+kxl+uyzv+uzyv+zyuv+kl+yzuv)(kz(u(y(xl+l)+l)+l)+ku(y(xl+l)+l)+ky(xl+l)+kxl+kl)*,(X092V08O01(X092V08O02(X092V08O03(X092V08O04+X092V08O05)+X092V08O05)+X092V08O05)+X092V08O06(X092V08O03(X092V08O04+X092V08O05)+X092V08O05)+X092V08O07(X092V08O04+X092V08O05)+X092V08O08+X092V08O09+X092V08O10+X092V08O11+X092V08O12+X092V08O13)(X092V08O01(X092V08O02(X092V08O03(X092V08O04+X092V08O05)+X092V08O05)+X092V08O05)+X092V08O06(X092V08O03(X092V08O04+X092V08O05)+X092V08O05)+X092V08O07(X092V08O04+X092V08O05)+X092V08O08+X092V08O12)*,operand-renamed_same-structure,13
2155,92,9,,(kz(u(y(xl+l)+l)+l)+ku(y(xl+l)+l)+ky(xl+l)+kxl+uyzv+uzyv+zyuv+kl+yzuv)(kz(u(y(xl+l)+l)+l)+ku(y(xl+l)+l)+ky(xl+l)+kxl+kl)*,(X092V09O01(X092V09O02(X092V09O03(X092V09O04+X092V09O05)+X092V09O05)+X092V09O05)+X092V09O06(X092V09O03(X092V09O04+X092V09O05)+X092V09O05)+X092V09O07(X092V09O04+X092V09O05)+X092V09O08+X092V09O09+X092V09O10+X092V09O11+X092V09O12+X092V09O13)(X092V09O01(X092V09O02(X092V09O03(X092V09O04+X092V09O05)+X092V09O05)+X092V09O05)+X092V09O06(X092V09O03(X092V09O04+X092V09O05)+X092V09O05)+X092V09O07(X092V09O04+X092V09O05)+X092V09O08+X092V09O12)*,operand-renamed_same-structure,13
2156,92,10,,(kz(u(y(xl+l)+l)+l)+ku(y(xl+l)+l)+ky(xl+l)+kxl+uyzv+uzyv+zyuv+kl+yzuv)(kz(u(y(xl+l)+l)+l)+ku(y(xl+l)+l)+ky(xl+l)+kxl+kl)*,(X092V10O01(X092V10O02(X092V10O03(X092V10O04+X092V10O05)+X092V10O05)+X092V10O05)+X092V10O06(X092V10O03(X092V10O04+X092V10O05)+X092V10O05)+X092V10O07(X092V10O04+X092V10O05)+X092V10O08+X092V10O09+X092V10O10+X092V10O11+X092V10O12+X092V10O13)(X092V10O01(X092V10O02(X092V10O03(X092V10O04+X092V10O05)+X092V10O05)+X092V10O05)+X092V10O06(X092V10O03(X092V10O04+X092V10O05)+X092V10O05)+X092V10O07(X092V10O04+X092V10O05)+X092V10O08+X092V10O12)*,operand-renamed_same-structure,13
2157,92,11,,(kz(u(y(xl+l)+l)+l)+ku(y(xl+l)+l)+ky(xl+l)+kxl+uyzv+uzyv+zyuv+kl+yzuv)(kz(u(y(xl+l)+l)+l)+ku(y(xl+l)+l)+ky(xl+l)+kxl+kl)*,(X092V11O01(X092V11O02(X092V11O03(X092V11O04+X092V11O05)+X092V11O05)+X092V11O05)+X092V11O06(X092V11O03(X092V11O04+X092V11O05)+X092V11O05)+X092V11O07(X092V11O04+X092V11O05)+X092V11O08+X092V11O09+X092V11O10+X092V11O11+X092V11O12+X092V11O13)(X092V11O01(X092V11O02(X092V11O03(X092V11O04+X092V11O05)+X092V11O05)+X092V11O05)+X092V11O06(X092V11O03(X092V11O04+X092V11O05)+X092V11O05)+X092V11O07(X092V11O04+X092V11O05)+X092V11O08+X092V11O12)*,operand-renamed_same-structure,13
2158,92,12,,(kz(u(y(xl+l)+l)+l)+ku(y(xl+l)+l)+ky(xl+l)+kxl+uyzv+uzyv+zyuv+kl+yzuv)(kz(u(y(xl+l)+l)+l)+ku(y(xl+l)+l)+ky(xl+l)+kxl+kl)*,(X092V12O01(X092V12O02(X092V12O03(X092V12O04+X092V12O05)+X092V12O05)+X092V12O05)+X092V12O06(X092V12O03(X092V12O04+X092V12O05)+X092V12O05)+X092V12O07(X092V12O04+X092V12O05)+X092V12O08+X092V12O09+X092V12O10+X092V12O11+X092V12O12+X092V12O13)(X092V12O01(X092V12O02(X092V12O03(X092V12O04+X092V12O05)+X092V12O05)+X092V12O05)+X092V12O06(X092V12O03(X092V12O04+X092V12O05)+X092V12O05)+X092V12O07(X092V12O04+X092V12O05)+X092V12O08+X092V12O12)*,operand-renamed_same-structure,13
2159,92,13,,(kz(u(y(xl+l)+l)+l)+ku(y(xl+l)+l)+ky(xl+l)+kxl+uyzv+uzyv+zyuv+kl+yzuv)(kz(u(y(xl+l)+l)+l)+ku(y(xl+l)+l)+ky(xl+l)+kxl+kl)*,(X092V13O01(X092V13O02(X092V13O03(X092V13O04+X092V13O05)+X092V13O05)+X092V13O05)+X092V13O06(X092V13O03(X092V13O04+X092V13O05)+X092V13O05)+X092V13O07(X092V13O04+X092V13O05)+X092V13O08+X092V13O09+X092V13O10+X092V13O11+X092V13O12+X092V13O13)(X092V13O01(X092V13O02(X092V13O03(X092V13O04+X092V13O05)+X092V13O05)+X092V13O05)+X092V13O06(X092V13O03(X092V13O04+X092V13O05)+X092V13O05)+X092V13O07(X092V13O04+X092V13O05)+X092V13O08+X092V13O12)*,operand-renamed_same-structure,13
2160,92,14,,(kz(u(y(xl+l)+l)+l)+ku(y(xl+l)+l)+ky(xl+l)+kxl+uyzv+uzyv+zyuv+kl+yzuv)(kz(u(y(xl+l)+l)+l)+ku(y(xl+l)+l)+ky(xl+l)+kxl+kl)*,(X092V14O01(X092V14O02(X092V14O03(X092V14O04+X092V14O05)+X092V14O05)+X092V14O05)+X092V14O06(X092V14O03(X092V14O04+X092V14O05)+X092V14O05)+X092V14O07(X092V14O04+X092V14O05)+X092V14O08+X092V14O09+X092V14O10+X092V14O11+X092V14O12+X092V14O13)(X092V14O01(X092V14O02(X092V14O03(X092V14O04+X092V14O05)+X092V14O05)+X092V14O05)+X092V14O06(X092V14O03(X092V14O04+X092V14O05)+X092V14O05)+X092V14O07(X092V14O04+X092V14O05)+X092V14O08+X092V14O12)*,operand-renamed_same-structure,13
2161,92,15,,(kz(u(y(xl+l)+l)+l)+ku(y(xl+l)+l)+ky(xl+l)+kxl+uyzv+uzyv+zyuv+kl+yzuv)(kz(u(y(xl+l)+l)+l)+ku(y(xl+l)+l)+ky(xl+l)+kxl+kl)*,(X092V15O01(X092V15O02(X092V15O03(X092V15O04+X092V15O05)+X092V15O05)+X092V15O05)+X092V15O06(X092V15O03(X092V15O04+X092V15O05)+X092V15O05)+X092V15O07(X092V15O04+X092V15O05)+X092V15O08+X092V15O09+X092V15O10+X092V15O11+X092V15O12+X092V15O13)(X092V15O01(X092V15O02(X092V15O03(X092V15O04+X092V15O05)+X092V15O05)+X092V15O05)+X092V15O06(X092V15O03(X092V15O04+X092V15O05)+X092V15O05)+X092V15O07(X092V15O04+X092V15O05)+X092V15O08+X092V15O12)*,operand-renamed_same-structure,13
2162,92,16,,(kz(u(y(xl+l)+l)+l)+ku(y(xl+l)+l)+ky(xl+l)+kxl+uyzv+uzyv+zyuv+kl+yzuv)(kz(u(y(xl+l)+l)+l)+ku(y(xl+l)+l)+ky(xl+l)+kxl+kl)*,(X092V16O01(X092V16O02(X092V16O03(X092V16O04+X092V16O05)+X092V16O05)+X092V16O05)+X092V16O06(X092V16O03(X092V16O04+X092V16O05)+X092V16O05)+X092V16O07(X092V16O04+X092V16O05)+X092V16O08+X092V16O09+X092V16O10+X092V16O11+X092V16O12+X092V16O13)(X092V16O01(X092V16O02(X092V16O03(X092V16O04+X092V16O05)+X092V16O05)+X092V16O05)+X092V16O06(X092V16O03(X092V16O04+X092V16O05)+X092V16O05)+X092V16O07(X092V16O04+X092V16O05)+X092V16O08+X092V16O12)*,operand-renamed_same-structure,13
2163,92,17,,(kz(u(y(xl+l)+l)+l)+ku(y(xl+l)+l)+ky(xl+l)+kxl+uyzv+uzyv+zyuv+kl+yzuv)(kz(u(y(xl+l)+l)+l)+ku(y(xl+l)+l)+ky(xl+l)+kxl+kl)*,(X092V17O01(X092V17O02(X092V17O03(X092V17O04+X092V17O05)+X092V17O05)+X092V17O05)+X092V17O06(X092V17O03(X092V17O04+X092V17O05)+X092V17O05)+X092V17O07(X092V17O04+X092V17O05)+X092V17O08+X092V17O09+X092V17O10+X092V17O11+X092V17O12+X092V17O13)(X092V17O01(X092V17O02(X092V17O03(X092V17O04+X092V17O05)+X092V17O05)+X092V17O05)+X092V17O06(X092V17O03(X092V17O04+X092V17O05)+X092V17O05)+X092V17O07(X092V17O04+X092V17O05)+X092V17O08+X092V17O12)*,operand-renamed_same-structure,13
2164,92,18,,(kz(u(y(xl+l)+l)+l)+ku(y(xl+l)+l)+ky(xl+l)+kxl+uyzv+uzyv+zyuv+kl+yzuv)(kz(u(y(xl+l)+l)+l)+ku(y(xl+l)+l)+ky(xl+l)+kxl+kl)*,(X092V18O01(X092V18O02(X092V18O03(X092V18O04+X092V18O05)+X092V18O05)+X092V18O05)+X092V18O06(X092V18O03(X092V18O04+X092V18O05)+X092V18O05)+X092V18O07(X092V18O04+X092V18O05)+X092V18O08+X092V18O09+X092V18O10+X092V18O11+X092V18O12+X092V18O13)(X092V18O01(X092V18O02(X092V18O03(X092V18O04+X092V18O05)+X092V18O05)+X092V18O05)+X092V18O06(X092V18O03(X092V18O04+X092V18O05)+X092V18O05)+X092V18O07(X092V18O04+X092V18O05)+X092V18O08+X092V18O12)*,operand-renamed_same-structure,13
2165,92,19,,(kz(u(y(xl+l)+l)+l)+ku(y(xl+l)+l)+ky(xl+l)+kxl+uyzv+uzyv+zyuv+kl+yzuv)(kz(u(y(xl+l)+l)+l)+ku(y(xl+l)+l)+ky(xl+l)+kxl+kl)*,(X092V19O01(X092V19O02(X092V19O03(X092V19O04+X092V19O05)+X092V19O05)+X092V19O05)+X092V19O06(X092V19O03(X092V19O04+X092V19O05)+X092V19O05)+X092V19O07(X092V19O04+X092V19O05)+X092V19O08+X092V19O09+X092V19O10+X092V19O11+X092V19O12+X092V19O13)(X092V19O01(X092V19O02(X092V19O03(X092V19O04+X092V19O05)+X092V19O05)+X092V19O05)+X092V19O06(X092V19O03(X092V19O04+X092V19O05)+X092V19O05)+X092V19O07(X092V19O04+X092V19O05)+X092V19O08+X092V19O12)*,operand-renamed_same-structure,13
2166,92,20,,(kz(u(y(xl+l)+l)+l)+ku(y(xl+l)+l)+ky(xl+l)+kxl+uyzv+uzyv+zyuv+kl+yzuv)(kz(u(y(xl+l)+l)+l)+ku(y(xl+l)+l)+ky(xl+l)+kxl+kl)*,(X092V20O01(X092V20O02(X092V20O03(X092V20O04+X092V20O05)+X092V20O05)+X092V20O05)+X092V20O06(X092V20O03(X092V20O04+X092V20O05)+X092V20O05)+X092V20O07(X092V20O04+X092V20O05)+X092V20O08+X092V20O09+X092V20O10+X092V20O11+X092V20O12+X092V20O13)(X092V20O01(X092V20O02(X092V20O03(X092V20O04+X092V20O05)+X092V20O05)+X092V20O05)+X092V20O06(X092V20O03(X092V20O04+X092V20O05)+X092V20O05)+X092V20O07(X092V20O04+X092V20O05)+X092V20O08+X092V20O12)*,operand-renamed_same-structure,13
2167,92,21,,(kz(u(y(xl+l)+l)+l)+ku(y(xl+l)+l)+ky(xl+l)+kxl+uyzv+uzyv+zyuv+kl+yzuv)(kz(u(y(xl+l)+l)+l)+ku(y(xl+l)+l)+ky(xl+l)+kxl+kl)*,(X092V21O01(X092V21O02(X092V21O03(X092V21O04+X092V21O05)+X092V21O05)+X092V21O05)+X092V21O06(X092V21O03(X092V21O04+X092V21O05)+X092V21O05)+X092V21O07(X092V21O04+X092V21O05)+X092V21O08+X092V21O09+X092V21O10+X092V21O11+X092V21O12+X092V21O13)(X092V21O01(X092V21O02(X092V21O03(X092V21O04+X092V21O05)+X092V21O05)+X092V21O05)+X092V21O06(X092V21O03(X092V21O04+X092V21O05)+X092V21O05)+X092V21O07(X092V21O04+X092V21O05)+X092V21O08+X092V21O12)*,operand-renamed_same-structure,13
2168,92,22,,(kz(u(y(xl+l)+l)+l)+ku(y(xl+l)+l)+ky(xl+l)+kxl+uyzv+uzyv+zyuv+kl+yzuv)(kz(u(y(xl+l)+l)+l)+ku(y(xl+l)+l)+ky(xl+l)+kxl+kl)*,(X092V22O01(X092V22O02(X092V22O03(X092V22O04+X092V22O05)+X092V22O05)+X092V22O05)+X092V22O06(X092V22O03(X092V22O04+X092V22O05)+X092V22O05)+X092V22O07(X092V22O04+X092V22O05)+X092V22O08+X092V22O09+X092V22O10+X092V22O11+X092V22O12+X092V22O13)(X092V22O01(X092V22O02(X092V22O03(X092V22O04+X092V22O05)+X092V22O05)+X092V22O05)+X092V22O06(X092V22O03(X092V22O04+X092V22O05)+X092V22O05)+X092V22O07(X092V22O04+X092V22O05)+X092V22O08+X092V22O12)*,operand-renamed_same-structure,13
2169,92,23,,(kz(u(y(xl+l)+l)+l)+ku(y(xl+l)+l)+ky(xl+l)+kxl+uyzv+uzyv+zyuv+kl+yzuv)(kz(u(y(xl+l)+l)+l)+ku(y(xl+l)+l)+ky(xl+l)+kxl+kl)*,(X092V23O01(X092V23O02(X092V23O03(X092V23O04+X092V23O05)+X092V23O05)+X092V23O05)+X092V23O06(X092V23O03(X092V23O04+X092V23O05)+X092V23O05)+X092V23O07(X092V23O04+X092V23O05)+X092V23O08+X092V23O09+X092V23O10+X092V23O11+X092V23O12+X092V23O13)(X092V23O01(X092V23O02(X092V23O03(X092V23O04+X092V23O05)+X092V23O05)+X092V23O05)+X092V23O06(X092V23O03(X092V23O04+X092V23O05)+X092V23O05)+X092V23O07(X092V23O04+X092V23O05)+X092V23O08+X092V23O12)*,operand-renamed_same-structure,13
2170,93,1,2004-An Event Detection Algebra for Reactive Systems,A∨(B∨C),X093V01O01∨(X093V01O02∨X093V01O03),operand-renamed_same-structure,3
2171,93,2,2004-An Event Detection Algebra for Reactive Systems,A∨(B∨C),X093V02O01∨(X093V02O02∨X093V02O03),operand-renamed_same-structure,3
2172,93,3,2004-An Event Detection Algebra for Reactive Systems,A∨(B∨C),X093V03O01∨(X093V03O02∨X093V03O03),operand-renamed_same-structure,3
2173,93,4,2004-An Event Detection Algebra for Reactive Systems,A∨(B∨C),X093V04O01∨(X093V04O02∨X093V04O03),operand-renamed_same-structure,3
2174,93,5,2004-An Event Detection Algebra for Reactive Systems,A∨(B∨C),X093V05O01∨(X093V05O02∨X093V05O03),operand-renamed_same-structure,3
2175,93,6,2004-An Event Detection Algebra for Reactive Systems,A∨(B∨C),X093V06O01∨(X093V06O02∨X093V06O03),operand-renamed_same-structure,3
2176,93,7,2004-An Event Detection Algebra for Reactive Systems,A∨(B∨C),X093V07O01∨(X093V07O02∨X093V07O03),operand-renamed_same-structure,3
2177,93,8,2004-An Event Detection Algebra for Reactive Systems,A∨(B∨C),X093V08O01∨(X093V08O02∨X093V08O03),operand-renamed_same-structure,3
2178,93,9,2004-An Event Detection Algebra for Reactive Systems,A∨(B∨C),X093V09O01∨(X093V09O02∨X093V09O03),operand-renamed_same-structure,3
2179,93,10,2004-An Event Detection Algebra for Reactive Systems,A∨(B∨C),X093V10O01∨(X093V10O02∨X093V10O03),operand-renamed_same-structure,3
2180,93,11,2004-An Event Detection Algebra for Reactive Systems,A∨(B∨C),X093V11O01∨(X093V11O02∨X093V11O03),operand-renamed_same-structure,3
2181,93,12,2004-An Event Detection Algebra for Reactive Systems,A∨(B∨C),X093V12O01∨(X093V12O02∨X093V12O03),operand-renamed_same-structure,3
2182,93,13,2004-An Event Detection Algebra for Reactive Systems,A∨(B∨C),X093V13O01∨(X093V13O02∨X093V13O03),operand-renamed_same-structure,3
2183,93,14,2004-An Event Detection Algebra for Reactive Systems,A∨(B∨C),X093V14O01∨(X093V14O02∨X093V14O03),operand-renamed_same-structure,3
2184,93,15,2004-An Event Detection Algebra for Reactive Systems,A∨(B∨C),X093V15O01∨(X093V15O02∨X093V15O03),operand-renamed_same-structure,3
2185,93,16,2004-An Event Detection Algebra for Reactive Systems,A∨(B∨C),X093V16O01∨(X093V16O02∨X093V16O03),operand-renamed_same-structure,3
2186,93,17,2004-An Event Detection Algebra for Reactive Systems,A∨(B∨C),X093V17O01∨(X093V17O02∨X093V17O03),operand-renamed_same-structure,3
2187,93,18,2004-An Event Detection Algebra for Reactive Systems,A∨(B∨C),X093V18O01∨(X093V18O02∨X093V18O03),operand-renamed_same-structure,3
2188,93,19,2004-An Event Detection Algebra for Reactive Systems,A∨(B∨C),X093V19O01∨(X093V19O02∨X093V19O03),operand-renamed_same-structure,3
2189,93,20,2004-An Event Detection Algebra for Reactive Systems,A∨(B∨C),X093V20O01∨(X093V20O02∨X093V20O03),operand-renamed_same-structure,3
2190,93,21,2004-An Event Detection Algebra for Reactive Systems,A∨(B∨C),X093V21O01∨(X093V21O02∨X093V21O03),operand-renamed_same-structure,3
2191,93,22,2004-An Event Detection Algebra for Reactive Systems,A∨(B∨C),X093V22O01∨(X093V22O02∨X093V22O03),operand-renamed_same-structure,3
2192,93,23,2004-An Event Detection Algebra for Reactive Systems,A∨(B∨C),X093V23O01∨(X093V23O02∨X093V23O03),operand-renamed_same-structure,3
2193,93,24,2004-An Event Detection Algebra for Reactive Systems,A∨(B∨C),X093V24O01∨(X093V24O02∨X093V24O03),operand-renamed_same-structure,3
2194,94,1,,(A∨B)∨C,(X094V01O01∨X094V01O02)∨X094V01O03,operand-renamed_same-structure,3
2195,94,2,,(A∨B)∨C,(X094V02O01∨X094V02O02)∨X094V02O03,operand-renamed_same-structure,3
2196,94,3,,(A∨B)∨C,(X094V03O01∨X094V03O02)∨X094V03O03,operand-renamed_same-structure,3
2197,94,4,,(A∨B)∨C,(X094V04O01∨X094V04O02)∨X094V04O03,operand-renamed_same-structure,3
2198,94,5,,(A∨B)∨C,(X094V05O01∨X094V05O02)∨X094V05O03,operand-renamed_same-structure,3
2199,94,6,,(A∨B)∨C,(X094V06O01∨X094V06O02)∨X094V06O03,operand-renamed_same-structure,3
2200,94,7,,(A∨B)∨C,(X094V07O01∨X094V07O02)∨X094V07O03,operand-renamed_same-structure,3
2201,94,8,,(A∨B)∨C,(X094V08O01∨X094V08O02)∨X094V08O03,operand-renamed_same-structure,3
2202,94,9,,(A∨B)∨C,(X094V09O01∨X094V09O02)∨X094V09O03,operand-renamed_same-structure,3
2203,94,10,,(A∨B)∨C,(X094V10O01∨X094V10O02)∨X094V10O03,operand-renamed_same-structure,3
2204,94,11,,(A∨B)∨C,(X094V11O01∨X094V11O02)∨X094V11O03,operand-renamed_same-structure,3
2205,94,12,,(A∨B)∨C,(X094V12O01∨X094V12O02)∨X094V12O03,operand-renamed_same-structure,3
2206,94,13,,(A∨B)∨C,(X094V13O01∨X094V13O02)∨X094V13O03,operand-renamed_same-structure,3
2207,94,14,,(A∨B)∨C,(X094V14O01∨X094V14O02)∨X094V14O03,operand-renamed_same-structure,3
2208,94,15,,(A∨B)∨C,(X094V15O01∨X094V15O02)∨X094V15O03,operand-renamed_same-structure,3
2209,94,16,,(A∨B)∨C,(X094V16O01∨X094V16O02)∨X094V16O03,operand-renamed_same-structure,3
2210,94,17,,(A∨B)∨C,(X094V17O01∨X094V17O02)∨X094V17O03,operand-renamed_same-structure,3
2211,94,18,,(A∨B)∨C,(X094V18O01∨X094V18O02)∨X094V18O03,operand-renamed_same-structure,3
2212,94,19,,(A∨B)∨C,(X094V19O01∨X094V19O02)∨X094V19O03,operand-renamed_same-structure,3
2213,94,20,,(A∨B)∨C,(X094V20O01∨X094V20O02)∨X094V20O03,operand-renamed_same-structure,3
2214,94,21,,(A∨B)∨C,(X094V21O01∨X094V21O02)∨X094V21O03,operand-renamed_same-structure,3
2215,94,22,,(A∨B)∨C,(X094V22O01∨X094V22O02)∨X094V22O03,operand-renamed_same-structure,3
2216,94,23,,(A∨B)∨C,(X094V23O01∨X094V23O02)∨X094V23O03,operand-renamed_same-structure,3
2217,94,24,,(A∨B)∨C,(X094V24O01∨X094V24O02)∨X094V24O03,operand-renamed_same-structure,3
2218,95,1,,A+(B+C),X095V01O01+(X095V01O02+X095V01O03),operand-renamed_same-structure,3
2219,95,2,,A+(B+C),X095V02O01+(X095V02O02+X095V02O03),operand-renamed_same-structure,3
2220,95,3,,A+(B+C),X095V03O01+(X095V03O02+X095V03O03),operand-renamed_same-structure,3
2221,95,4,,A+(B+C),X095V04O01+(X095V04O02+X095V04O03),operand-renamed_same-structure,3
2222,95,5,,A+(B+C),X095V05O01+(X095V05O02+X095V05O03),operand-renamed_same-structure,3
2223,95,6,,A+(B+C),X095V06O01+(X095V06O02+X095V06O03),operand-renamed_same-structure,3
2224,95,7,,A+(B+C),X095V07O01+(X095V07O02+X095V07O03),operand-renamed_same-structure,3
2225,95,8,,A+(B+C),X095V08O01+(X095V08O02+X095V08O03),operand-renamed_same-structure,3
2226,95,9,,A+(B+C),X095V09O01+(X095V09O02+X095V09O03),operand-renamed_same-structure,3
2227,95,10,,A+(B+C),X095V10O01+(X095V10O02+X095V10O03),operand-renamed_same-structure,3
2228,95,11,,A+(B+C),X095V11O01+(X095V11O02+X095V11O03),operand-renamed_same-structure,3
2229,95,12,,A+(B+C),X095V12O01+(X095V12O02+X095V12O03),operand-renamed_same-structure,3
2230,95,13,,A+(B+C),X095V13O01+(X095V13O02+X095V13O03),operand-renamed_same-structure,3
2231,95,14,,A+(B+C),X095V14O01+(X095V14O02+X095V14O03),operand-renamed_same-structure,3
2232,95,15,,A+(B+C),X095V15O01+(X095V15O02+X095V15O03),operand-renamed_same-structure,3
2233,95,16,,A+(B+C),X095V16O01+(X095V16O02+X095V16O03),operand-renamed_same-structure,3
2234,95,17,,A+(B+C),X095V17O01+(X095V17O02+X095V17O03),operand-renamed_same-structure,3
2235,95,18,,A+(B+C),X095V18O01+(X095V18O02+X095V18O03),operand-renamed_same-structure,3
2236,95,19,,A+(B+C),X095V19O01+(X095V19O02+X095V19O03),operand-renamed_same-structure,3
2237,95,20,,A+(B+C),X095V20O01+(X095V20O02+X095V20O03),operand-renamed_same-structure,3
2238,95,21,,A+(B+C),X095V21O01+(X095V21O02+X095V21O03),operand-renamed_same-structure,3
2239,95,22,,A+(B+C),X095V22O01+(X095V22O02+X095V22O03),operand-renamed_same-structure,3
2240,95,23,,A+(B+C),X095V23O01+(X095V23O02+X095V23O03),operand-renamed_same-structure,3
2241,95,24,,A+(B+C),X095V24O01+(X095V24O02+X095V24O03),operand-renamed_same-structure,3
2242,96,1,,(A+B)+C,(X096V01O01+X096V01O02)+X096V01O03,operand-renamed_same-structure,3
2243,96,2,,(A+B)+C,(X096V02O01+X096V02O02)+X096V02O03,operand-renamed_same-structure,3
2244,96,3,,(A+B)+C,(X096V03O01+X096V03O02)+X096V03O03,operand-renamed_same-structure,3
2245,96,4,,(A+B)+C,(X096V04O01+X096V04O02)+X096V04O03,operand-renamed_same-structure,3
2246,96,5,,(A+B)+C,(X096V05O01+X096V05O02)+X096V05O03,operand-renamed_same-structure,3
2247,96,6,,(A+B)+C,(X096V06O01+X096V06O02)+X096V06O03,operand-renamed_same-structure,3
2248,96,7,,(A+B)+C,(X096V07O01+X096V07O02)+X096V07O03,operand-renamed_same-structure,3
2249,96,8,,(A+B)+C,(X096V08O01+X096V08O02)+X096V08O03,operand-renamed_same-structure,3
2250,96,9,,(A+B)+C,(X096V09O01+X096V09O02)+X096V09O03,operand-renamed_same-structure,3
2251,96,10,,(A+B)+C,(X096V10O01+X096V10O02)+X096V10O03,operand-renamed_same-structure,3
2252,96,11,,(A+B)+C,(X096V11O01+X096V11O02)+X096V11O03,operand-renamed_same-structure,3
2253,96,12,,(A+B)+C,(X096V12O01+X096V12O02)+X096V12O03,operand-renamed_same-structure,3
2254,96,13,,(A+B)+C,(X096V13O01+X096V13O02)+X096V13O03,operand-renamed_same-structure,3
2255,96,14,,(A+B)+C,(X096V14O01+X096V14O02)+X096V14O03,operand-renamed_same-structure,3
2256,96,15,,(A+B)+C,(X096V15O01+X096V15O02)+X096V15O03,operand-renamed_same-structure,3
2257,96,16,,(A+B)+C,(X096V16O01+X096V16O02)+X096V16O03,operand-renamed_same-structure,3
2258,96,17,,(A+B)+C,(X096V17O01+X096V17O02)+X096V17O03,operand-renamed_same-structure,3
2259,96,18,,(A+B)+C,(X096V18O01+X096V18O02)+X096V18O03,operand-renamed_same-structure,3
2260,96,19,,(A+B)+C,(X096V19O01+X096V19O02)+X096V19O03,operand-renamed_same-structure,3
2261,96,20,,(A+B)+C,(X096V20O01+X096V20O02)+X096V20O03,operand-renamed_same-structure,3
2262,96,21,,(A+B)+C,(X096V21O01+X096V21O02)+X096V21O03,operand-renamed_same-structure,3
2263,96,22,,(A+B)+C,(X096V22O01+X096V22O02)+X096V22O03,operand-renamed_same-structure,3
2264,96,23,,(A+B)+C,(X096V23O01+X096V23O02)+X096V23O03,operand-renamed_same-structure,3
2265,96,24,,(A+B)+C,(X096V24O01+X096V24O02)+X096V24O03,operand-renamed_same-structure,3
2266,97,1,,A;(B;C),X097V01O01;(X097V01O02;X097V01O03),operand-renamed_same-structure,3
2267,97,2,,A;(B;C),X097V02O01;(X097V02O02;X097V02O03),operand-renamed_same-structure,3
2268,97,3,,A;(B;C),X097V03O01;(X097V03O02;X097V03O03),operand-renamed_same-structure,3
2269,97,4,,A;(B;C),X097V04O01;(X097V04O02;X097V04O03),operand-renamed_same-structure,3
2270,97,5,,A;(B;C),X097V05O01;(X097V05O02;X097V05O03),operand-renamed_same-structure,3
2271,97,6,,A;(B;C),X097V06O01;(X097V06O02;X097V06O03),operand-renamed_same-structure,3
2272,97,7,,A;(B;C),X097V07O01;(X097V07O02;X097V07O03),operand-renamed_same-structure,3
2273,97,8,,A;(B;C),X097V08O01;(X097V08O02;X097V08O03),operand-renamed_same-structure,3
2274,97,9,,A;(B;C),X097V09O01;(X097V09O02;X097V09O03),operand-renamed_same-structure,3
2275,97,10,,A;(B;C),X097V10O01;(X097V10O02;X097V10O03),operand-renamed_same-structure,3
2276,97,11,,A;(B;C),X097V11O01;(X097V11O02;X097V11O03),operand-renamed_same-structure,3
2277,97,12,,A;(B;C),X097V12O01;(X097V12O02;X097V12O03),operand-renamed_same-structure,3
2278,97,13,,A;(B;C),X097V13O01;(X097V13O02;X097V13O03),operand-renamed_same-structure,3
2279,97,14,,A;(B;C),X097V14O01;(X097V14O02;X097V14O03),operand-renamed_same-structure,3
2280,97,15,,A;(B;C),X097V15O01;(X097V15O02;X097V15O03),operand-renamed_same-structure,3
2281,97,16,,A;(B;C),X097V16O01;(X097V16O02;X097V16O03),operand-renamed_same-structure,3
2282,97,17,,A;(B;C),X097V17O01;(X097V17O02;X097V17O03),operand-renamed_same-structure,3
2283,97,18,,A;(B;C),X097V18O01;(X097V18O02;X097V18O03),operand-renamed_same-structure,3
2284,97,19,,A;(B;C),X097V19O01;(X097V19O02;X097V19O03),operand-renamed_same-structure,3
2285,97,20,,A;(B;C),X097V20O01;(X097V20O02;X097V20O03),operand-renamed_same-structure,3
2286,97,21,,A;(B;C),X097V21O01;(X097V21O02;X097V21O03),operand-renamed_same-structure,3
2287,97,22,,A;(B;C),X097V22O01;(X097V22O02;X097V22O03),operand-renamed_same-structure,3
2288,97,23,,A;(B;C),X097V23O01;(X097V23O02;X097V23O03),operand-renamed_same-structure,3
2289,98,1,,(A;B);C,(X098V01O01;X098V01O02);X098V01O03,operand-renamed_same-structure,3
2290,98,2,,(A;B);C,(X098V02O01;X098V02O02);X098V02O03,operand-renamed_same-structure,3
2291,98,3,,(A;B);C,(X098V03O01;X098V03O02);X098V03O03,operand-renamed_same-structure,3
2292,98,4,,(A;B);C,(X098V04O01;X098V04O02);X098V04O03,operand-renamed_same-structure,3
2293,98,5,,(A;B);C,(X098V05O01;X098V05O02);X098V05O03,operand-renamed_same-structure,3
2294,98,6,,(A;B);C,(X098V06O01;X098V06O02);X098V06O03,operand-renamed_same-structure,3
2295,98,7,,(A;B);C,(X098V07O01;X098V07O02);X098V07O03,operand-renamed_same-structure,3
2296,98,8,,(A;B);C,(X098V08O01;X098V08O02);X098V08O03,operand-renamed_same-structure,3
2297,98,9,,(A;B);C,(X098V09O01;X098V09O02);X098V09O03,operand-renamed_same-structure,3
2298,98,10,,(A;B);C,(X098V10O01;X098V10O02);X098V10O03,operand-renamed_same-structure,3
2299,98,11,,(A;B);C,(X098V11O01;X098V11O02);X098V11O03,operand-renamed_same-structure,3
2300,98,12,,(A;B);C,(X098V12O01;X098V12O02);X098V12O03,operand-renamed_same-structure,3
2301,98,13,,(A;B);C,(X098V13O01;X098V13O02);X098V13O03,operand-renamed_same-structure,3
2302,98,14,,(A;B);C,(X098V14O01;X098V14O02);X098V14O03,operand-renamed_same-structure,3
2303,98,15,,(A;B);C,(X098V15O01;X098V15O02);X098V15O03,operand-renamed_same-structure,3
2304,98,16,,(A;B);C,(X098V16O01;X098V16O02);X098V16O03,operand-renamed_same-structure,3
2305,98,17,,(A;B);C,(X098V17O01;X098V17O02);X098V17O03,operand-renamed_same-structure,3
2306,98,18,,(A;B);C,(X098V18O01;X098V18O02);X098V18O03,operand-renamed_same-structure,3
2307,98,19,,(A;B);C,(X098V19O01;X098V19O02);X098V19O03,operand-renamed_same-structure,3
2308,98,20,,(A;B);C,(X098V20O01;X098V20O02);X098V20O03,operand-renamed_same-structure,3
2309,98,21,,(A;B);C,(X098V21O01;X098V21O02);X098V21O03,operand-renamed_same-structure,3
2310,98,22,,(A;B);C,(X098V22O01;X098V22O02);X098V22O03,operand-renamed_same-structure,3
2311,98,23,,(A;B);C,(X098V23O01;X098V23O02);X098V23O03,operand-renamed_same-structure,3
2312,99,1,,(A∨B)+C,(X099V01O01∨X099V01O02)+X099V01O03,operand-renamed_same-structure,3
2313,99,2,,(A∨B)+C,(X099V02O01∨X099V02O02)+X099V02O03,operand-renamed_same-structure,3
2314,99,3,,(A∨B)+C,(X099V03O01∨X099V03O02)+X099V03O03,operand-renamed_same-structure,3
2315,99,4,,(A∨B)+C,(X099V04O01∨X099V04O02)+X099V04O03,operand-renamed_same-structure,3
2316,99,5,,(A∨B)+C,(X099V05O01∨X099V05O02)+X099V05O03,operand-renamed_same-structure,3
2317,99,6,,(A∨B)+C,(X099V06O01∨X099V06O02)+X099V06O03,operand-renamed_same-structure,3
2318,99,7,,(A∨B)+C,(X099V07O01∨X099V07O02)+X099V07O03,operand-renamed_same-structure,3
2319,99,8,,(A∨B)+C,(X099V08O01∨X099V08O02)+X099V08O03,operand-renamed_same-structure,3
2320,99,9,,(A∨B)+C,(X099V09O01∨X099V09O02)+X099V09O03,operand-renamed_same-structure,3
2321,99,10,,(A∨B)+C,(X099V10O01∨X099V10O02)+X099V10O03,operand-renamed_same-structure,3
2322,99,11,,(A∨B)+C,(X099V11O01∨X099V11O02)+X099V11O03,operand-renamed_same-structure,3
2323,99,12,,(A∨B)+C,(X099V12O01∨X099V12O02)+X099V12O03,operand-renamed_same-structure,3
2324,99,13,,(A∨B)+C,(X099V13O01∨X099V13O02)+X099V13O03,operand-renamed_same-structure,3
2325,99,14,,(A∨B)+C,(X099V14O01∨X099V14O02)+X099V14O03,operand-renamed_same-structure,3
2326,99,15,,(A∨B)+C,(X099V15O01∨X099V15O02)+X099V15O03,operand-renamed_same-structure,3
2327,99,16,,(A∨B)+C,(X099V16O01∨X099V16O02)+X099V16O03,operand-renamed_same-structure,3
2328,99,17,,(A∨B)+C,(X099V17O01∨X099V17O02)+X099V17O03,operand-renamed_same-structure,3
2329,99,18,,(A∨B)+C,(X099V18O01∨X099V18O02)+X099V18O03,operand-renamed_same-structure,3
2330,99,19,,(A∨B)+C,(X099V19O01∨X099V19O02)+X099V19O03,operand-renamed_same-structure,3
2331,99,20,,(A∨B)+C,(X099V20O01∨X099V20O02)+X099V20O03,operand-renamed_same-structure,3
2332,99,21,,(A∨B)+C,(X099V21O01∨X099V21O02)+X099V21O03,operand-renamed_same-structure,3
2333,99,22,,(A∨B)+C,(X099V22O01∨X099V22O02)+X099V22O03,operand-renamed_same-structure,3
2334,99,23,,(A∨B)+C,(X099V23O01∨X099V23O02)+X099V23O03,operand-renamed_same-structure,3
2335,99,24,,(A∨B)+C,(X099V24O01∨X099V24O02)+X099V24O03,operand-renamed_same-structure,3
2336,100,1,,(A+C)∨(B+C),(X100V01O01+X100V01O02)∨(X100V01O03+X100V01O02),operand-renamed_same-structure,3
2337,100,2,,(A+C)∨(B+C),(X100V02O01+X100V02O02)∨(X100V02O03+X100V02O02),operand-renamed_same-structure,3
2338,100,3,,(A+C)∨(B+C),(X100V03O01+X100V03O02)∨(X100V03O03+X100V03O02),operand-renamed_same-structure,3
2339,100,4,,(A+C)∨(B+C),(X100V04O01+X100V04O02)∨(X100V04O03+X100V04O02),operand-renamed_same-structure,3
2340,100,5,,(A+C)∨(B+C),(X100V05O01+X100V05O02)∨(X100V05O03+X100V05O02),operand-renamed_same-structure,3
2341,100,6,,(A+C)∨(B+C),(X100V06O01+X100V06O02)∨(X100V06O03+X100V06O02),operand-renamed_same-structure,3
2342,100,7,,(A+C)∨(B+C),(X100V07O01+X100V07O02)∨(X100V07O03+X100V07O02),operand-renamed_same-structure,3
2343,100,8,,(A+C)∨(B+C),(X100V08O01+X100V08O02)∨(X100V08O03+X100V08O02),operand-renamed_same-structure,3
2344,100,9,,(A+C)∨(B+C),(X100V09O01+X100V09O02)∨(X100V09O03+X100V09O02),operand-renamed_same-structure,3
2345,100,10,,(A+C)∨(B+C),(X100V10O01+X100V10O02)∨(X100V10O03+X100V10O02),operand-renamed_same-structure,3
2346,100,11,,(A+C)∨(B+C),(X100V11O01+X100V11O02)∨(X100V11O03+X100V11O02),operand-renamed_same-structure,3
2347,100,12,,(A+C)∨(B+C),(X100V12O01+X100V12O02)∨(X100V12O03+X100V12O02),operand-renamed_same-structure,3
2348,100,13,,(A+C)∨(B+C),(X100V13O01+X100V13O02)∨(X100V13O03+X100V13O02),operand-renamed_same-structure,3
2349,100,14,,(A+C)∨(B+C),(X100V14O01+X100V14O02)∨(X100V14O03+X100V14O02),operand-renamed_same-structure,3
2350,100,15,,(A+C)∨(B+C),(X100V15O01+X100V15O02)∨(X100V15O03+X100V15O02),operand-renamed_same-structure,3
2351,100,16,,(A+C)∨(B+C),(X100V16O01+X100V16O02)∨(X100V16O03+X100V16O02),operand-renamed_same-structure,3
2352,100,17,,(A+C)∨(B+C),(X100V17O01+X100V17O02)∨(X100V17O03+X100V17O02),operand-renamed_same-structure,3
2353,100,18,,(A+C)∨(B+C),(X100V18O01+X100V18O02)∨(X100V18O03+X100V18O02),operand-renamed_same-structure,3
2354,100,19,,(A+C)∨(B+C),(X100V19O01+X100V19O02)∨(X100V19O03+X100V19O02),operand-renamed_same-structure,3
2355,100,20,,(A+C)∨(B+C),(X100V20O01+X100V20O02)∨(X100V20O03+X100V20O02),operand-renamed_same-structure,3
2356,100,21,,(A+C)∨(B+C),(X100V21O01+X100V21O02)∨(X100V21O03+X100V21O02),operand-renamed_same-structure,3
2357,100,22,,(A+C)∨(B+C),(X100V22O01+X100V22O02)∨(X100V22O03+X100V22O02),operand-renamed_same-structure,3
2358,100,23,,(A+C)∨(B+C),(X100V23O01+X100V23O02)∨(X100V23O03+X100V23O02),operand-renamed_same-structure,3
2359,101,1,,(A∨B);C,(X101V01O01∨X101V01O02);X101V01O03,operand-renamed_same-structure,3
2360,101,2,,(A∨B);C,(X101V02O01∨X101V02O02);X101V02O03,operand-renamed_same-structure,3
2361,101,3,,(A∨B);C,(X101V03O01∨X101V03O02);X101V03O03,operand-renamed_same-structure,3
2362,101,4,,(A∨B);C,(X101V04O01∨X101V04O02);X101V04O03,operand-renamed_same-structure,3
2363,101,5,,(A∨B);C,(X101V05O01∨X101V05O02);X101V05O03,operand-renamed_same-structure,3
2364,101,6,,(A∨B);C,(X101V06O01∨X101V06O02);X101V06O03,operand-renamed_same-structure,3
2365,101,7,,(A∨B);C,(X101V07O01∨X101V07O02);X101V07O03,operand-renamed_same-structure,3
2366,101,8,,(A∨B);C,(X101V08O01∨X101V08O02);X101V08O03,operand-renamed_same-structure,3
2367,101,9,,(A∨B);C,(X101V09O01∨X101V09O02);X101V09O03,operand-renamed_same-structure,3
2368,101,10,,(A∨B);C,(X101V10O01∨X101V10O02);X101V10O03,operand-renamed_same-structure,3
2369,101,11,,(A∨B);C,(X101V11O01∨X101V11O02);X101V11O03,operand-renamed_same-structure,3
2370,101,12,,(A∨B);C,(X101V12O01∨X101V12O02);X101V12O03,operand-renamed_same-structure,3
2371,101,13,,(A∨B);C,(X101V13O01∨X101V13O02);X101V13O03,operand-renamed_same-structure,3
2372,101,14,,(A∨B);C,(X101V14O01∨X101V14O02);X101V14O03,operand-renamed_same-structure,3
2373,101,15,,(A∨B);C,(X101V15O01∨X101V15O02);X101V15O03,operand-renamed_same-structure,3
2374,101,16,,(A∨B);C,(X101V16O01∨X101V16O02);X101V16O03,operand-renamed_same-structure,3
2375,101,17,,(A∨B);C,(X101V17O01∨X101V17O02);X101V17O03,operand-renamed_same-structure,3
2376,101,18,,(A∨B);C,(X101V18O01∨X101V18O02);X101V18O03,operand-renamed_same-structure,3
2377,101,19,,(A∨B);C,(X101V19O01∨X101V19O02);X101V19O03,operand-renamed_same-structure,3
2378,101,20,,(A∨B);C,(X101V20O01∨X101V20O02);X101V20O03,operand-renamed_same-structure,3
2379,101,21,,(A∨B);C,(X101V21O01∨X101V21O02);X101V21O03,operand-renamed_same-structure,3
2380,101,22,,(A∨B);C,(X101V22O01∨X101V22O02);X101V22O03,operand-renamed_same-structure,3
2381,101,23,,(A∨B);C,(X101V23O01∨X101V23O02);X101V23O03,operand-renamed_same-structure,3
2382,101,24,,(A∨B);C,(X101V24O01∨X101V24O02);X101V24O03,operand-renamed_same-structure,3
2383,102,1,,(A;C)∨(B;C),(X102V01O01;X102V01O02)∨(X102V01O03;X102V01O02),operand-renamed_same-structure,3
2384,102,2,,(A;C)∨(B;C),(X102V02O01;X102V02O02)∨(X102V02O03;X102V02O02),operand-renamed_same-structure,3
2385,102,3,,(A;C)∨(B;C),(X102V03O01;X102V03O02)∨(X102V03O03;X102V03O02),operand-renamed_same-structure,3
2386,102,4,,(A;C)∨(B;C),(X102V04O01;X102V04O02)∨(X102V04O03;X102V04O02),operand-renamed_same-structure,3
2387,102,5,,(A;C)∨(B;C),(X102V05O01;X102V05O02)∨(X102V05O03;X102V05O02),operand-renamed_same-structure,3
2388,102,6,,(A;C)∨(B;C),(X102V06O01;X102V06O02)∨(X102V06O03;X102V06O02),operand-renamed_same-structure,3
2389,102,7,,(A;C)∨(B;C),(X102V07O01;X102V07O02)∨(X102V07O03;X102V07O02),operand-renamed_same-structure,3
2390,102,8,,(A;C)∨(B;C),(X102V08O01;X102V08O02)∨(X102V08O03;X102V08O02),operand-renamed_same-structure,3
2391,102,9,,(A;C)∨(B;C),(X102V09O01;X102V09O02)∨(X102V09O03;X102V09O02),operand-renamed_same-structure,3
2392,102,10,,(A;C)∨(B;C),(X102V10O01;X102V10O02)∨(X102V10O03;X102V10O02),operand-renamed_same-structure,3
2393,102,11,,(A;C)∨(B;C),(X102V11O01;X102V11O02)∨(X102V11O03;X102V11O02),operand-renamed_same-structure,3
2394,102,12,,(A;C)∨(B;C),(X102V12O01;X102V12O02)∨(X102V12O03;X102V12O02),operand-renamed_same-structure,3
2395,102,13,,(A;C)∨(B;C),(X102V13O01;X102V13O02)∨(X102V13O03;X102V13O02),operand-renamed_same-structure,3
2396,102,14,,(A;C)∨(B;C),(X102V14O01;X102V14O02)∨(X102V14O03;X102V14O02),operand-renamed_same-structure,3
2397,102,15,,(A;C)∨(B;C),(X102V15O01;X102V15O02)∨(X102V15O03;X102V15O02),operand-renamed_same-structure,3
2398,102,16,,(A;C)∨(B;C),(X102V16O01;X102V16O02)∨(X102V16O03;X102V16O02),operand-renamed_same-structure,3
2399,102,17,,(A;C)∨(B;C),(X102V17O01;X102V17O02)∨(X102V17O03;X102V17O02),operand-renamed_same-structure,3
2400,102,18,,(A;C)∨(B;C),(X102V18O01;X102V18O02)∨(X102V18O03;X102V18O02),operand-renamed_same-structure,3
2401,102,19,,(A;C)∨(B;C),(X102V19O01;X102V19O02)∨(X102V19O03;X102V19O02),operand-renamed_same-structure,3
2402,102,20,,(A;C)∨(B;C),(X102V20O01;X102V20O02)∨(X102V20O03;X102V20O02),operand-renamed_same-structure,3
2403,102,21,,(A;C)∨(B;C),(X102V21O01;X102V21O02)∨(X102V21O03;X102V21O02),operand-renamed_same-structure,3
2404,102,22,,(A;C)∨(B;C),(X102V22O01;X102V22O02)∨(X102V22O03;X102V22O02),operand-renamed_same-structure,3
2405,102,23,,(A;C)∨(B;C),(X102V23O01;X102V23O02)∨(X102V23O03;X102V23O02),operand-renamed_same-structure,3
2406,103,1,,A;(B∨C),X103V01O01;(X103V01O02∨X103V01O03),operand-renamed_same-structure,3
2407,103,2,,A;(B∨C),X103V02O01;(X103V02O02∨X103V02O03),operand-renamed_same-structure,3
2408,103,3,,A;(B∨C),X103V03O01;(X103V03O02∨X103V03O03),operand-renamed_same-structure,3
2409,103,4,,A;(B∨C),X103V04O01;(X103V04O02∨X103V04O03),operand-renamed_same-structure,3
2410,103,5,,A;(B∨C),X103V05O01;(X103V05O02∨X103V05O03),operand-renamed_same-structure,3
2411,103,6,,A;(B∨C),X103V06O01;(X103V06O02∨X103V06O03),operand-renamed_same-structure,3
2412,103,7,,A;(B∨C),X103V07O01;(X103V07O02∨X103V07O03),operand-renamed_same-structure,3
2413,103,8,,A;(B∨C),X103V08O01;(X103V08O02∨X103V08O03),operand-renamed_same-structure,3
2414,103,9,,A;(B∨C),X103V09O01;(X103V09O02∨X103V09O03),operand-renamed_same-structure,3
2415,103,10,,A;(B∨C),X103V10O01;(X103V10O02∨X103V10O03),operand-renamed_same-structure,3
2416,103,11,,A;(B∨C),X103V11O01;(X103V11O02∨X103V11O03),operand-renamed_same-structure,3
2417,103,12,,A;(B∨C),X103V12O01;(X103V12O02∨X103V12O03),operand-renamed_same-structure,3
2418,103,13,,A;(B∨C),X103V13O01;(X103V13O02∨X103V13O03),operand-renamed_same-structure,3
2419,103,14,,A;(B∨C),X103V14O01;(X103V14O02∨X103V14O03),operand-renamed_same-structure,3
2420,103,15,,A;(B∨C),X103V15O01;(X103V15O02∨X103V15O03),operand-renamed_same-structure,3
2421,103,16,,A;(B∨C),X103V16O01;(X103V16O02∨X103V16O03),operand-renamed_same-structure,3
2422,103,17,,A;(B∨C),X103V17O01;(X103V17O02∨X103V17O03),operand-renamed_same-structure,3
2423,103,18,,A;(B∨C),X103V18O01;(X103V18O02∨X103V18O03),operand-renamed_same-structure,3
2424,103,19,,A;(B∨C),X103V19O01;(X103V19O02∨X103V19O03),operand-renamed_same-structure,3
2425,103,20,,A;(B∨C),X103V20O01;(X103V20O02∨X103V20O03),operand-renamed_same-structure,3
2426,103,21,,A;(B∨C),X103V21O01;(X103V21O02∨X103V21O03),operand-renamed_same-structure,3
2427,103,22,,A;(B∨C),X103V22O01;(X103V22O02∨X103V22O03),operand-renamed_same-structure,3
2428,103,23,,A;(B∨C),X103V23O01;(X103V23O02∨X103V23O03),operand-renamed_same-structure,3
2429,103,24,,A;(B∨C),X103V24O01;(X103V24O02∨X103V24O03),operand-renamed_same-structure,3
2430,104,1,,(A;B)∨(A;C),(X104V01O01;X104V01O02)∨(X104V01O01;X104V01O03),operand-renamed_same-structure,3
2431,104,2,,(A;B)∨(A;C),(X104V02O01;X104V02O02)∨(X104V02O01;X104V02O03),operand-renamed_same-structure,3
2432,104,3,,(A;B)∨(A;C),(X104V03O01;X104V03O02)∨(X104V03O01;X104V03O03),operand-renamed_same-structure,3
2433,104,4,,(A;B)∨(A;C),(X104V04O01;X104V04O02)∨(X104V04O01;X104V04O03),operand-renamed_same-structure,3
2434,104,5,,(A;B)∨(A;C),(X104V05O01;X104V05O02)∨(X104V05O01;X104V05O03),operand-renamed_same-structure,3
2435,104,6,,(A;B)∨(A;C),(X104V06O01;X104V06O02)∨(X104V06O01;X104V06O03),operand-renamed_same-structure,3
2436,104,7,,(A;B)∨(A;C),(X104V07O01;X104V07O02)∨(X104V07O01;X104V07O03),operand-renamed_same-structure,3
2437,104,8,,(A;B)∨(A;C),(X104V08O01;X104V08O02)∨(X104V08O01;X104V08O03),operand-renamed_same-structure,3
2438,104,9,,(A;B)∨(A;C),(X104V09O01;X104V09O02)∨(X104V09O01;X104V09O03),operand-renamed_same-structure,3
2439,104,10,,(A;B)∨(A;C),(X104V10O01;X104V10O02)∨(X104V10O01;X104V10O03),operand-renamed_same-structure,3
2440,104,11,,(A;B)∨(A;C),(X104V11O01;X104V11O02)∨(X104V11O01;X104V11O03),operand-renamed_same-structure,3
2441,104,12,,(A;B)∨(A;C),(X104V12O01;X104V12O02)∨(X104V12O01;X104V12O03),operand-renamed_same-structure,3
2442,104,13,,(A;B)∨(A;C),(X104V13O01;X104V13O02)∨(X104V13O01;X104V13O03),operand-renamed_same-structure,3
2443,104,14,,(A;B)∨(A;C),(X104V14O01;X104V14O02)∨(X104V14O01;X104V14O03),operand-renamed_same-structure,3
2444,104,15,,(A;B)∨(A;C),(X104V15O01;X104V15O02)∨(X104V15O01;X104V15O03),operand-renamed_same-structure,3
2445,104,16,,(A;B)∨(A;C),(X104V16O01;X104V16O02)∨(X104V16O01;X104V16O03),operand-renamed_same-structure,3
2446,104,17,,(A;B)∨(A;C),(X104V17O01;X104V17O02)∨(X104V17O01;X104V17O03),operand-renamed_same-structure,3
2447,104,18,,(A;B)∨(A;C),(X104V18O01;X104V18O02)∨(X104V18O01;X104V18O03),operand-renamed_same-structure,3
2448,104,19,,(A;B)∨(A;C),(X104V19O01;X104V19O02)∨(X104V19O01;X104V19O03),operand-renamed_same-structure,3
2449,104,20,,(A;B)∨(A;C),(X104V20O01;X104V20O02)∨(X104V20O01;X104V20O03),operand-renamed_same-structure,3
2450,104,21,,(A;B)∨(A;C),(X104V21O01;X104V21O02)∨(X104V21O01;X104V21O03),operand-renamed_same-structure,3
2451,104,22,,(A;B)∨(A;C),(X104V22O01;X104V22O02)∨(X104V22O01;X104V22O03),operand-renamed_same-structure,3
2452,104,23,,(A;B)∨(A;C),(X104V23O01;X104V23O02)∨(X104V23O01;X104V23O03),operand-renamed_same-structure,3
2453,104,24,,(A;B)∨(A;C),(X104V24O01;X104V24O02)∨(X104V24O01;X104V24O03),operand-renamed_same-structure,3
2454,105,1,,(A-B)-C,(X105V01O01-X105V01O02)-X105V01O03,operand-renamed_same-structure,3
2455,105,2,,(A-B)-C,(X105V02O01-X105V02O02)-X105V02O03,operand-renamed_same-structure,3
2456,105,3,,(A-B)-C,(X105V03O01-X105V03O02)-X105V03O03,operand-renamed_same-structure,3
2457,105,4,,(A-B)-C,(X105V04O01-X105V04O02)-X105V04O03,operand-renamed_same-structure,3
2458,105,5,,(A-B)-C,(X105V05O01-X105V05O02)-X105V05O03,operand-renamed_same-structure,3
2459,105,6,,(A-B)-C,(X105V06O01-X105V06O02)-X105V06O03,operand-renamed_same-structure,3
2460,105,7,,(A-B)-C,(X105V07O01-X105V07O02)-X105V07O03,operand-renamed_same-structure,3
2461,105,8,,(A-B)-C,(X105V08O01-X105V08O02)-X105V08O03,operand-renamed_same-structure,3
2462,105,9,,(A-B)-C,(X105V09O01-X105V09O02)-X105V09O03,operand-renamed_same-structure,3
2463,105,10,,(A-B)-C,(X105V10O01-X105V10O02)-X105V10O03,operand-renamed_same-structure,3
2464,105,11,,(A-B)-C,(X105V11O01-X105V11O02)-X105V11O03,operand-renamed_same-structure,3
2465,105,12,,(A-B)-C,(X105V12O01-X105V12O02)-X105V12O03,operand-renamed_same-structure,3
2466,105,13,,(A-B)-C,(X105V13O01-X105V13O02)-X105V13O03,operand-renamed_same-structure,3
2467,105,14,,(A-B)-C,(X105V14O01-X105V14O02)-X105V14O03,operand-renamed_same-structure,3
2468,105,15,,(A-B)-C,(X105V15O01-X105V15O02)-X105V15O03,operand-renamed_same-structure,3
2469,105,16,,(A-B)-C,(X105V16O01-X105V16O02)-X105V16O03,operand-renamed_same-structure,3
2470,105,17,,(A-B)-C,(X105V17O01-X105V17O02)-X105V17O03,operand-renamed_same-structure,3
2471,105,18,,(A-B)-C,(X105V18O01-X105V18O02)-X105V18O03,operand-renamed_same-structure,3
2472,105,19,,(A-B)-C,(X105V19O01-X105V19O02)-X105V19O03,operand-renamed_same-structure,3
2473,105,20,,(A-B)-C,(X105V20O01-X105V20O02)-X105V20O03,operand-renamed_same-structure,3
2474,105,21,,(A-B)-C,(X105V21O01-X105V21O02)-X105V21O03,operand-renamed_same-structure,3
2475,105,22,,(A-B)-C,(X105V22O01-X105V22O02)-X105V22O03,operand-renamed_same-structure,3
2476,105,23,,(A-B)-C,(X105V23O01-X105V23O02)-X105V23O03,operand-renamed_same-structure,3
2477,105,24,,(A-B)-C,(X105V24O01-X105V24O02)-X105V24O03,operand-renamed_same-structure,3
2478,106,1,,A-(B∨C),X106V01O01-(X106V01O02∨X106V01O03),operand-renamed_same-structure,3
2479,106,2,,A-(B∨C),X106V02O01-(X106V02O02∨X106V02O03),operand-renamed_same-structure,3
2480,106,3,,A-(B∨C),X106V03O01-(X106V03O02∨X106V03O03),operand-renamed_same-structure,3
2481,106,4,,A-(B∨C),X106V04O01-(X106V04O02∨X106V04O03),operand-renamed_same-structure,3
2482,106,5,,A-(B∨C),X106V05O01-(X106V05O02∨X106V05O03),operand-renamed_same-structure,3
2483,106,6,,A-(B∨C),X106V06O01-(X106V06O02∨X106V06O03),operand-renamed_same-structure,3
2484,106,7,,A-(B∨C),X106V07O01-(X106V07O02∨X106V07O03),operand-renamed_same-structure,3
2485,106,8,,A-(B∨C),X106V08O01-(X106V08O02∨X106V08O03),operand-renamed_same-structure,3
2486,106,9,,A-(B∨C),X106V09O01-(X106V09O02∨X106V09O03),operand-renamed_same-structure,3
2487,106,10,,A-(B∨C),X106V10O01-(X106V10O02∨X106V10O03),operand-renamed_same-structure,3
2488,106,11,,A-(B∨C),X106V11O01-(X106V11O02∨X106V11O03),operand-renamed_same-structure,3
2489,106,12,,A-(B∨C),X106V12O01-(X106V12O02∨X106V12O03),operand-renamed_same-structure,3
2490,106,13,,A-(B∨C),X106V13O01-(X106V13O02∨X106V13O03),operand-renamed_same-structure,3
2491,106,14,,A-(B∨C),X106V14O01-(X106V14O02∨X106V14O03),operand-renamed_same-structure,3
2492,106,15,,A-(B∨C),X106V15O01-(X106V15O02∨X106V15O03),operand-renamed_same-structure,3
2493,106,16,,A-(B∨C),X106V16O01-(X106V16O02∨X106V16O03),operand-renamed_same-structure,3
2494,106,17,,A-(B∨C),X106V17O01-(X106V17O02∨X106V17O03),operand-renamed_same-structure,3
2495,106,18,,A-(B∨C),X106V18O01-(X106V18O02∨X106V18O03),operand-renamed_same-structure,3
2496,106,19,,A-(B∨C),X106V19O01-(X106V19O02∨X106V19O03),operand-renamed_same-structure,3
2497,106,20,,A-(B∨C),X106V20O01-(X106V20O02∨X106V20O03),operand-renamed_same-structure,3
2498,106,21,,A-(B∨C),X106V21O01-(X106V21O02∨X106V21O03),operand-renamed_same-structure,3
2499,106,22,,A-(B∨C),X106V22O01-(X106V22O02∨X106V22O03),operand-renamed_same-structure,3
2500,106,23,,A-(B∨C),X106V23O01-(X106V23O02∨X106V23O03),operand-renamed_same-structure,3
2501,106,24,,A-(B∨C),X106V24O01-(X106V24O02∨X106V24O03),operand-renamed_same-structure,3
2502,107,1,,(A∨B)-C,(X107V01O01∨X107V01O02)-X107V01O03,operand-renamed_same-structure,3
2503,107,2,,(A∨B)-C,(X107V02O01∨X107V02O02)-X107V02O03,operand-renamed_same-structure,3
2504,107,3,,(A∨B)-C,(X107V03O01∨X107V03O02)-X107V03O03,operand-renamed_same-structure,3
2505,107,4,,(A∨B)-C,(X107V04O01∨X107V04O02)-X107V04O03,operand-renamed_same-structure,3
2506,107,5,,(A∨B)-C,(X107V05O01∨X107V05O02)-X107V05O03,operand-renamed_same-structure,3
2507,107,6,,(A∨B)-C,(X107V06O01∨X107V06O02)-X107V06O03,operand-renamed_same-structure,3
2508,107,7,,(A∨B)-C,(X107V07O01∨X107V07O02)-X107V07O03,operand-renamed_same-structure,3
2509,107,8,,(A∨B)-C,(X107V08O01∨X107V08O02)-X107V08O03,operand-renamed_same-structure,3
2510,107,9,,(A∨B)-C,(X107V09O01∨X107V09O02)-X107V09O03,operand-renamed_same-structure,3
2511,107,10,,(A∨B)-C,(X107V10O01∨X107V10O02)-X107V10O03,operand-renamed_same-structure,3
2512,107,11,,(A∨B)-C,(X107V11O01∨X107V11O02)-X107V11O03,operand-renamed_same-structure,3
2513,107,12,,(A∨B)-C,(X107V12O01∨X107V12O02)-X107V12O03,operand-renamed_same-structure,3
2514,107,13,,(A∨B)-C,(X107V13O01∨X107V13O02)-X107V13O03,operand-renamed_same-structure,3
2515,107,14,,(A∨B)-C,(X107V14O01∨X107V14O02)-X107V14O03,operand-renamed_same-structure,3
2516,107,15,,(A∨B)-C,(X107V15O01∨X107V15O02)-X107V15O03,operand-renamed_same-structure,3
2517,107,16,,(A∨B)-C,(X107V16O01∨X107V16O02)-X107V16O03,operand-renamed_same-structure,3
2518,107,17,,(A∨B)-C,(X107V17O01∨X107V17O02)-X107V17O03,operand-renamed_same-structure,3
2519,107,18,,(A∨B)-C,(X107V18O01∨X107V18O02)-X107V18O03,operand-renamed_same-structure,3
2520,107,19,,(A∨B)-C,(X107V19O01∨X107V19O02)-X107V19O03,operand-renamed_same-structure,3
2521,107,20,,(A∨B)-C,(X107V20O01∨X107V20O02)-X107V20O03,operand-renamed_same-structure,3
2522,107,21,,(A∨B)-C,(X107V21O01∨X107V21O02)-X107V21O03,operand-renamed_same-structure,3
2523,107,22,,(A∨B)-C,(X107V22O01∨X107V22O02)-X107V22O03,operand-renamed_same-structure,3
2524,107,23,,(A∨B)-C,(X107V23O01∨X107V23O02)-X107V23O03,operand-renamed_same-structure,3
2525,107,24,,(A∨B)-C,(X107V24O01∨X107V24O02)-X107V24O03,operand-renamed_same-structure,3
2526,108,1,,(A-B)∨(A-C),(X108V01O01-X108V01O02)∨(X108V01O01-X108V01O03),operand-renamed_same-structure,3
2527,108,2,,(A-B)∨(A-C),(X108V02O01-X108V02O02)∨(X108V02O01-X108V02O03),operand-renamed_same-structure,3
2528,108,3,,(A-B)∨(A-C),(X108V03O01-X108V03O02)∨(X108V03O01-X108V03O03),operand-renamed_same-structure,3
2529,108,4,,(A-B)∨(A-C),(X108V04O01-X108V04O02)∨(X108V04O01-X108V04O03),operand-renamed_same-structure,3
2530,108,5,,(A-B)∨(A-C),(X108V05O01-X108V05O02)∨(X108V05O01-X108V05O03),operand-renamed_same-structure,3
2531,108,6,,(A-B)∨(A-C),(X108V06O01-X108V06O02)∨(X108V06O01-X108V06O03),operand-renamed_same-structure,3
2532,108,7,,(A-B)∨(A-C),(X108V07O01-X108V07O02)∨(X108V07O01-X108V07O03),operand-renamed_same-structure,3
2533,108,8,,(A-B)∨(A-C),(X108V08O01-X108V08O02)∨(X108V08O01-X108V08O03),operand-renamed_same-structure,3
2534,108,9,,(A-B)∨(A-C),(X108V09O01-X108V09O02)∨(X108V09O01-X108V09O03),operand-renamed_same-structure,3
2535,108,10,,(A-B)∨(A-C),(X108V10O01-X108V10O02)∨(X108V10O01-X108V10O03),operand-renamed_same-structure,3
2536,108,11,,(A-B)∨(A-C),(X108V11O01-X108V11O02)∨(X108V11O01-X108V11O03),operand-renamed_same-structure,3
2537,108,12,,(A-B)∨(A-C),(X108V12O01-X108V12O02)∨(X108V12O01-X108V12O03),operand-renamed_same-structure,3
2538,108,13,,(A-B)∨(A-C),(X108V13O01-X108V13O02)∨(X108V13O01-X108V13O03),operand-renamed_same-structure,3
2539,108,14,,(A-B)∨(A-C),(X108V14O01-X108V14O02)∨(X108V14O01-X108V14O03),operand-renamed_same-structure,3
2540,108,15,,(A-B)∨(A-C),(X108V15O01-X108V15O02)∨(X108V15O01-X108V15O03),operand-renamed_same-structure,3
2541,108,16,,(A-B)∨(A-C),(X108V16O01-X108V16O02)∨(X108V16O01-X108V16O03),operand-renamed_same-structure,3
2542,108,17,,(A-B)∨(A-C),(X108V17O01-X108V17O02)∨(X108V17O01-X108V17O03),operand-renamed_same-structure,3
2543,108,18,,(A-B)∨(A-C),(X108V18O01-X108V18O02)∨(X108V18O01-X108V18O03),operand-renamed_same-structure,3
2544,108,19,,(A-B)∨(A-C),(X108V19O01-X108V19O02)∨(X108V19O01-X108V19O03),operand-renamed_same-structure,3
2545,108,20,,(A-B)∨(A-C),(X108V20O01-X108V20O02)∨(X108V20O01-X108V20O03),operand-renamed_same-structure,3
2546,108,21,,(A-B)∨(A-C),(X108V21O01-X108V21O02)∨(X108V21O01-X108V21O03),operand-renamed_same-structure,3
2547,108,22,,(A-B)∨(A-C),(X108V22O01-X108V22O02)∨(X108V22O01-X108V22O03),operand-renamed_same-structure,3
2548,108,23,,(A-B)∨(A-C),(X108V23O01-X108V23O02)∨(X108V23O01-X108V23O03),operand-renamed_same-structure,3
2549,109,1,1966-Two Complete Axiom Systems for the Algebra of Regular Events,a + (b (v*)),X109V01O01 + (X109V01O02 (X109V01O03*)),operand-renamed_same-structure,3
2550,109,2,1966-Two Complete Axiom Systems for the Algebra of Regular Events,a + (b (v*)),X109V02O01 + (X109V02O02 (X109V02O03*)),operand-renamed_same-structure,3
2551,109,3,1966-Two Complete Axiom Systems for the Algebra of Regular Events,a + (b (v*)),X109V03O01 + (X109V03O02 (X109V03O03*)),operand-renamed_same-structure,3
2552,109,4,1966-Two Complete Axiom Systems for the Algebra of Regular Events,a + (b (v*)),X109V04O01 + (X109V04O02 (X109V04O03*)),operand-renamed_same-structure,3
2553,109,5,1966-Two Complete Axiom Systems for the Algebra of Regular Events,a + (b (v*)),X109V05O01 + (X109V05O02 (X109V05O03*)),operand-renamed_same-structure,3
2554,109,6,1966-Two Complete Axiom Systems for the Algebra of Regular Events,a + (b (v*)),X109V06O01 + (X109V06O02 (X109V06O03*)),operand-renamed_same-structure,3
2555,109,7,1966-Two Complete Axiom Systems for the Algebra of Regular Events,a + (b (v*)),X109V07O01 + (X109V07O02 (X109V07O03*)),operand-renamed_same-structure,3
2556,109,8,1966-Two Complete Axiom Systems for the Algebra of Regular Events,a + (b (v*)),X109V08O01 + (X109V08O02 (X109V08O03*)),operand-renamed_same-structure,3
2557,109,9,1966-Two Complete Axiom Systems for the Algebra of Regular Events,a + (b (v*)),X109V09O01 + (X109V09O02 (X109V09O03*)),operand-renamed_same-structure,3
2558,109,10,1966-Two Complete Axiom Systems for the Algebra of Regular Events,a + (b (v*)),X109V10O01 + (X109V10O02 (X109V10O03*)),operand-renamed_same-structure,3
2559,109,11,1966-Two Complete Axiom Systems for the Algebra of Regular Events,a + (b (v*)),X109V11O01 + (X109V11O02 (X109V11O03*)),operand-renamed_same-structure,3
2560,109,12,1966-Two Complete Axiom Systems for the Algebra of Regular Events,a + (b (v*)),X109V12O01 + (X109V12O02 (X109V12O03*)),operand-renamed_same-structure,3
2561,109,13,1966-Two Complete Axiom Systems for the Algebra of Regular Events,a + (b (v*)),X109V13O01 + (X109V13O02 (X109V13O03*)),operand-renamed_same-structure,3
2562,109,14,1966-Two Complete Axiom Systems for the Algebra of Regular Events,a + (b (v*)),X109V14O01 + (X109V14O02 (X109V14O03*)),operand-renamed_same-structure,3
2563,109,15,1966-Two Complete Axiom Systems for the Algebra of Regular Events,a + (b (v*)),X109V15O01 + (X109V15O02 (X109V15O03*)),operand-renamed_same-structure,3
2564,109,16,1966-Two Complete Axiom Systems for the Algebra of Regular Events,a + (b (v*)),X109V16O01 + (X109V16O02 (X109V16O03*)),operand-renamed_same-structure,3
2565,109,17,1966-Two Complete Axiom Systems for the Algebra of Regular Events,a + (b (v*)),X109V17O01 + (X109V17O02 (X109V17O03*)),operand-renamed_same-structure,3
2566,109,18,1966-Two Complete Axiom Systems for the Algebra of Regular Events,a + (b (v*)),X109V18O01 + (X109V18O02 (X109V18O03*)),operand-renamed_same-structure,3
2567,109,19,1966-Two Complete Axiom Systems for the Algebra of Regular Events,a + (b (v*)),X109V19O01 + (X109V19O02 (X109V19O03*)),operand-renamed_same-structure,3
2568,109,20,1966-Two Complete Axiom Systems for the Algebra of Regular Events,a + (b (v*)),X109V20O01 + (X109V20O02 (X109V20O03*)),operand-renamed_same-structure,3
2569,109,21,1966-Two Complete Axiom Systems for the Algebra of Regular Events,a + (b (v*)),X109V21O01 + (X109V21O02 (X109V21O03*)),operand-renamed_same-structure,3
2570,109,22,1966-Two Complete Axiom Systems for the Algebra of Regular Events,a + (b (v*)),X109V22O01 + (X109V22O02 (X109V22O03*)),operand-renamed_same-structure,3
2571,109,23,1966-Two Complete Axiom Systems for the Algebra of Regular Events,a + (b (v*)),X109V23O01 + (X109V23O02 (X109V23O03*)),operand-renamed_same-structure,3
2572,109,24,1966-Two Complete Axiom Systems for the Algebra of Regular Events,a + (b (v*)),X109V24O01 + (X109V24O02 (X109V24O03*)),operand-renamed_same-structure,3
2573,110,1,,0*(01 + 10*0)*,711000101*(711000102 + 711000103*711000101)*,operand-renamed_same-structure,3
2574,110,2,,0*(01 + 10*0)*,711000201*(711000202 + 711000203*711000201)*,operand-renamed_same-structure,3
2575,110,3,,0*(01 + 10*0)*,711000301*(711000302 + 711000303*711000301)*,operand-renamed_same-structure,3
2576,110,4,,0*(01 + 10*0)*,711000401*(711000402 + 711000403*711000401)*,operand-renamed_same-structure,3
2577,110,5,,0*(01 + 10*0)*,711000501*(711000502 + 711000503*711000501)*,operand-renamed_same-structure,3
2578,110,6,,0*(01 + 10*0)*,711000601*(711000602 + 711000603*711000601)*,operand-renamed_same-structure,3
2579,110,7,,0*(01 + 10*0)*,711000701*(711000702 + 711000703*711000701)*,operand-renamed_same-structure,3
2580,110,8,,0*(01 + 10*0)*,711000801*(711000802 + 711000803*711000801)*,operand-renamed_same-structure,3
2581,110,9,,0*(01 + 10*0)*,711000901*(711000902 + 711000903*711000901)*,operand-renamed_same-structure,3
2582,110,10,,0*(01 + 10*0)*,711001001*(711001002 + 711001003*711001001)*,operand-renamed_same-structure,3
2583,110,11,,0*(01 + 10*0)*,711001101*(711001102 + 711001103*711001101)*,operand-renamed_same-structure,3
2584,110,12,,0*(01 + 10*0)*,711001201*(711001202 + 711001203*711001201)*,operand-renamed_same-structure,3
2585,110,13,,0*(01 + 10*0)*,711001301*(711001302 + 711001303*711001301)*,operand-renamed_same-structure,3
2586,110,14,,0*(01 + 10*0)*,711001401*(711001402 + 711001403*711001401)*,operand-renamed_same-structure,3
2587,110,15,,0*(01 + 10*0)*,711001501*(711001502 + 711001503*711001501)*,operand-renamed_same-structure,3
2588,110,16,,0*(01 + 10*0)*,711001601*(711001602 + 711001603*711001601)*,operand-renamed_same-structure,3
2589,110,17,,0*(01 + 10*0)*,711001701*(711001702 + 711001703*711001701)*,operand-renamed_same-structure,3
2590,110,18,,0*(01 + 10*0)*,711001801*(711001802 + 711001803*711001801)*,operand-renamed_same-structure,3
2591,110,19,,0*(01 + 10*0)*,711001901*(711001902 + 711001903*711001901)*,operand-renamed_same-structure,3
2592,110,20,,0*(01 + 10*0)*,711002001*(711002002 + 711002003*711002001)*,operand-renamed_same-structure,3
2593,110,21,,0*(01 + 10*0)*,711002101*(711002102 + 711002103*711002101)*,operand-renamed_same-structure,3
2594,110,22,,0*(01 + 10*0)*,711002201*(711002202 + 711002203*711002201)*,operand-renamed_same-structure,3
2595,110,23,,0*(01 + 10*0)*,711002301*(711002302 + 711002303*711002301)*,operand-renamed_same-structure,3
2596,110,24,,0*(01 + 10*0)*,711002401*(711002402 + 711002403*711002401)*,operand-renamed_same-structure,3
2597,111,1,1994-Concurrent regular expressions and their relationship to Petri nets,a.s||b.t,X111V01O01.X111V01O02||X111V01O03.X111V01O04,operand-renamed_same-structure,4
2598,111,2,1994-Concurrent regular expressions and their relationship to Petri nets,a.s||b.t,X111V02O01.X111V02O02||X111V02O03.X111V02O04,operand-renamed_same-structure,4
2599,111,3,1994-Concurrent regular expressions and their relationship to Petri nets,a.s||b.t,X111V03O01.X111V03O02||X111V03O03.X111V03O04,operand-renamed_same-structure,4
2600,111,4,1994-Concurrent regular expressions and their relationship to Petri nets,a.s||b.t,X111V04O01.X111V04O02||X111V04O03.X111V04O04,operand-renamed_same-structure,4
2601,111,5,1994-Concurrent regular expressions and their relationship to Petri nets,a.s||b.t,X111V05O01.X111V05O02||X111V05O03.X111V05O04,operand-renamed_same-structure,4
2602,111,6,1994-Concurrent regular expressions and their relationship to Petri nets,a.s||b.t,X111V06O01.X111V06O02||X111V06O03.X111V06O04,operand-renamed_same-structure,4
2603,111,7,1994-Concurrent regular expressions and their relationship to Petri nets,a.s||b.t,X111V07O01.X111V07O02||X111V07O03.X111V07O04,operand-renamed_same-structure,4
2604,111,8,1994-Concurrent regular expressions and their relationship to Petri nets,a.s||b.t,X111V08O01.X111V08O02||X111V08O03.X111V08O04,operand-renamed_same-structure,4
2605,111,9,1994-Concurrent regular expressions and their relationship to Petri nets,a.s||b.t,X111V09O01.X111V09O02||X111V09O03.X111V09O04,operand-renamed_same-structure,4
2606,111,10,1994-Concurrent regular expressions and their relationship to Petri nets,a.s||b.t,X111V10O01.X111V10O02||X111V10O03.X111V10O04,operand-renamed_same-structure,4
2607,111,11,1994-Concurrent regular expressions and their relationship to Petri nets,a.s||b.t,X111V11O01.X111V11O02||X111V11O03.X111V11O04,operand-renamed_same-structure,4
2608,111,12,1994-Concurrent regular expressions and their relationship to Petri nets,a.s||b.t,X111V12O01.X111V12O02||X111V12O03.X111V12O04,operand-renamed_same-structure,4
2609,111,13,1994-Concurrent regular expressions and their relationship to Petri nets,a.s||b.t,X111V13O01.X111V13O02||X111V13O03.X111V13O04,operand-renamed_same-structure,4
2610,111,14,1994-Concurrent regular expressions and their relationship to Petri nets,a.s||b.t,X111V14O01.X111V14O02||X111V14O03.X111V14O04,operand-renamed_same-structure,4
2611,111,15,1994-Concurrent regular expressions and their relationship to Petri nets,a.s||b.t,X111V15O01.X111V15O02||X111V15O03.X111V15O04,operand-renamed_same-structure,4
2612,111,16,1994-Concurrent regular expressions and their relationship to Petri nets,a.s||b.t,X111V16O01.X111V16O02||X111V16O03.X111V16O04,operand-renamed_same-structure,4
2613,111,17,1994-Concurrent regular expressions and their relationship to Petri nets,a.s||b.t,X111V17O01.X111V17O02||X111V17O03.X111V17O04,operand-renamed_same-structure,4
2614,111,18,1994-Concurrent regular expressions and their relationship to Petri nets,a.s||b.t,X111V18O01.X111V18O02||X111V18O03.X111V18O04,operand-renamed_same-structure,4
2615,111,19,1994-Concurrent regular expressions and their relationship to Petri nets,a.s||b.t,X111V19O01.X111V19O02||X111V19O03.X111V19O04,operand-renamed_same-structure,4
2616,111,20,1994-Concurrent regular expressions and their relationship to Petri nets,a.s||b.t,X111V20O01.X111V20O02||X111V20O03.X111V20O04,operand-renamed_same-structure,4
2617,111,21,1994-Concurrent regular expressions and their relationship to Petri nets,a.s||b.t,X111V21O01.X111V21O02||X111V21O03.X111V21O04,operand-renamed_same-structure,4
2618,111,22,1994-Concurrent regular expressions and their relationship to Petri nets,a.s||b.t,X111V22O01.X111V22O02||X111V22O03.X111V22O04,operand-renamed_same-structure,4
2619,111,23,1994-Concurrent regular expressions and their relationship to Petri nets,a.s||b.t,X111V23O01.X111V23O02||X111V23O03.X111V23O04,operand-renamed_same-structure,4
2620,112,1,,a.(s||b.c)Èb.(a.s||t),X112V01O01.(X112V01O02||X112V01O03.X112V01O04)X112V01O05.(X112V01O01.X112V01O02||X112V01O06),operand-renamed_same-structure,6
2621,112,2,,a.(s||b.c)Èb.(a.s||t),X112V02O01.(X112V02O02||X112V02O03.X112V02O04)X112V02O05.(X112V02O01.X112V02O02||X112V02O06),operand-renamed_same-structure,6
2622,112,3,,a.(s||b.c)Èb.(a.s||t),X112V03O01.(X112V03O02||X112V03O03.X112V03O04)X112V03O05.(X112V03O01.X112V03O02||X112V03O06),operand-renamed_same-structure,6
2623,112,4,,a.(s||b.c)Èb.(a.s||t),X112V04O01.(X112V04O02||X112V04O03.X112V04O04)X112V04O05.(X112V04O01.X112V04O02||X112V04O06),operand-renamed_same-structure,6
2624,112,5,,a.(s||b.c)Èb.(a.s||t),X112V05O01.(X112V05O02||X112V05O03.X112V05O04)X112V05O05.(X112V05O01.X112V05O02||X112V05O06),operand-renamed_same-structure,6
2625,112,6,,a.(s||b.c)Èb.(a.s||t),X112V06O01.(X112V06O02||X112V06O03.X112V06O04)X112V06O05.(X112V06O01.X112V06O02||X112V06O06),operand-renamed_same-structure,6
2626,112,7,,a.(s||b.c)Èb.(a.s||t),X112V07O01.(X112V07O02||X112V07O03.X112V07O04)X112V07O05.(X112V07O01.X112V07O02||X112V07O06),operand-renamed_same-structure,6
2627,112,8,,a.(s||b.c)Èb.(a.s||t),X112V08O01.(X112V08O02||X112V08O03.X112V08O04)X112V08O05.(X112V08O01.X112V08O02||X112V08O06),operand-renamed_same-structure,6
2628,112,9,,a.(s||b.c)Èb.(a.s||t),X112V09O01.(X112V09O02||X112V09O03.X112V09O04)X112V09O05.(X112V09O01.X112V09O02||X112V09O06),operand-renamed_same-structure,6
2629,112,10,,a.(s||b.c)Èb.(a.s||t),X112V10O01.(X112V10O02||X112V10O03.X112V10O04)X112V10O05.(X112V10O01.X112V10O02||X112V10O06),operand-renamed_same-structure,6
2630,112,11,,a.(s||b.c)Èb.(a.s||t),X112V11O01.(X112V11O02||X112V11O03.X112V11O04)X112V11O05.(X112V11O01.X112V11O02||X112V11O06),operand-renamed_same-structure,6
2631,112,12,,a.(s||b.c)Èb.(a.s||t),X112V12O01.(X112V12O02||X112V12O03.X112V12O04)X112V12O05.(X112V12O01.X112V12O02||X112V12O06),operand-renamed_same-structure,6
2632,112,13,,a.(s||b.c)Èb.(a.s||t),X112V13O01.(X112V13O02||X112V13O03.X112V13O04)X112V13O05.(X112V13O01.X112V13O02||X112V13O06),operand-renamed_same-structure,6
2633,112,14,,a.(s||b.c)Èb.(a.s||t),X112V14O01.(X112V14O02||X112V14O03.X112V14O04)X112V14O05.(X112V14O01.X112V14O02||X112V14O06),operand-renamed_same-structure,6
2634,112,15,,a.(s||b.c)Èb.(a.s||t),X112V15O01.(X112V15O02||X112V15O03.X112V15O04)X112V15O05.(X112V15O01.X112V15O02||X112V15O06),operand-renamed_same-structure,6
2635,112,16,,a.(s||b.c)Èb.(a.s||t),X112V16O01.(X112V16O02||X112V16O03.X112V16O04)X112V16O05.(X112V16O01.X112V16O02||X112V16O06),operand-renamed_same-structure,6
2636,112,17,,a.(s||b.c)Èb.(a.s||t),X112V17O01.(X112V17O02||X112V17O03.X112V17O04)X112V17O05.(X112V17O01.X112V17O02||X112V17O06),operand-renamed_same-structure,6
2637,112,18,,a.(s||b.c)Èb.(a.s||t),X112V18O01.(X112V18O02||X112V18O03.X112V18O04)X112V18O05.(X112V18O01.X112V18O02||X112V18O06),operand-renamed_same-structure,6
2638,112,19,,a.(s||b.c)Èb.(a.s||t),X112V19O01.(X112V19O02||X112V19O03.X112V19O04)X112V19O05.(X112V19O01.X112V19O02||X112V19O06),operand-renamed_same-structure,6
2639,112,20,,a.(s||b.c)Èb.(a.s||t),X112V20O01.(X112V20O02||X112V20O03.X112V20O04)X112V20O05.(X112V20O01.X112V20O02||X112V20O06),operand-renamed_same-structure,6
2640,112,21,,a.(s||b.c)Èb.(a.s||t),X112V21O01.(X112V21O02||X112V21O03.X112V21O04)X112V21O05.(X112V21O01.X112V21O02||X112V21O06),operand-renamed_same-structure,6
2641,112,22,,a.(s||b.c)Èb.(a.s||t),X112V22O01.(X112V22O02||X112V22O03.X112V22O04)X112V22O05.(X112V22O01.X112V22O02||X112V22O06),operand-renamed_same-structure,6
2642,112,23,,a.(s||b.c)Èb.(a.s||t),X112V23O01.(X112V23O02||X112V23O03.X112V23O04)X112V23O05.(X112V23O01.X112V23O02||X112V23O06),operand-renamed_same-structure,6
2643,112,24,,a.(s||b.c)Èb.(a.s||t),X112V24O01.(X112V24O02||X112V24O03.X112V24O04)X112V24O05.(X112V24O01.X112V24O02||X112V24O06),operand-renamed_same-structure,6
2644,113,1,,(p.u)*,(X113V01O01.X113V01O02)*,operand-renamed_same-structure,2
2645,113,2,,(p.u)*,(X113V02O01.X113V02O02)*,operand-renamed_same-structure,2
2646,113,3,,(p.u)*,(X113V03O01.X113V03O02)*,operand-renamed_same-structure,2
2647,113,4,,(p.u)*,(X113V04O01.X113V04O02)*,operand-renamed_same-structure,2
2648,113,5,,(p.u)*,(X113V05O01.X113V05O02)*,operand-renamed_same-structure,2
2649,113,6,,(p.u)*,(X113V06O01.X113V06O02)*,operand-renamed_same-structure,2
2650,113,7,,(p.u)*,(X113V07O01.X113V07O02)*,operand-renamed_same-structure,2
2651,113,8,,(p.u)*,(X113V08O01.X113V08O02)*,operand-renamed_same-structure,2
2652,113,9,,(p.u)*,(X113V09O01.X113V09O02)*,operand-renamed_same-structure,2
2653,113,10,,(p.u)*,(X113V10O01.X113V10O02)*,operand-renamed_same-structure,2
2654,113,11,,(p.u)*,(X113V11O01.X113V11O02)*,operand-renamed_same-structure,2
2655,113,12,,(p.u)*,(X113V12O01.X113V12O02)*,operand-renamed_same-structure,2
2656,113,13,,(p.u)*,(X113V13O01.X113V13O02)*,operand-renamed_same-structure,2
2657,113,14,,(p.u)*,(X113V14O01.X113V14O02)*,operand-renamed_same-structure,2
2658,113,15,,(p.u)*,(X113V15O01.X113V15O02)*,operand-renamed_same-structure,2
2659,113,16,,(p.u)*,(X113V16O01.X113V16O02)*,operand-renamed_same-structure,2
2660,113,17,,(p.u)*,(X113V17O01.X113V17O02)*,operand-renamed_same-structure,2
2661,113,18,,(p.u)*,(X113V18O01.X113V18O02)*,operand-renamed_same-structure,2
2662,113,19,,(p.u)*,(X113V19O01.X113V19O02)*,operand-renamed_same-structure,2
2663,113,20,,(p.u)*,(X113V20O01.X113V20O02)*,operand-renamed_same-structure,2
2664,113,21,,(p.u)*,(X113V21O01.X113V21O02)*,operand-renamed_same-structure,2
2665,113,22,,(p.u)*,(X113V22O01.X113V22O02)*,operand-renamed_same-structure,2
2666,113,23,,(p.u)*,(X113V23O01.X113V23O02)*,operand-renamed_same-structure,2
2667,114,1,,(y.c)*,(X114V01O01.X114V01O02)*,operand-renamed_same-structure,2
2668,114,2,,(y.c)*,(X114V02O01.X114V02O02)*,operand-renamed_same-structure,2
2669,114,3,,(y.c)*,(X114V03O01.X114V03O02)*,operand-renamed_same-structure,2
2670,114,4,,(y.c)*,(X114V04O01.X114V04O02)*,operand-renamed_same-structure,2
2671,114,5,,(y.c)*,(X114V05O01.X114V05O02)*,operand-renamed_same-structure,2
2672,114,6,,(y.c)*,(X114V06O01.X114V06O02)*,operand-renamed_same-structure,2
2673,114,7,,(y.c)*,(X114V07O01.X114V07O02)*,operand-renamed_same-structure,2
2674,114,8,,(y.c)*,(X114V08O01.X114V08O02)*,operand-renamed_same-structure,2
2675,114,9,,(y.c)*,(X114V09O01.X114V09O02)*,operand-renamed_same-structure,2
2676,114,10,,(y.c)*,(X114V10O01.X114V10O02)*,operand-renamed_same-structure,2
2677,114,11,,(y.c)*,(X114V11O01.X114V11O02)*,operand-renamed_same-structure,2
2678,114,12,,(y.c)*,(X114V12O01.X114V12O02)*,operand-renamed_same-structure,2
2679,114,13,,(y.c)*,(X114V13O01.X114V13O02)*,operand-renamed_same-structure,2
2680,114,14,,(y.c)*,(X114V14O01.X114V14O02)*,operand-renamed_same-structure,2
2681,114,15,,(y.c)*,(X114V15O01.X114V15O02)*,operand-renamed_same-structure,2
2682,114,16,,(y.c)*,(X114V16O01.X114V16O02)*,operand-renamed_same-structure,2
2683,114,17,,(y.c)*,(X114V17O01.X114V17O02)*,operand-renamed_same-structure,2
2684,114,18,,(y.c)*,(X114V18O01.X114V18O02)*,operand-renamed_same-structure,2
2685,114,19,,(y.c)*,(X114V19O01.X114V19O02)*,operand-renamed_same-structure,2
2686,114,20,,(y.c)*,(X114V20O01.X114V20O02)*,operand-renamed_same-structure,2
2687,114,21,,(y.c)*,(X114V21O01.X114V21O02)*,operand-renamed_same-structure,2
2688,114,22,,(y.c)*,(X114V22O01.X114V22O02)*,operand-renamed_same-structure,2
2689,114,23,,(y.c)*,(X114V23O01.X114V23O02)*,operand-renamed_same-structure,2
2690,114,24,,(y.c)*,(X114V24O01.X114V24O02)*,operand-renamed_same-structure,2
2691,115,1,,(p.y).a,(X115V01O01.X115V01O02).X115V01O03,operand-renamed_same-structure,3
2692,115,2,,(p.y).a,(X115V02O01.X115V02O02).X115V02O03,operand-renamed_same-structure,3
2693,115,3,,(p.y).a,(X115V03O01.X115V03O02).X115V03O03,operand-renamed_same-structure,3
2694,115,4,,(p.y).a,(X115V04O01.X115V04O02).X115V04O03,operand-renamed_same-structure,3
2695,115,5,,(p.y).a,(X115V05O01.X115V05O02).X115V05O03,operand-renamed_same-structure,3
2696,115,6,,(p.y).a,(X115V06O01.X115V06O02).X115V06O03,operand-renamed_same-structure,3
2697,115,7,,(p.y).a,(X115V07O01.X115V07O02).X115V07O03,operand-renamed_same-structure,3
2698,115,8,,(p.y).a,(X115V08O01.X115V08O02).X115V08O03,operand-renamed_same-structure,3
2699,115,9,,(p.y).a,(X115V09O01.X115V09O02).X115V09O03,operand-renamed_same-structure,3
2700,115,10,,(p.y).a,(X115V10O01.X115V10O02).X115V10O03,operand-renamed_same-structure,3
2701,115,11,,(p.y).a,(X115V11O01.X115V11O02).X115V11O03,operand-renamed_same-structure,3
2702,115,12,,(p.y).a,(X115V12O01.X115V12O02).X115V12O03,operand-renamed_same-structure,3
2703,115,13,,(p.y).a,(X115V13O01.X115V13O02).X115V13O03,operand-renamed_same-structure,3
2704,115,14,,(p.y).a,(X115V14O01.X115V14O02).X115V14O03,operand-renamed_same-structure,3
2705,115,15,,(p.y).a,(X115V15O01.X115V15O02).X115V15O03,operand-renamed_same-structure,3
2706,115,16,,(p.y).a,(X115V16O01.X115V16O02).X115V16O03,operand-renamed_same-structure,3
2707,115,17,,(p.y).a,(X115V17O01.X115V17O02).X115V17O03,operand-renamed_same-structure,3
2708,115,18,,(p.y).a,(X115V18O01.X115V18O02).X115V18O03,operand-renamed_same-structure,3
2709,115,19,,(p.y).a,(X115V19O01.X115V19O02).X115V19O03,operand-renamed_same-structure,3
2710,115,20,,(p.y).a,(X115V20O01.X115V20O02).X115V20O03,operand-renamed_same-structure,3
2711,115,21,,(p.y).a,(X115V21O01.X115V21O02).X115V21O03,operand-renamed_same-structure,3
2712,115,22,,(p.y).a,(X115V22O01.X115V22O02).X115V22O03,operand-renamed_same-structure,3
2713,115,23,,(p.y).a,(X115V23O01.X115V23O02).X115V23O03,operand-renamed_same-structure,3
2714,115,24,,(p.y).a,(X115V24O01.X115V24O02).X115V24O03,operand-renamed_same-structure,3
2715,116,1,,producer [] buffer [] consumer,X116V01O01 [] X116V01O02 [] X116V01O03,operand-renamed_same-structure,3
2716,116,2,,producer [] buffer [] consumer,X116V02O01 [] X116V02O02 [] X116V02O03,operand-renamed_same-structure,3
2717,116,3,,producer [] buffer [] consumer,X116V03O01 [] X116V03O02 [] X116V03O03,operand-renamed_same-structure,3
2718,116,4,,producer [] buffer [] consumer,X116V04O01 [] X116V04O02 [] X116V04O03,operand-renamed_same-structure,3
2719,116,5,,producer [] buffer [] consumer,X116V05O01 [] X116V05O02 [] X116V05O03,operand-renamed_same-structure,3
2720,116,6,,producer [] buffer [] consumer,X116V06O01 [] X116V06O02 [] X116V06O03,operand-renamed_same-structure,3
2721,116,7,,producer [] buffer [] consumer,X116V07O01 [] X116V07O02 [] X116V07O03,operand-renamed_same-structure,3
2722,116,8,,producer [] buffer [] consumer,X116V08O01 [] X116V08O02 [] X116V08O03,operand-renamed_same-structure,3
2723,116,9,,producer [] buffer [] consumer,X116V09O01 [] X116V09O02 [] X116V09O03,operand-renamed_same-structure,3
2724,116,10,,producer [] buffer [] consumer,X116V10O01 [] X116V10O02 [] X116V10O03,operand-renamed_same-structure,3
2725,116,11,,producer [] buffer [] consumer,X116V11O01 [] X116V11O02 [] X116V11O03,operand-renamed_same-structure,3
2726,116,12,,producer [] buffer [] consumer,X116V12O01 [] X116V12O02 [] X116V12O03,operand-renamed_same-structure,3
2727,116,13,,producer [] buffer [] consumer,X116V13O01 [] X116V13O02 [] X116V13O03,operand-renamed_same-structure,3
2728,116,14,,producer [] buffer [] consumer,X116V14O01 [] X116V14O02 [] X116V14O03,operand-renamed_same-structure,3
2729,116,15,,producer [] buffer [] consumer,X116V15O01 [] X116V15O02 [] X116V15O03,operand-renamed_same-structure,3
2730,116,16,,producer [] buffer [] consumer,X116V16O01 [] X116V16O02 [] X116V16O03,operand-renamed_same-structure,3
2731,116,17,,producer [] buffer [] consumer,X116V17O01 [] X116V17O02 [] X116V17O03,operand-renamed_same-structure,3
2732,116,18,,producer [] buffer [] consumer,X116V18O01 [] X116V18O02 [] X116V18O03,operand-renamed_same-structure,3
2733,116,19,,producer [] buffer [] consumer,X116V19O01 [] X116V19O02 [] X116V19O03,operand-renamed_same-structure,3
2734,116,20,,producer [] buffer [] consumer,X116V20O01 [] X116V20O02 [] X116V20O03,operand-renamed_same-structure,3
2735,116,21,,producer [] buffer [] consumer,X116V21O01 [] X116V21O02 [] X116V21O03,operand-renamed_same-structure,3
2736,116,22,,producer [] buffer [] consumer,X116V22O01 [] X116V22O02 [] X116V22O03,operand-renamed_same-structure,3
2737,116,23,,producer [] buffer [] consumer,X116V23O01 [] X116V23O02 [] X116V23O03,operand-renamed_same-structure,3
2738,116,24,,producer [] buffer [] consumer,X116V24O01 [] X116V24O02 [] X116V24O03,operand-renamed_same-structure,3
2739,117,1,,nrce,X117V01O01,operand-renamed_same-structure,1
2740,117,2,,nrce,X117V02O01,operand-renamed_same-structure,1
2741,117,3,,nrce,X117V03O01,operand-renamed_same-structure,1
2742,117,4,,nrce,X117V04O01,operand-renamed_same-structure,1
2743,117,5,,nrce,X117V05O01,operand-renamed_same-structure,1
2744,117,6,,nrce,X117V06O01,operand-renamed_same-structure,1
2745,117,7,,nrce,X117V07O01,operand-renamed_same-structure,1
2746,117,8,,nrce,X117V08O01,operand-renamed_same-structure,1
2747,117,9,,nrce,X117V09O01,operand-renamed_same-structure,1
2748,117,10,,nrce,X117V10O01,operand-renamed_same-structure,1
2749,117,11,,nrce,X117V11O01,operand-renamed_same-structure,1
2750,117,12,,nrce,X117V12O01,operand-renamed_same-structure,1
2751,117,13,,nrce,X117V13O01,operand-renamed_same-structure,1
2752,117,14,,nrce,X117V14O01,operand-renamed_same-structure,1
2753,117,15,,nrce,X117V15O01,operand-renamed_same-structure,1
2754,117,16,,nrce,X117V16O01,operand-renamed_same-structure,1
2755,117,17,,nrce,X117V17O01,operand-renamed_same-structure,1
2756,117,18,,nrce,X117V18O01,operand-renamed_same-structure,1
2757,117,19,,nrce,X117V19O01,operand-renamed_same-structure,1
2758,117,20,,nrce,X117V20O01,operand-renamed_same-structure,1
2759,117,21,,nrce,X117V21O01,operand-renamed_same-structure,1
2760,117,22,,nrce,X117V22O01,operand-renamed_same-structure,1
2761,117,23,,nrce,X117V23O01,operand-renamed_same-structure,1
2762,117,24,,nrce,X117V24O01,operand-renamed_same-structure,1
2763,118,1,,rue,X118V01O01,operand-renamed_same-structure,1
2764,118,2,,rue,X118V02O01,operand-renamed_same-structure,1
2765,118,3,,rue,X118V03O01,operand-renamed_same-structure,1
2766,118,4,,rue,X118V04O01,operand-renamed_same-structure,1
2767,118,5,,rue,X118V05O01,operand-renamed_same-structure,1
2768,118,6,,rue,X118V06O01,operand-renamed_same-structure,1
2769,118,7,,rue,X118V07O01,operand-renamed_same-structure,1
2770,118,8,,rue,X118V08O01,operand-renamed_same-structure,1
2771,118,9,,rue,X118V09O01,operand-renamed_same-structure,1
2772,118,10,,rue,X118V10O01,operand-renamed_same-structure,1
2773,118,11,,rue,X118V11O01,operand-renamed_same-structure,1
2774,118,12,,rue,X118V12O01,operand-renamed_same-structure,1
2775,118,13,,rue,X118V13O01,operand-renamed_same-structure,1
2776,118,14,,rue,X118V14O01,operand-renamed_same-structure,1
2777,118,15,,rue,X118V15O01,operand-renamed_same-structure,1
2778,118,16,,rue,X118V16O01,operand-renamed_same-structure,1
2779,118,17,,rue,X118V17O01,operand-renamed_same-structure,1
2780,118,18,,rue,X118V18O01,operand-renamed_same-structure,1
2781,118,19,,rue,X118V19O01,operand-renamed_same-structure,1
2782,118,20,,rue,X118V20O01,operand-renamed_same-structure,1
2783,118,21,,rue,X118V21O01,operand-renamed_same-structure,1
2784,118,22,,rue,X118V22O01,operand-renamed_same-structure,1
2785,118,23,,rue,X118V23O01,operand-renamed_same-structure,1
2786,118,24,,rue,X118V24O01,operand-renamed_same-structure,1
2787,119,1,,nrce[]rue,X119V01O01[]X119V01O02,operand-renamed_same-structure,2
2788,119,2,,nrce[]rue,X119V02O01[]X119V02O02,operand-renamed_same-structure,2
2789,119,3,,nrce[]rue,X119V03O01[]X119V03O02,operand-renamed_same-structure,2
2790,119,4,,nrce[]rue,X119V04O01[]X119V04O02,operand-renamed_same-structure,2
2791,119,5,,nrce[]rue,X119V05O01[]X119V05O02,operand-renamed_same-structure,2
2792,119,6,,nrce[]rue,X119V06O01[]X119V06O02,operand-renamed_same-structure,2
2793,119,7,,nrce[]rue,X119V07O01[]X119V07O02,operand-renamed_same-structure,2
2794,119,8,,nrce[]rue,X119V08O01[]X119V08O02,operand-renamed_same-structure,2
2795,119,9,,nrce[]rue,X119V09O01[]X119V09O02,operand-renamed_same-structure,2
2796,119,10,,nrce[]rue,X119V10O01[]X119V10O02,operand-renamed_same-structure,2
2797,119,11,,nrce[]rue,X119V11O01[]X119V11O02,operand-renamed_same-structure,2
2798,119,12,,nrce[]rue,X119V12O01[]X119V12O02,operand-renamed_same-structure,2
2799,119,13,,nrce[]rue,X119V13O01[]X119V13O02,operand-renamed_same-structure,2
2800,119,14,,nrce[]rue,X119V14O01[]X119V14O02,operand-renamed_same-structure,2
2801,119,15,,nrce[]rue,X119V15O01[]X119V15O02,operand-renamed_same-structure,2
2802,119,16,,nrce[]rue,X119V16O01[]X119V16O02,operand-renamed_same-structure,2
2803,119,17,,nrce[]rue,X119V17O01[]X119V17O02,operand-renamed_same-structure,2
2804,119,18,,nrce[]rue,X119V18O01[]X119V18O02,operand-renamed_same-structure,2
2805,119,19,,nrce[]rue,X119V19O01[]X119V19O02,operand-renamed_same-structure,2
2806,119,20,,nrce[]rue,X119V20O01[]X119V20O02,operand-renamed_same-structure,2
2807,119,21,,nrce[]rue,X119V21O01[]X119V21O02,operand-renamed_same-structure,2
2808,119,22,,nrce[]rue,X119V22O01[]X119V22O02,operand-renamed_same-structure,2
2809,119,23,,nrce[]rue,X119V23O01[]X119V23O02,operand-renamed_same-structure,2
2810,119,24,,nrce[]rue,X119V24O01[]X119V24O02,operand-renamed_same-structure,2
2811,120,1,,(w(m.m)*w).a,(X120V01O01(X120V01O02.X120V01O02)*X120V01O01).X120V01O03,operand-renamed_same-structure,3
2812,120,2,,(w(m.m)*w).a,(X120V02O01(X120V02O02.X120V02O02)*X120V02O01).X120V02O03,operand-renamed_same-structure,3
2813,120,3,,(w(m.m)*w).a,(X120V03O01(X120V03O02.X120V03O02)*X120V03O01).X120V03O03,operand-renamed_same-structure,3
2814,120,4,,(w(m.m)*w).a,(X120V04O01(X120V04O02.X120V04O02)*X120V04O01).X120V04O03,operand-renamed_same-structure,3
2815,120,5,,(w(m.m)*w).a,(X120V05O01(X120V05O02.X120V05O02)*X120V05O01).X120V05O03,operand-renamed_same-structure,3
2816,120,6,,(w(m.m)*w).a,(X120V06O01(X120V06O02.X120V06O02)*X120V06O01).X120V06O03,operand-renamed_same-structure,3
2817,120,7,,(w(m.m)*w).a,(X120V07O01(X120V07O02.X120V07O02)*X120V07O01).X120V07O03,operand-renamed_same-structure,3
2818,120,8,,(w(m.m)*w).a,(X120V08O01(X120V08O02.X120V08O02)*X120V08O01).X120V08O03,operand-renamed_same-structure,3
2819,120,9,,(w(m.m)*w).a,(X120V09O01(X120V09O02.X120V09O02)*X120V09O01).X120V09O03,operand-renamed_same-structure,3
2820,120,10,,(w(m.m)*w).a,(X120V10O01(X120V10O02.X120V10O02)*X120V10O01).X120V10O03,operand-renamed_same-structure,3
2821,120,11,,(w(m.m)*w).a,(X120V11O01(X120V11O02.X120V11O02)*X120V11O01).X120V11O03,operand-renamed_same-structure,3
2822,120,12,,(w(m.m)*w).a,(X120V12O01(X120V12O02.X120V12O02)*X120V12O01).X120V12O03,operand-renamed_same-structure,3
2823,120,13,,(w(m.m)*w).a,(X120V13O01(X120V13O02.X120V13O02)*X120V13O01).X120V13O03,operand-renamed_same-structure,3
2824,120,14,,(w(m.m)*w).a,(X120V14O01(X120V14O02.X120V14O02)*X120V14O01).X120V14O03,operand-renamed_same-structure,3
2825,120,15,,(w(m.m)*w).a,(X120V15O01(X120V15O02.X120V15O02)*X120V15O01).X120V15O03,operand-renamed_same-structure,3
2826,120,16,,(w(m.m)*w).a,(X120V16O01(X120V16O02.X120V16O02)*X120V16O01).X120V16O03,operand-renamed_same-structure,3
2827,120,17,,(w(m.m)*w).a,(X120V17O01(X120V17O02.X120V17O02)*X120V17O01).X120V17O03,operand-renamed_same-structure,3
2828,120,18,,(w(m.m)*w).a,(X120V18O01(X120V18O02.X120V18O02)*X120V18O01).X120V18O03,operand-renamed_same-structure,3
2829,120,19,,(w(m.m)*w).a,(X120V19O01(X120V19O02.X120V19O02)*X120V19O01).X120V19O03,operand-renamed_same-structure,3
2830,120,20,,(w(m.m)*w).a,(X120V20O01(X120V20O02.X120V20O02)*X120V20O01).X120V20O03,operand-renamed_same-structure,3
2831,120,21,,(w(m.m)*w).a,(X120V21O01(X120V21O02.X120V21O02)*X120V21O01).X120V21O03,operand-renamed_same-structure,3
2832,120,22,,(w(m.m)*w).a,(X120V22O01(X120V22O02.X120V22O02)*X120V22O01).X120V22O03,operand-renamed_same-structure,3
2833,120,23,,(w(m.m)*w).a,(X120V23O01(X120V23O02.X120V23O02)*X120V23O01).X120V23O03,operand-renamed_same-structure,3
2834,120,24,,(w(m.m)*w).a,(X120V24O01(X120V24O02.X120V24O02)*X120V24O01).X120V24O03,operand-renamed_same-structure,3
2835,121,1,,mana [] womana []construint,X121V01O01 [] X121V01O02 []X121V01O03,operand-renamed_same-structure,3
2836,121,2,,mana [] womana []construint,X121V02O01 [] X121V02O02 []X121V02O03,operand-renamed_same-structure,3
2837,121,3,,mana [] womana []construint,X121V03O01 [] X121V03O02 []X121V03O03,operand-renamed_same-structure,3
2838,121,4,,mana [] womana []construint,X121V04O01 [] X121V04O02 []X121V04O03,operand-renamed_same-structure,3
2839,121,5,,mana [] womana []construint,X121V05O01 [] X121V05O02 []X121V05O03,operand-renamed_same-structure,3
2840,121,6,,mana [] womana []construint,X121V06O01 [] X121V06O02 []X121V06O03,operand-renamed_same-structure,3
2841,121,7,,mana [] womana []construint,X121V07O01 [] X121V07O02 []X121V07O03,operand-renamed_same-structure,3
2842,121,8,,mana [] womana []construint,X121V08O01 [] X121V08O02 []X121V08O03,operand-renamed_same-structure,3
2843,121,9,,mana [] womana []construint,X121V09O01 [] X121V09O02 []X121V09O03,operand-renamed_same-structure,3
2844,121,10,,mana [] womana []construint,X121V10O01 [] X121V10O02 []X121V10O03,operand-renamed_same-structure,3
2845,121,11,,mana [] womana []construint,X121V11O01 [] X121V11O02 []X121V11O03,operand-renamed_same-structure,3
2846,121,12,,mana [] womana []construint,X121V12O01 [] X121V12O02 []X121V12O03,operand-renamed_same-structure,3
2847,121,13,,mana [] womana []construint,X121V13O01 [] X121V13O02 []X121V13O03,operand-renamed_same-structure,3
2848,121,14,,mana [] womana []construint,X121V14O01 [] X121V14O02 []X121V14O03,operand-renamed_same-structure,3
2849,121,15,,mana [] womana []construint,X121V15O01 [] X121V15O02 []X121V15O03,operand-renamed_same-structure,3
2850,121,16,,mana [] womana []construint,X121V16O01 [] X121V16O02 []X121V16O03,operand-renamed_same-structure,3
2851,121,17,,mana [] womana []construint,X121V17O01 [] X121V17O02 []X121V17O03,operand-renamed_same-structure,3
2852,121,18,,mana [] womana []construint,X121V18O01 [] X121V18O02 []X121V18O03,operand-renamed_same-structure,3
2853,121,19,,mana [] womana []construint,X121V19O01 [] X121V19O02 []X121V19O03,operand-renamed_same-structure,3
2854,121,20,,mana [] womana []construint,X121V20O01 [] X121V20O02 []X121V20O03,operand-renamed_same-structure,3
2855,121,21,,mana [] womana []construint,X121V21O01 [] X121V21O02 []X121V21O03,operand-renamed_same-structure,3
2856,121,22,,mana [] womana []construint,X121V22O01 [] X121V22O02 []X121V22O03,operand-renamed_same-structure,3
2857,121,23,,mana [] womana []construint,X121V23O01 [] X121V23O02 []X121V23O03,operand-renamed_same-structure,3
2858,122,1,,(abc)a[] a*b*c*,(X122V01O01)X122V01O02[] X122V01O02*X122V01O03*X122V01O04*,operand-renamed_same-structure,4
2859,122,2,,(abc)a[] a*b*c*,(X122V02O01)X122V02O02[] X122V02O02*X122V02O03*X122V02O04*,operand-renamed_same-structure,4
2860,122,3,,(abc)a[] a*b*c*,(X122V03O01)X122V03O02[] X122V03O02*X122V03O03*X122V03O04*,operand-renamed_same-structure,4
2861,122,4,,(abc)a[] a*b*c*,(X122V04O01)X122V04O02[] X122V04O02*X122V04O03*X122V04O04*,operand-renamed_same-structure,4
2862,122,5,,(abc)a[] a*b*c*,(X122V05O01)X122V05O02[] X122V05O02*X122V05O03*X122V05O04*,operand-renamed_same-structure,4
2863,122,6,,(abc)a[] a*b*c*,(X122V06O01)X122V06O02[] X122V06O02*X122V06O03*X122V06O04*,operand-renamed_same-structure,4
2864,122,7,,(abc)a[] a*b*c*,(X122V07O01)X122V07O02[] X122V07O02*X122V07O03*X122V07O04*,operand-renamed_same-structure,4
2865,122,8,,(abc)a[] a*b*c*,(X122V08O01)X122V08O02[] X122V08O02*X122V08O03*X122V08O04*,operand-renamed_same-structure,4
2866,122,9,,(abc)a[] a*b*c*,(X122V09O01)X122V09O02[] X122V09O02*X122V09O03*X122V09O04*,operand-renamed_same-structure,4
2867,122,10,,(abc)a[] a*b*c*,(X122V10O01)X122V10O02[] X122V10O02*X122V10O03*X122V10O04*,operand-renamed_same-structure,4
2868,122,11,,(abc)a[] a*b*c*,(X122V11O01)X122V11O02[] X122V11O02*X122V11O03*X122V11O04*,operand-renamed_same-structure,4
2869,122,12,,(abc)a[] a*b*c*,(X122V12O01)X122V12O02[] X122V12O02*X122V12O03*X122V12O04*,operand-renamed_same-structure,4
2870,122,13,,(abc)a[] a*b*c*,(X122V13O01)X122V13O02[] X122V13O02*X122V13O03*X122V13O04*,operand-renamed_same-structure,4
2871,122,14,,(abc)a[] a*b*c*,(X122V14O01)X122V14O02[] X122V14O02*X122V14O03*X122V14O04*,operand-renamed_same-structure,4
2872,122,15,,(abc)a[] a*b*c*,(X122V15O01)X122V15O02[] X122V15O02*X122V15O03*X122V15O04*,operand-renamed_same-structure,4
2873,122,16,,(abc)a[] a*b*c*,(X122V16O01)X122V16O02[] X122V16O02*X122V16O03*X122V16O04*,operand-renamed_same-structure,4
2874,122,17,,(abc)a[] a*b*c*,(X122V17O01)X122V17O02[] X122V17O02*X122V17O03*X122V17O04*,operand-renamed_same-structure,4
2875,122,18,,(abc)a[] a*b*c*,(X122V18O01)X122V18O02[] X122V18O02*X122V18O03*X122V18O04*,operand-renamed_same-structure,4
2876,122,19,,(abc)a[] a*b*c*,(X122V19O01)X122V19O02[] X122V19O02*X122V19O03*X122V19O04*,operand-renamed_same-structure,4
2877,122,20,,(abc)a[] a*b*c*,(X122V20O01)X122V20O02[] X122V20O02*X122V20O03*X122V20O04*,operand-renamed_same-structure,4
2878,122,21,,(abc)a[] a*b*c*,(X122V21O01)X122V21O02[] X122V21O02*X122V21O03*X122V21O04*,operand-renamed_same-structure,4
2879,122,22,,(abc)a[] a*b*c*,(X122V22O01)X122V22O02[] X122V22O02*X122V22O03*X122V22O04*,operand-renamed_same-structure,4
2880,122,23,,(abc)a[] a*b*c*,(X122V23O01)X122V23O02[] X122V23O02*X122V23O03*X122V23O04*,operand-renamed_same-structure,4
2881,122,24,,(abc)a[] a*b*c*,(X122V24O01)X122V24O02[] X122V24O02*X122V24O03*X122V24O04*,operand-renamed_same-structure,4
2882,123,1,2022-Manipulation of Regular Expressions Using Derivatives: An Overview,"dσ(⊕(r1, . . . , rn))","dσ(⊕(X123V01O01, . . . , X123V01O02))",operand-renamed_same-structure,2
2883,123,2,2022-Manipulation of Regular Expressions Using Derivatives: An Overview,"dσ(⊕(r1, . . . , rn))","dσ(⊕(X123V02O01, . . . , X123V02O02))",operand-renamed_same-structure,2
2884,123,3,2022-Manipulation of Regular Expressions Using Derivatives: An Overview,"dσ(⊕(r1, . . . , rn))","dσ(⊕(X123V03O01, . . . , X123V03O02))",operand-renamed_same-structure,2
2885,123,4,2022-Manipulation of Regular Expressions Using Derivatives: An Overview,"dσ(⊕(r1, . . . , rn))","dσ(⊕(X123V04O01, . . . , X123V04O02))",operand-renamed_same-structure,2
2886,123,5,2022-Manipulation of Regular Expressions Using Derivatives: An Overview,"dσ(⊕(r1, . . . , rn))","dσ(⊕(X123V05O01, . . . , X123V05O02))",operand-renamed_same-structure,2
2887,123,6,2022-Manipulation of Regular Expressions Using Derivatives: An Overview,"dσ(⊕(r1, . . . , rn))","dσ(⊕(X123V06O01, . . . , X123V06O02))",operand-renamed_same-structure,2
2888,123,7,2022-Manipulation of Regular Expressions Using Derivatives: An Overview,"dσ(⊕(r1, . . . , rn))","dσ(⊕(X123V07O01, . . . , X123V07O02))",operand-renamed_same-structure,2
2889,123,8,2022-Manipulation of Regular Expressions Using Derivatives: An Overview,"dσ(⊕(r1, . . . , rn))","dσ(⊕(X123V08O01, . . . , X123V08O02))",operand-renamed_same-structure,2
2890,123,9,2022-Manipulation of Regular Expressions Using Derivatives: An Overview,"dσ(⊕(r1, . . . , rn))","dσ(⊕(X123V09O01, . . . , X123V09O02))",operand-renamed_same-structure,2
2891,123,10,2022-Manipulation of Regular Expressions Using Derivatives: An Overview,"dσ(⊕(r1, . . . , rn))","dσ(⊕(X123V10O01, . . . , X123V10O02))",operand-renamed_same-structure,2
2892,123,11,2022-Manipulation of Regular Expressions Using Derivatives: An Overview,"dσ(⊕(r1, . . . , rn))","dσ(⊕(X123V11O01, . . . , X123V11O02))",operand-renamed_same-structure,2
2893,123,12,2022-Manipulation of Regular Expressions Using Derivatives: An Overview,"dσ(⊕(r1, . . . , rn))","dσ(⊕(X123V12O01, . . . , X123V12O02))",operand-renamed_same-structure,2
2894,123,13,2022-Manipulation of Regular Expressions Using Derivatives: An Overview,"dσ(⊕(r1, . . . , rn))","dσ(⊕(X123V13O01, . . . , X123V13O02))",operand-renamed_same-structure,2
2895,123,14,2022-Manipulation of Regular Expressions Using Derivatives: An Overview,"dσ(⊕(r1, . . . , rn))","dσ(⊕(X123V14O01, . . . , X123V14O02))",operand-renamed_same-structure,2
2896,123,15,2022-Manipulation of Regular Expressions Using Derivatives: An Overview,"dσ(⊕(r1, . . . , rn))","dσ(⊕(X123V15O01, . . . , X123V15O02))",operand-renamed_same-structure,2
2897,123,16,2022-Manipulation of Regular Expressions Using Derivatives: An Overview,"dσ(⊕(r1, . . . , rn))","dσ(⊕(X123V16O01, . . . , X123V16O02))",operand-renamed_same-structure,2
2898,123,17,2022-Manipulation of Regular Expressions Using Derivatives: An Overview,"dσ(⊕(r1, . . . , rn))","dσ(⊕(X123V17O01, . . . , X123V17O02))",operand-renamed_same-structure,2
2899,123,18,2022-Manipulation of Regular Expressions Using Derivatives: An Overview,"dσ(⊕(r1, . . . , rn))","dσ(⊕(X123V18O01, . . . , X123V18O02))",operand-renamed_same-structure,2
2900,123,19,2022-Manipulation of Regular Expressions Using Derivatives: An Overview,"dσ(⊕(r1, . . . , rn))","dσ(⊕(X123V19O01, . . . , X123V19O02))",operand-renamed_same-structure,2
2901,123,20,2022-Manipulation of Regular Expressions Using Derivatives: An Overview,"dσ(⊕(r1, . . . , rn))","dσ(⊕(X123V20O01, . . . , X123V20O02))",operand-renamed_same-structure,2
2902,123,21,2022-Manipulation of Regular Expressions Using Derivatives: An Overview,"dσ(⊕(r1, . . . , rn))","dσ(⊕(X123V21O01, . . . , X123V21O02))",operand-renamed_same-structure,2
2903,123,22,2022-Manipulation of Regular Expressions Using Derivatives: An Overview,"dσ(⊕(r1, . . . , rn))","dσ(⊕(X123V22O01, . . . , X123V22O02))",operand-renamed_same-structure,2
2904,123,23,2022-Manipulation of Regular Expressions Using Derivatives: An Overview,"dσ(⊕(r1, . . . , rn))","dσ(⊕(X123V23O01, . . . , X123V23O02))",operand-renamed_same-structure,2
2905,124,1,,"⊕(dσ(r1), . . . , dσ(rn))","⊕(dσ(X124V01O01), . . . , dσ(X124V01O02))",operand-renamed_same-structure,2
2906,124,2,,"⊕(dσ(r1), . . . , dσ(rn))","⊕(dσ(X124V02O01), . . . , dσ(X124V02O02))",operand-renamed_same-structure,2
2907,124,3,,"⊕(dσ(r1), . . . , dσ(rn))","⊕(dσ(X124V03O01), . . . , dσ(X124V03O02))",operand-renamed_same-structure,2
2908,124,4,,"⊕(dσ(r1), . . . , dσ(rn))","⊕(dσ(X124V04O01), . . . , dσ(X124V04O02))",operand-renamed_same-structure,2
2909,124,5,,"⊕(dσ(r1), . . . , dσ(rn))","⊕(dσ(X124V05O01), . . . , dσ(X124V05O02))",operand-renamed_same-structure,2
2910,124,6,,"⊕(dσ(r1), . . . , dσ(rn))","⊕(dσ(X124V06O01), . . . , dσ(X124V06O02))",operand-renamed_same-structure,2
2911,124,7,,"⊕(dσ(r1), . . . , dσ(rn))","⊕(dσ(X124V07O01), . . . , dσ(X124V07O02))",operand-renamed_same-structure,2
2912,124,8,,"⊕(dσ(r1), . . . , dσ(rn))","⊕(dσ(X124V08O01), . . . , dσ(X124V08O02))",operand-renamed_same-structure,2
2913,124,9,,"⊕(dσ(r1), . . . , dσ(rn))","⊕(dσ(X124V09O01), . . . , dσ(X124V09O02))",operand-renamed_same-structure,2
2914,124,10,,"⊕(dσ(r1), . . . , dσ(rn))","⊕(dσ(X124V10O01), . . . , dσ(X124V10O02))",operand-renamed_same-structure,2
2915,124,11,,"⊕(dσ(r1), . . . , dσ(rn))","⊕(dσ(X124V11O01), . . . , dσ(X124V11O02))",operand-renamed_same-structure,2
2916,124,12,,"⊕(dσ(r1), . . . , dσ(rn))","⊕(dσ(X124V12O01), . . . , dσ(X124V12O02))",operand-renamed_same-structure,2
2917,124,13,,"⊕(dσ(r1), . . . , dσ(rn))","⊕(dσ(X124V13O01), . . . , dσ(X124V13O02))",operand-renamed_same-structure,2
2918,124,14,,"⊕(dσ(r1), . . . , dσ(rn))","⊕(dσ(X124V14O01), . . . , dσ(X124V14O02))",operand-renamed_same-structure,2
2919,124,15,,"⊕(dσ(r1), . . . , dσ(rn))","⊕(dσ(X124V15O01), . . . , dσ(X124V15O02))",operand-renamed_same-structure,2
2920,124,16,,"⊕(dσ(r1), . . . , dσ(rn))","⊕(dσ(X124V16O01), . . . , dσ(X124V16O02))",operand-renamed_same-structure,2
2921,124,17,,"⊕(dσ(r1), . . . , dσ(rn))","⊕(dσ(X124V17O01), . . . , dσ(X124V17O02))",operand-renamed_same-structure,2
2922,124,18,,"⊕(dσ(r1), . . . , dσ(rn))","⊕(dσ(X124V18O01), . . . , dσ(X124V18O02))",operand-renamed_same-structure,2
2923,124,19,,"⊕(dσ(r1), . . . , dσ(rn))","⊕(dσ(X124V19O01), . . . , dσ(X124V19O02))",operand-renamed_same-structure,2
2924,124,20,,"⊕(dσ(r1), . . . , dσ(rn))","⊕(dσ(X124V20O01), . . . , dσ(X124V20O02))",operand-renamed_same-structure,2
2925,124,21,,"⊕(dσ(r1), . . . , dσ(rn))","⊕(dσ(X124V21O01), . . . , dσ(X124V21O02))",operand-renamed_same-structure,2
2926,124,22,,"⊕(dσ(r1), . . . , dσ(rn))","⊕(dσ(X124V22O01), . . . , dσ(X124V22O02))",operand-renamed_same-structure,2
2927,124,23,,"⊕(dσ(r1), . . . , dσ(rn))","⊕(dσ(X124V23O01), . . . , dσ(X124V23O02))",operand-renamed_same-structure,2
2928,124,24,,"⊕(dσ(r1), . . . , dσ(rn))","⊕(dσ(X124V24O01), . . . , dσ(X124V24O02))",operand-renamed_same-structure,2
2929,125,1,2023-Guarded Kleene Algebra with Tests: Automata Learning,(be) ∗ Øb,(X125V01O01) ∗ X125V01O02,operand-renamed_same-structure,2
2930,125,2,2023-Guarded Kleene Algebra with Tests: Automata Learning,(be) ∗ Øb,(X125V02O01) ∗ X125V02O02,operand-renamed_same-structure,2
2931,125,3,2023-Guarded Kleene Algebra with Tests: Automata Learning,(be) ∗ Øb,(X125V03O01) ∗ X125V03O02,operand-renamed_same-structure,2
2932,125,4,2023-Guarded Kleene Algebra with Tests: Automata Learning,(be) ∗ Øb,(X125V04O01) ∗ X125V04O02,operand-renamed_same-structure,2
2933,125,5,2023-Guarded Kleene Algebra with Tests: Automata Learning,(be) ∗ Øb,(X125V05O01) ∗ X125V05O02,operand-renamed_same-structure,2
2934,125,6,2023-Guarded Kleene Algebra with Tests: Automata Learning,(be) ∗ Øb,(X125V06O01) ∗ X125V06O02,operand-renamed_same-structure,2
2935,125,7,2023-Guarded Kleene Algebra with Tests: Automata Learning,(be) ∗ Øb,(X125V07O01) ∗ X125V07O02,operand-renamed_same-structure,2
2936,125,8,2023-Guarded Kleene Algebra with Tests: Automata Learning,(be) ∗ Øb,(X125V08O01) ∗ X125V08O02,operand-renamed_same-structure,2
2937,125,9,2023-Guarded Kleene Algebra with Tests: Automata Learning,(be) ∗ Øb,(X125V09O01) ∗ X125V09O02,operand-renamed_same-structure,2
2938,125,10,2023-Guarded Kleene Algebra with Tests: Automata Learning,(be) ∗ Øb,(X125V10O01) ∗ X125V10O02,operand-renamed_same-structure,2
2939,125,11,2023-Guarded Kleene Algebra with Tests: Automata Learning,(be) ∗ Øb,(X125V11O01) ∗ X125V11O02,operand-renamed_same-structure,2
2940,125,12,2023-Guarded Kleene Algebra with Tests: Automata Learning,(be) ∗ Øb,(X125V12O01) ∗ X125V12O02,operand-renamed_same-structure,2
2941,125,13,2023-Guarded Kleene Algebra with Tests: Automata Learning,(be) ∗ Øb,(X125V13O01) ∗ X125V13O02,operand-renamed_same-structure,2
2942,125,14,2023-Guarded Kleene Algebra with Tests: Automata Learning,(be) ∗ Øb,(X125V14O01) ∗ X125V14O02,operand-renamed_same-structure,2
2943,125,15,2023-Guarded Kleene Algebra with Tests: Automata Learning,(be) ∗ Øb,(X125V15O01) ∗ X125V15O02,operand-renamed_same-structure,2
2944,125,16,2023-Guarded Kleene Algebra with Tests: Automata Learning,(be) ∗ Øb,(X125V16O01) ∗ X125V16O02,operand-renamed_same-structure,2
2945,125,17,2023-Guarded Kleene Algebra with Tests: Automata Learning,(be) ∗ Øb,(X125V17O01) ∗ X125V17O02,operand-renamed_same-structure,2
2946,125,18,2023-Guarded Kleene Algebra with Tests: Automata Learning,(be) ∗ Øb,(X125V18O01) ∗ X125V18O02,operand-renamed_same-structure,2
2947,125,19,2023-Guarded Kleene Algebra with Tests: Automata Learning,(be) ∗ Øb,(X125V19O01) ∗ X125V19O02,operand-renamed_same-structure,2
2948,125,20,2023-Guarded Kleene Algebra with Tests: Automata Learning,(be) ∗ Øb,(X125V20O01) ∗ X125V20O02,operand-renamed_same-structure,2
2949,125,21,2023-Guarded Kleene Algebra with Tests: Automata Learning,(be) ∗ Øb,(X125V21O01) ∗ X125V21O02,operand-renamed_same-structure,2
2950,125,22,2023-Guarded Kleene Algebra with Tests: Automata Learning,(be) ∗ Øb,(X125V22O01) ∗ X125V22O02,operand-renamed_same-structure,2
2951,125,23,2023-Guarded Kleene Algebra with Tests: Automata Learning,(be) ∗ Øb,(X125V23O01) ∗ X125V23O02,operand-renamed_same-structure,2
2952,125,24,2023-Guarded Kleene Algebra with Tests: Automata Learning,(be) ∗ Øb,(X125V24O01) ∗ X125V24O02,operand-renamed_same-structure,2
2953,126,1,,(e+bf)+cg,(X126V01O01+X126V01O02)+X126V01O03,operand-renamed_same-structure,3
2954,126,2,,(e+bf)+cg,(X126V02O01+X126V02O02)+X126V02O03,operand-renamed_same-structure,3
2955,126,3,,(e+bf)+cg,(X126V03O01+X126V03O02)+X126V03O03,operand-renamed_same-structure,3
2956,126,4,,(e+bf)+cg,(X126V04O01+X126V04O02)+X126V04O03,operand-renamed_same-structure,3
2957,126,5,,(e+bf)+cg,(X126V05O01+X126V05O02)+X126V05O03,operand-renamed_same-structure,3
2958,126,6,,(e+bf)+cg,(X126V06O01+X126V06O02)+X126V06O03,operand-renamed_same-structure,3
2959,126,7,,(e+bf)+cg,(X126V07O01+X126V07O02)+X126V07O03,operand-renamed_same-structure,3
2960,126,8,,(e+bf)+cg,(X126V08O01+X126V08O02)+X126V08O03,operand-renamed_same-structure,3
2961,126,9,,(e+bf)+cg,(X126V09O01+X126V09O02)+X126V09O03,operand-renamed_same-structure,3
2962,126,10,,(e+bf)+cg,(X126V10O01+X126V10O02)+X126V10O03,operand-renamed_same-structure,3
2963,126,11,,(e+bf)+cg,(X126V11O01+X126V11O02)+X126V11O03,operand-renamed_same-structure,3
2964,126,12,,(e+bf)+cg,(X126V12O01+X126V12O02)+X126V12O03,operand-renamed_same-structure,3
2965,126,13,,(e+bf)+cg,(X126V13O01+X126V13O02)+X126V13O03,operand-renamed_same-structure,3
2966,126,14,,(e+bf)+cg,(X126V14O01+X126V14O02)+X126V14O03,operand-renamed_same-structure,3
2967,126,15,,(e+bf)+cg,(X126V15O01+X126V15O02)+X126V15O03,operand-renamed_same-structure,3
2968,126,16,,(e+bf)+cg,(X126V16O01+X126V16O02)+X126V16O03,operand-renamed_same-structure,3
2969,126,17,,(e+bf)+cg,(X126V17O01+X126V17O02)+X126V17O03,operand-renamed_same-structure,3
2970,126,18,,(e+bf)+cg,(X126V18O01+X126V18O02)+X126V18O03,operand-renamed_same-structure,3
2971,126,19,,(e+bf)+cg,(X126V19O01+X126V19O02)+X126V19O03,operand-renamed_same-structure,3
2972,126,20,,(e+bf)+cg,(X126V20O01+X126V20O02)+X126V20O03,operand-renamed_same-structure,3
2973,126,21,,(e+bf)+cg,(X126V21O01+X126V21O02)+X126V21O03,operand-renamed_same-structure,3
2974,126,22,,(e+bf)+cg,(X126V22O01+X126V22O02)+X126V22O03,operand-renamed_same-structure,3
2975,126,23,,(e+bf)+cg,(X126V23O01+X126V23O02)+X126V23O03,operand-renamed_same-structure,3
2976,126,24,,(e+bf)+cg,(X126V24O01+X126V24O02)+X126V24O03,operand-renamed_same-structure,3
2977,127,1,,e+bÙc(f+cg),X127V01O01+X127V01O02(X127V01O03+X127V01O04),operand-renamed_same-structure,4
2978,127,2,,e+bÙc(f+cg),X127V02O01+X127V02O02(X127V02O03+X127V02O04),operand-renamed_same-structure,4
2979,127,3,,e+bÙc(f+cg),X127V03O01+X127V03O02(X127V03O03+X127V03O04),operand-renamed_same-structure,4
2980,127,4,,e+bÙc(f+cg),X127V04O01+X127V04O02(X127V04O03+X127V04O04),operand-renamed_same-structure,4
2981,127,5,,e+bÙc(f+cg),X127V05O01+X127V05O02(X127V05O03+X127V05O04),operand-renamed_same-structure,4
2982,127,6,,e+bÙc(f+cg),X127V06O01+X127V06O02(X127V06O03+X127V06O04),operand-renamed_same-structure,4
2983,127,7,,e+bÙc(f+cg),X127V07O01+X127V07O02(X127V07O03+X127V07O04),operand-renamed_same-structure,4
2984,127,8,,e+bÙc(f+cg),X127V08O01+X127V08O02(X127V08O03+X127V08O04),operand-renamed_same-structure,4
2985,127,9,,e+bÙc(f+cg),X127V09O01+X127V09O02(X127V09O03+X127V09O04),operand-renamed_same-structure,4
2986,127,10,,e+bÙc(f+cg),X127V10O01+X127V10O02(X127V10O03+X127V10O04),operand-renamed_same-structure,4
2987,127,11,,e+bÙc(f+cg),X127V11O01+X127V11O02(X127V11O03+X127V11O04),operand-renamed_same-structure,4
2988,127,12,,e+bÙc(f+cg),X127V12O01+X127V12O02(X127V12O03+X127V12O04),operand-renamed_same-structure,4
2989,127,13,,e+bÙc(f+cg),X127V13O01+X127V13O02(X127V13O03+X127V13O04),operand-renamed_same-structure,4
2990,127,14,,e+bÙc(f+cg),X127V14O01+X127V14O02(X127V14O03+X127V14O04),operand-renamed_same-structure,4
2991,127,15,,e+bÙc(f+cg),X127V15O01+X127V15O02(X127V15O03+X127V15O04),operand-renamed_same-structure,4
2992,127,16,,e+bÙc(f+cg),X127V16O01+X127V16O02(X127V16O03+X127V16O04),operand-renamed_same-structure,4
2993,127,17,,e+bÙc(f+cg),X127V17O01+X127V17O02(X127V17O03+X127V17O04),operand-renamed_same-structure,4
2994,127,18,,e+bÙc(f+cg),X127V18O01+X127V18O02(X127V18O03+X127V18O04),operand-renamed_same-structure,4
2995,127,19,,e+bÙc(f+cg),X127V19O01+X127V19O02(X127V19O03+X127V19O04),operand-renamed_same-structure,4
2996,127,20,,e+bÙc(f+cg),X127V20O01+X127V20O02(X127V20O03+X127V20O04),operand-renamed_same-structure,4
2997,127,21,,e+bÙc(f+cg),X127V21O01+X127V21O02(X127V21O03+X127V21O04),operand-renamed_same-structure,4
2998,127,22,,e+bÙc(f+cg),X127V22O01+X127V22O02(X127V22O03+X127V22O04),operand-renamed_same-structure,4
2999,127,23,,e+bÙc(f+cg),X127V23O01+X127V23O02(X127V23O03+X127V23O04),operand-renamed_same-structure,4
3000,127,24,,e+bÙc(f+cg),X127V24O01+X127V24O02(X127V24O03+X127V24O04),operand-renamed_same-structure,4
